{
    "type": "FeatureCollection",
    "features": [
        {
            "type": "Feature",
            "geometry": {
                "type": "Point",
                "coordinates": [
                    100.121017,
                    16.762039
                ]
            },
            "properties": {
                "id": 1144479462,
                "station_name": "บางระกำ",
                "tele_station_oldcode": "Y.16",
                "tele_station_name": "บางระกำ",
                "waterlevel_datetime": "2025-10-04 11:00",
                "waterlevel_msl": "42.57",
                "discharge": "421.50",
                "storage_percent": "144.99",
                "agency": "ชป.",
                "basin": "ลุ่มน้ำยม",
                "province": "พิษณุโลก",
                "amphoe": "บางระกำ",
                "tumbon": "บางระกำ",
                "river_name": "แม่น้ำยม"
            }
        },
        {
            "type": "Feature",
            "geometry": {
                "type": "Point",
                "coordinates": [
                    100.171837,
                    16.708111
                ]
            },
            "properties": {
                "id": 1144479470,
                "station_name": "บางระกำ",
                "tele_station_oldcode": "Y.64",
                "tele_station_name": "บางระกำ",
                "waterlevel_datetime": "2025-10-04 11:00",
                "waterlevel_msl": "42.42",
                "discharge": "675.40",
                "storage_percent": "143.17",
                "agency": "ชป.",
                "basin": "ลุ่มน้ำยม",
                "province": "พิษณุโลก",
                "amphoe": "บางระกำ",
                "tumbon": "บางระกำ",
                "river_name": "แม่น้ำยม"
            }
        },
        {
            "type": "Feature",
            "geometry": {
                "type": "Point",
                "coordinates": [
                    100.414391,
                    14.36851
                ]
            },
            "properties": {
                "id": 1144479457,
                "station_name": "สะพานหัวเวียง",
                "tele_station_oldcode": "C.67",
                "tele_station_name": "สะพานหัวเวียง",
                "waterlevel_datetime": "2025-10-04 11:00",
                "waterlevel_msl": "5.45",
                "discharge": null,
                "storage_percent": "128.94",
                "agency": "ชป.",
                "basin": "ลุ่มน้ำเจ้าพระยา",
                "province": "พระนครศรีอยุธยา",
                "amphoe": "เสนา",
                "tumbon": "หัวเวียง",
                "river_name": null
            }
        },
        {
            "type": "Feature",
            "geometry": {
                "type": "Point",
                "coordinates": [
                    100.44073,
                    14.41584
                ]
            },
            "properties": {
                "id": 1144484715,
                "station_name": "คลองบางหลวง",
                "tele_station_oldcode": "CPY009",
                "tele_station_name": "คลองบางหลวง",
                "waterlevel_datetime": "2025-10-04 12:00",
                "waterlevel_msl": "6.59",
                "discharge": null,
                "storage_percent": "126.21",
                "agency": "สสน.",
                "basin": "ลุ่มน้ำเจ้าพระยา",
                "province": "พระนครศรีอยุธยา",
                "amphoe": "บางบาล",
                "tumbon": "บางหลวงโดด",
                "river_name": "แม่น้ำน้อย"
            }
        },
        {
            "type": "Feature",
            "geometry": {
                "type": "Point",
                "coordinates": [
                    100.440804,
                    14.41588
                ]
            },
            "properties": {
                "id": 1144479436,
                "station_name": "บ้านบางหลวงโดด",
                "tele_station_oldcode": "C.36",
                "tele_station_name": "บ้านบางหลวงโดด",
                "waterlevel_datetime": "2025-10-04 11:00",
                "waterlevel_msl": "6.74",
                "discharge": "906.00",
                "storage_percent": "123.08",
                "agency": "ชป.",
                "basin": "ลุ่มน้ำเจ้าพระยา",
                "province": "พระนครศรีอยุธยา",
                "amphoe": "บางบาล",
                "tumbon": "บางหลวงโดด",
                "river_name": "แม่น้ำน้อย"
            }
        },
        {
            "type": "Feature",
            "geometry": {
                "type": "Point",
                "coordinates": [
                    105.33725,
                    15.931226
                ]
            },
            "properties": {
                "id": 1144480304,
                "station_name": "สะพานห้วยปากแซง",
                "tele_station_oldcode": "AIT010",
                "tele_station_name": "สะพานห้วยปากแซง",
                "waterlevel_datetime": "2025-10-04 11:40",
                "waterlevel_msl": "124.12",
                "discharge": null,
                "storage_percent": "121.09",
                "agency": "สสน.",
                "basin": "ลุ่มน้ำโขงตะวันออกเฉียงเหนือ",
                "province": "อุบลราชธานี",
                "amphoe": "นาตาล",
                "tumbon": "พะลาน",
                "river_name": "ห้วยปากแซง"
            }
        },
        {
            "type": "Feature",
            "geometry": {
                "type": "Point",
                "coordinates": [
                    104.020973,
                    15.04821
                ]
            },
            "properties": {
                "id": 1144478838,
                "station_name": "บ้านห้วยทับทัน",
                "tele_station_oldcode": "M.42",
                "tele_station_name": "บ้านห้วยทับทัน",
                "waterlevel_datetime": "2025-10-04 11:00",
                "waterlevel_msl": "128.95",
                "discharge": "324.90",
                "storage_percent": "118.32",
                "agency": "ชป.",
                "basin": "ลุ่มน้ำมูล",
                "province": "สุรินทร์",
                "amphoe": "สำโรงทาบ",
                "tumbon": "หมื่นศรี",
                "river_name": "ห้วยทับทัน"
            }
        },
        {
            "type": "Feature",
            "geometry": {
                "type": "Point",
                "coordinates": [
                    103.0984,
                    17.639353
                ]
            },
            "properties": {
                "id": 1144484779,
                "station_name": "บ้านดุง",
                "tele_station_oldcode": "KON005",
                "tele_station_name": "บ้านดุง",
                "waterlevel_datetime": "2025-10-04 12:00",
                "waterlevel_msl": "162.50",
                "discharge": null,
                "storage_percent": "115.62",
                "agency": "สสน.",
                "basin": "ลุ่มน้ำโขงตะวันออกเฉียงเหนือ",
                "province": "อุดรธานี",
                "amphoe": "บ้านดุง",
                "tumbon": "นาคำ",
                "river_name": "ห้วยหลวง"
            }
        },
        {
            "type": "Feature",
            "geometry": {
                "type": "Point",
                "coordinates": [
                    100.273598,
                    17.458919
                ]
            },
            "properties": {
                "id": 1142766332,
                "station_name": "บ้านวังปรากฏ  (N.72)",
                "tele_station_oldcode": "SKD08",
                "tele_station_name": "บ้านวังปรากฏ  (N.72)",
                "waterlevel_datetime": "2025-09-30 13:00",
                "waterlevel_msl": "70.52",
                "discharge": null,
                "storage_percent": "114.03",
                "agency": "กฟผ.",
                "basin": "ลุ่มน้ำน่าน",
                "province": "อุตรดิตถ์",
                "amphoe": "ทองแสนขัน",
                "tumbon": "ป่าคาย",
                "river_name": "คลองตรอน"
            }
        },
        {
            "type": "Feature",
            "geometry": {
                "type": "Point",
                "coordinates": [
                    100.84587,
                    17.10701
                ]
            },
            "properties": {
                "id": 1144484783,
                "station_name": "นครไทย",
                "tele_station_oldcode": "KWN001",
                "tele_station_name": "นครไทย",
                "waterlevel_datetime": "2025-10-04 12:00",
                "waterlevel_msl": "201.78",
                "discharge": null,
                "storage_percent": "113.17",
                "agency": "สสน.",
                "basin": "ลุ่มน้ำน่าน",
                "province": "พิษณุโลก",
                "amphoe": "นครไทย",
                "tumbon": "นครไทย",
                "river_name": "น้ำแควน้อย"
            }
        },
        {
            "type": "Feature",
            "geometry": {
                "type": "Point",
                "coordinates": [
                    100.62827,
                    17.253153
                ]
            },
            "properties": {
                "id": 1144484531,
                "station_name": "สะพานคลองท่าสะแก",
                "tele_station_oldcode": "MOU385",
                "tele_station_name": "สะพานคลองท่าสะแก",
                "waterlevel_datetime": "2025-10-04 12:00",
                "waterlevel_msl": "189.09",
                "discharge": null,
                "storage_percent": "112.73",
                "agency": "พพภ",
                "basin": "ลุ่มน้ำน่าน",
                "province": "พิษณุโลก",
                "amphoe": "ชาติตระการ",
                "tumbon": "ท่าสะแก",
                "river_name": "น้ำภาค"
            }
        },
        {
            "type": "Feature",
            "geometry": {
                "type": "Point",
                "coordinates": [
                    103.69052,
                    16.2593
                ]
            },
            "properties": {
                "id": 1144485027,
                "station_name": "คลองปาว",
                "tele_station_oldcode": "TBW025",
                "tele_station_name": "คลองปาว",
                "waterlevel_datetime": "2025-10-04 12:00",
                "waterlevel_msl": "134.25",
                "discharge": null,
                "storage_percent": "112.55",
                "agency": "สสน.",
                "basin": "ลุ่มน้ำชี",
                "province": "กาฬสินธุ์",
                "amphoe": "ร่องคำ",
                "tumbon": "เหล่าอ้อย",
                "river_name": "ลำปาว"
            }
        },
        {
            "type": "Feature",
            "geometry": {
                "type": "Point",
                "coordinates": [
                    104.859131,
                    15.22263
                ]
            },
            "properties": {
                "id": 1144478831,
                "station_name": "สะพานเสรีประชาธิปไตย",
                "tele_station_oldcode": "M.7",
                "tele_station_name": "สะพานเสรีประชาธิปไตย",
                "waterlevel_datetime": "2025-10-04 11:00",
                "waterlevel_msl": "113.36",
                "discharge": "3061.00",
                "storage_percent": "112.08",
                "agency": "ชป.",
                "basin": "ลุ่มน้ำมูล",
                "province": "อุบลราชธานี",
                "amphoe": "วารินชำราบ",
                "tumbon": "วารินชำราบ",
                "river_name": "แม่น้ำมูล"
            }
        },
        {
            "type": "Feature",
            "geometry": {
                "type": "Point",
                "coordinates": [
                    100.330872,
                    16.4695
                ]
            },
            "properties": {
                "id": 1144479474,
                "station_name": "บ้านราชช้างขวัญ",
                "tele_station_oldcode": "N.7A",
                "tele_station_name": "บ้านราชช้างขวัญ",
                "waterlevel_datetime": "2025-10-04 11:00",
                "waterlevel_msl": "37.36",
                "discharge": "1217.00",
                "storage_percent": "111.70",
                "agency": "ชป.",
                "basin": "ลุ่มน้ำน่าน",
                "province": "พิจิตร",
                "amphoe": "เมืองพิจิตร",
                "tumbon": "ปากทาง",
                "river_name": "แม่น้ำน่าน"
            }
        },
        {
            "type": "Feature",
            "geometry": {
                "type": "Point",
                "coordinates": [
                    100.327866,
                    16.67054
                ]
            },
            "properties": {
                "id": 1144484462,
                "station_name": "สะพานวัดมงคลร่วมใจ (บ้านวังสาร)",
                "tele_station_oldcode": "FOP022",
                "tele_station_name": "สะพานวัดมงคลร่วมใจ (บ้านวังสาร)",
                "waterlevel_datetime": "2025-10-04 12:00",
                "waterlevel_msl": "39.67",
                "discharge": null,
                "storage_percent": "111.41",
                "agency": "พพภ",
                "basin": "ลุ่มน้ำน่าน",
                "province": "พิษณุโลก",
                "amphoe": "บางกระทุ่ม",
                "tumbon": "ท่าตาล",
                "river_name": "คลองวังน้ำใส"
            }
        },
        {
            "type": "Feature",
            "geometry": {
                "type": "Point",
                "coordinates": [
                    100.114769,
                    14.47046
                ]
            },
            "properties": {
                "id": 1144485875,
                "station_name": "บ้านวัดพระรูป",
                "tele_station_oldcode": "T.10",
                "tele_station_name": "บ้านวัดพระรูป",
                "waterlevel_datetime": "2025-10-04 12:00",
                "waterlevel_msl": "4.12",
                "discharge": null,
                "storage_percent": "110.44",
                "agency": "ชป.",
                "basin": "ลุ่มน้ำท่าจีน",
                "province": "สุพรรณบุรี",
                "amphoe": "เมืองสุพรรณบุรี",
                "tumbon": "ท่าพี่เลี้ยง",
                "river_name": "แม่น้ำสุพรรณ"
            }
        },
        {
            "type": "Feature",
            "geometry": {
                "type": "Point",
                "coordinates": [
                    100.259903,
                    16.09481
                ]
            },
            "properties": {
                "id": 1144479511,
                "station_name": "หน้าอำเภอโพทะเล",
                "tele_station_oldcode": "Y.5",
                "tele_station_name": "หน้าอำเภอโพทะเล",
                "waterlevel_datetime": "2025-10-04 11:00",
                "waterlevel_msl": "30.75",
                "discharge": null,
                "storage_percent": "110.07",
                "agency": "ชป.",
                "basin": "ลุ่มน้ำยม",
                "province": "พิจิตร",
                "amphoe": "โพทะเล",
                "tumbon": "โพทะเล",
                "river_name": "แม่น้ำยม"
            }
        },
        {
            "type": "Feature",
            "geometry": {
                "type": "Point",
                "coordinates": [
                    104.026749,
                    15.85685
                ]
            },
            "properties": {
                "id": 1144481261,
                "station_name": "บ้านดอนยาง",
                "tele_station_oldcode": "E.102",
                "tele_station_name": "บ้านดอนยาง",
                "waterlevel_datetime": "2025-10-04 11:00",
                "waterlevel_msl": "128.93",
                "discharge": null,
                "storage_percent": "108.88",
                "agency": "ชป.",
                "basin": "ลุ่มน้ำชี",
                "province": "ยโสธร",
                "amphoe": "เมืองยโสธร",
                "tumbon": "ค้อเหนือ",
                "river_name": "ลำน้ำยัง"
            }
        },
        {
            "type": "Feature",
            "geometry": {
                "type": "Point",
                "coordinates": [
                    104.889885,
                    16.345835
                ]
            },
            "properties": {
                "id": 1144484640,
                "station_name": "สะพานบังอี่",
                "tele_station_oldcode": "AIT009",
                "tele_station_name": "สะพานบังอี่",
                "waterlevel_datetime": "2025-10-04 12:00",
                "waterlevel_msl": "132.57",
                "discharge": null,
                "storage_percent": "108.42",
                "agency": "สสน.",
                "basin": "ลุ่มน้ำโขงตะวันออกเฉียงเหนือ",
                "province": "มุกดาหาร",
                "amphoe": "ดอนตาล",
                "tumbon": "โพธิ์ไทร",
                "river_name": "ห้วยบังอี"
            }
        },
        {
            "type": "Feature",
            "geometry": {
                "type": "Point",
                "coordinates": [
                    103.271019,
                    16.231939
                ]
            },
            "properties": {
                "id": 1144481223,
                "station_name": "บ้านดินดำ",
                "tele_station_oldcode": "E.8A",
                "tele_station_name": "บ้านดินดำ",
                "waterlevel_datetime": "2025-10-04 11:00",
                "waterlevel_msl": "143.26",
                "discharge": "793.75",
                "storage_percent": "108.04",
                "agency": "ชป.",
                "basin": "ลุ่มน้ำชี",
                "province": "มหาสารคาม",
                "amphoe": "เมืองมหาสารคาม",
                "tumbon": "เกิ้ง",
                "river_name": "แม่น้ำชี"
            }
        },
        {
            "type": "Feature",
            "geometry": {
                "type": "Point",
                "coordinates": [
                    102.797394,
                    17.482571
                ]
            },
            "properties": {
                "id": 1144481255,
                "station_name": "บ้านโนนตูม",
                "tele_station_oldcode": "Kh.103",
                "tele_station_name": "บ้านโนนตูม",
                "waterlevel_datetime": "2025-10-04 11:00",
                "waterlevel_msl": "171.84",
                "discharge": "152.00",
                "storage_percent": "107.09",
                "agency": "ชป.",
                "basin": "ลุ่มน้ำโขงตะวันออกเฉียงเหนือ",
                "province": "อุดรธานี",
                "amphoe": "เมืองอุดรธานี",
                "tumbon": "หมูม่น",
                "river_name": "ห้วยหลวง"
            }
        },
        {
            "type": "Feature",
            "geometry": {
                "type": "Point",
                "coordinates": [
                    101.162079,
                    16.42322
                ]
            },
            "properties": {
                "id": 1144479531,
                "station_name": "ต.ในเมือง",
                "tele_station_oldcode": "S.4B",
                "tele_station_name": "ต.ในเมือง",
                "waterlevel_datetime": "2025-10-04 11:00",
                "waterlevel_msl": "116.11",
                "discharge": "223.00",
                "storage_percent": "106.52",
                "agency": "ชป.",
                "basin": "ลุ่มน้ำป่าสัก",
                "province": "เพชรบูรณ์",
                "amphoe": "เมืองเพชรบูรณ์",
                "tumbon": "ในเมือง",
                "river_name": "แม่น้ำป่าสัก"
            }
        },
        {
            "type": "Feature",
            "geometry": {
                "type": "Point",
                "coordinates": [
                    100.528732,
                    14.3691
                ]
            },
            "properties": {
                "id": 1144479435,
                "station_name": "บ้านป้อม",
                "tele_station_oldcode": "C.35",
                "tele_station_name": "บ้านป้อม",
                "waterlevel_datetime": "2025-10-04 11:00",
                "waterlevel_msl": "5.23",
                "discharge": "1416.00",
                "storage_percent": "106.47",
                "agency": "ชป.",
                "basin": "ลุ่มน้ำเจ้าพระยา",
                "province": "พระนครศรีอยุธยา",
                "amphoe": "พระนครศรีอยุธยา",
                "tumbon": "บ้านป้อม",
                "river_name": "แม่น้ำเจ้าพระยา"
            }
        },
        {
            "type": "Feature",
            "geometry": {
                "type": "Point",
                "coordinates": [
                    102.79708,
                    17.48233
                ]
            },
            "properties": {
                "id": 1144484778,
                "station_name": "เมืองอุดรธานี",
                "tele_station_oldcode": "KON004",
                "tele_station_name": "เมืองอุดรธานี",
                "waterlevel_datetime": "2025-10-04 12:00",
                "waterlevel_msl": "171.89",
                "discharge": null,
                "storage_percent": "106.05",
                "agency": "สสน.",
                "basin": "ลุ่มน้ำโขงตะวันออกเฉียงเหนือ",
                "province": "อุดรธานี",
                "amphoe": "เมืองอุดรธานี",
                "tumbon": "หมูม่น",
                "river_name": "ห้วยหลวง"
            }
        },
        {
            "type": "Feature",
            "geometry": {
                "type": "Point",
                "coordinates": [
                    104.134857,
                    15.79962
                ]
            },
            "properties": {
                "id": 1144481220,
                "station_name": "ประปายโสธร",
                "tele_station_oldcode": "E.2A",
                "tele_station_name": "ประปายโสธร",
                "waterlevel_datetime": "2025-10-04 11:00",
                "waterlevel_msl": "126.71",
                "discharge": "1418.75",
                "storage_percent": "106.04",
                "agency": "ชป.",
                "basin": "ลุ่มน้ำชี",
                "province": "ยโสธร",
                "amphoe": "เมืองยโสธร",
                "tumbon": "ในเมือง",
                "river_name": "แม่น้ำชี"
            }
        },
        {
            "type": "Feature",
            "geometry": {
                "type": "Point",
                "coordinates": [
                    104.249657,
                    15.52481
                ]
            },
            "properties": {
                "id": 1144481227,
                "station_name": "บ้านฟ้าหยาด",
                "tele_station_oldcode": "E.20A",
                "tele_station_name": "บ้านฟ้าหยาด",
                "waterlevel_datetime": "2025-10-04 11:00",
                "waterlevel_msl": "122.72",
                "discharge": "1370.00",
                "storage_percent": "105.89",
                "agency": "ชป.",
                "basin": "ลุ่มน้ำชี",
                "province": "ยโสธร",
                "amphoe": "มหาชนะชัย",
                "tumbon": "ฟ้าหยาด",
                "river_name": "แม่น้ำชี"
            }
        },
        {
            "type": "Feature",
            "geometry": {
                "type": "Point",
                "coordinates": [
                    103.527641,
                    16.20825
                ]
            },
            "properties": {
                "id": 1144481235,
                "station_name": "บ้านม่วงลาด",
                "tele_station_oldcode": "E.66A",
                "tele_station_name": "บ้านม่วงลาด",
                "waterlevel_datetime": "2025-10-04 11:00",
                "waterlevel_msl": "139.16",
                "discharge": "805.60",
                "storage_percent": "105.64",
                "agency": "ชป.",
                "basin": "ลุ่มน้ำชี",
                "province": "ร้อยเอ็ด",
                "amphoe": "จังหาร",
                "tumbon": "ม่วงลาด",
                "river_name": "แม่น้ำชี"
            }
        },
        {
            "type": "Feature",
            "geometry": {
                "type": "Point",
                "coordinates": [
                    104.28878,
                    15.10227
                ]
            },
            "properties": {
                "id": 1144483099,
                "station_name": "สะพานน้ำห้วยสำราญ",
                "tele_station_oldcode": "MOU244",
                "tele_station_name": "สะพานน้ำห้วยสำราญ",
                "waterlevel_datetime": "2025-10-04 11:50",
                "waterlevel_msl": "119.48",
                "discharge": null,
                "storage_percent": "105.38",
                "agency": "พพภ",
                "basin": "ลุ่มน้ำมูล",
                "province": "ศรีสะเกษ",
                "amphoe": "เมืองศรีสะเกษ",
                "tumbon": "หนองไผ่",
                "river_name": "ห้วยสำราญ"
            }
        },
        {
            "type": "Feature",
            "geometry": {
                "type": "Point",
                "coordinates": [
                    100.41396,
                    16.27034
                ]
            },
            "properties": {
                "id": 1144484859,
                "station_name": "ตะพานหิน",
                "tele_station_oldcode": "NAN007",
                "tele_station_name": "ตะพานหิน",
                "waterlevel_datetime": "2025-10-04 12:00",
                "waterlevel_msl": "34.82",
                "discharge": null,
                "storage_percent": "105.29",
                "agency": "สสน.",
                "basin": "ลุ่มน้ำน่าน",
                "province": "พิจิตร",
                "amphoe": "ตะพานหิน",
                "tumbon": "งิ้วราย",
                "river_name": "แม่น้ำน่าน"
            }
        },
        {
            "type": "Feature",
            "geometry": {
                "type": "Point",
                "coordinates": [
                    100.55606,
                    14.42734
                ]
            },
            "properties": {
                "id": 1144484785,
                "station_name": "บางปะหัน",
                "tele_station_oldcode": "LBI001",
                "tele_station_name": "บางปะหัน",
                "waterlevel_datetime": "2025-10-04 12:00",
                "waterlevel_msl": "5.16",
                "discharge": null,
                "storage_percent": "105.18",
                "agency": "สสน.",
                "basin": "ลุ่มน้ำเจ้าพระยา",
                "province": "พระนครศรีอยุธยา",
                "amphoe": "บางปะหัน",
                "tumbon": "โพธิ์สามต้น",
                "river_name": "แม่น้ำลพบุรี"
            }
        },
        {
            "type": "Feature",
            "geometry": {
                "type": "Point",
                "coordinates": [
                    102.823486,
                    16.65448
                ]
            },
            "properties": {
                "id": 1144481229,
                "station_name": "บ้านท่าเม่า",
                "tele_station_oldcode": "E.22B",
                "tele_station_name": "บ้านท่าเม่า",
                "waterlevel_datetime": "2025-10-04 11:00",
                "waterlevel_msl": "161.43",
                "discharge": "496.56",
                "storage_percent": "105.14",
                "agency": "ชป.",
                "basin": "ลุ่มน้ำชี",
                "province": "ขอนแก่น",
                "amphoe": "น้ำพอง",
                "tumbon": "ม่วงหวาน",
                "river_name": "ลำน้ำพอง"
            }
        },
        {
            "type": "Feature",
            "geometry": {
                "type": "Point",
                "coordinates": [
                    100.484833,
                    14.36319
                ]
            },
            "properties": {
                "id": 1144479437,
                "station_name": "บ้านบางบาล",
                "tele_station_oldcode": "C.37",
                "tele_station_name": "บ้านบางบาล",
                "waterlevel_datetime": "2025-10-04 11:00",
                "waterlevel_msl": "4.46",
                "discharge": "139.00",
                "storage_percent": "104.46",
                "agency": "ชป.",
                "basin": "ลุ่มน้ำเจ้าพระยา",
                "province": "พระนครศรีอยุธยา",
                "amphoe": "บางบาล",
                "tumbon": "สะพานไทย",
                "river_name": "คลองบางบาล"
            }
        },
        {
            "type": "Feature",
            "geometry": {
                "type": "Point",
                "coordinates": [
                    100.7199,
                    14.56018
                ]
            },
            "properties": {
                "id": 1144484909,
                "station_name": "ท่าเรือ",
                "tele_station_oldcode": "PAS008",
                "tele_station_name": "ท่าเรือ",
                "waterlevel_datetime": "2025-10-04 12:00",
                "waterlevel_msl": "6.59",
                "discharge": null,
                "storage_percent": "104.00",
                "agency": "สสน.",
                "basin": "ลุ่มน้ำป่าสัก",
                "province": "พระนครศรีอยุธยา",
                "amphoe": "ท่าเรือ",
                "tumbon": "ท่าเรือ",
                "river_name": "แม่น้ำป่าสัก"
            }
        },
        {
            "type": "Feature",
            "geometry": {
                "type": "Point",
                "coordinates": [
                    101.38684,
                    14.053461
                ]
            },
            "properties": {
                "id": 1144484929,
                "station_name": "เมืองปราจีนบุรี",
                "tele_station_oldcode": "PRC002",
                "tele_station_name": "เมืองปราจีนบุรี",
                "waterlevel_datetime": "2025-10-04 12:00",
                "waterlevel_msl": "4.40",
                "discharge": null,
                "storage_percent": "104.00",
                "agency": "สสน.",
                "basin": "ลุ่มน้ำบางปะกง",
                "province": "ปราจีนบุรี",
                "amphoe": "เมืองปราจีนบุรี",
                "tumbon": "หน้าเมือง",
                "river_name": "แม่น้ำบางปะกง"
            }
        },
        {
            "type": "Feature",
            "geometry": {
                "type": "Point",
                "coordinates": [
                    100.082825,
                    17.2944
                ]
            },
            "properties": {
                "id": 1144484856,
                "station_name": "พิชัย",
                "tele_station_oldcode": "NAN004",
                "tele_station_name": "พิชัย",
                "waterlevel_datetime": "2025-10-04 12:00",
                "waterlevel_msl": "51.82",
                "discharge": null,
                "storage_percent": "103.57",
                "agency": "สสน.",
                "basin": "ลุ่มน้ำน่าน",
                "province": "อุตรดิตถ์",
                "amphoe": "พิชัย",
                "tumbon": "ในเมือง",
                "river_name": "แม่น้ำน่าน"
            }
        },
        {
            "type": "Feature",
            "geometry": {
                "type": "Point",
                "coordinates": [
                    103.846603,
                    16.115801
                ]
            },
            "properties": {
                "id": 1144481242,
                "station_name": "บ้านธวัชดินแดง",
                "tele_station_oldcode": "E.95A",
                "tele_station_name": "บ้านธวัชดินแดง",
                "waterlevel_datetime": "2025-10-04 11:00",
                "waterlevel_msl": "132.44",
                "discharge": "1009.50",
                "storage_percent": "103.38",
                "agency": "ชป.",
                "basin": "ลุ่มน้ำชี",
                "province": "ร้อยเอ็ด",
                "amphoe": "ธวัชบุรี",
                "tumbon": "ธงธานี",
                "river_name": "แม่น้ำชี"
            }
        },
        {
            "type": "Feature",
            "geometry": {
                "type": "Point",
                "coordinates": [
                    102.419075,
                    16.48885
                ]
            },
            "properties": {
                "id": 1144484789,
                "station_name": "สะพานข้ามลำน้ำเชิญ (มิตรผลหนองเรือ)",
                "tele_station_oldcode": "MITP01",
                "tele_station_name": "สะพานข้ามลำน้ำเชิญ (มิตรผลหนองเรือ)",
                "waterlevel_datetime": "2025-10-04 12:00",
                "waterlevel_msl": "183.03",
                "discharge": null,
                "storage_percent": "103.33",
                "agency": "สสน.",
                "basin": "ลุ่มน้ำชี",
                "province": "ขอนแก่น",
                "amphoe": "หนองเรือ",
                "tumbon": "หนองเรือ",
                "river_name": "ลำเชิญ"
            }
        },
        {
            "type": "Feature",
            "geometry": {
                "type": "Point",
                "coordinates": [
                    100.45184,
                    14.7909
                ]
            },
            "properties": {
                "id": 1144484713,
                "station_name": "พรหมบุรี",
                "tele_station_oldcode": "CPY007",
                "tele_station_name": "พรหมบุรี",
                "waterlevel_datetime": "2025-10-04 12:00",
                "waterlevel_msl": "10.70",
                "discharge": null,
                "storage_percent": "102.90",
                "agency": "สสน.",
                "basin": "ลุ่มน้ำเจ้าพระยา",
                "province": "สิงห์บุรี",
                "amphoe": "พรหมบุรี",
                "tumbon": "พรหมบุรี",
                "river_name": "แม่น้ำเจ้าพระยา"
            }
        },
        {
            "type": "Feature",
            "geometry": {
                "type": "Point",
                "coordinates": [
                    100.12746,
                    14.1566
                ]
            },
            "properties": {
                "id": 1144485048,
                "station_name": "บางตาเถร",
                "tele_station_oldcode": "THA006",
                "tele_station_name": "บางตาเถร",
                "waterlevel_datetime": "2025-10-04 12:00",
                "waterlevel_msl": "2.24",
                "discharge": null,
                "storage_percent": "102.38",
                "agency": "สสน.",
                "basin": "ลุ่มน้ำท่าจีน",
                "province": "สุพรรณบุรี",
                "amphoe": "สองพี่น้อง",
                "tumbon": "บางตาเถร",
                "river_name": "แม่น้ำท่าจีน"
            }
        },
        {
            "type": "Feature",
            "geometry": {
                "type": "Point",
                "coordinates": [
                    101.972321,
                    13.93635
                ]
            },
            "properties": {
                "id": 1144480773,
                "station_name": "บ้านแก้ง",
                "tele_station_oldcode": "Kgt.12A",
                "tele_station_name": "บ้านแก้ง",
                "waterlevel_datetime": "2025-10-04 11:00",
                "waterlevel_msl": "21.19",
                "discharge": "114.65",
                "storage_percent": "102.24",
                "agency": "ชป.",
                "basin": "ลุ่มน้ำบางปะกง",
                "province": "สระแก้ว",
                "amphoe": "เมืองสระแก้ว",
                "tumbon": "บ้านแก้ง",
                "river_name": "คลองพระปรง"
            }
        },
        {
            "type": "Feature",
            "geometry": {
                "type": "Point",
                "coordinates": [
                    100.24476,
                    16.86469
                ]
            },
            "properties": {
                "id": 1144484864,
                "station_name": "เมืองพิษณุโลก",
                "tele_station_oldcode": "NAN012",
                "tele_station_name": "เมืองพิษณุโลก",
                "waterlevel_datetime": "2025-10-04 12:00",
                "waterlevel_msl": "45.60",
                "discharge": null,
                "storage_percent": "102.13",
                "agency": "สสน.",
                "basin": "ลุ่มน้ำน่าน",
                "province": "พิษณุโลก",
                "amphoe": "เมืองพิษณุโลก",
                "tumbon": "ปากโทก",
                "river_name": "แม่น้ำน่าน"
            }
        },
        {
            "type": "Feature",
            "geometry": {
                "type": "Point",
                "coordinates": [
                    101.01959,
                    14.113654
                ]
            },
            "properties": {
                "id": 1144484872,
                "station_name": "องครักษ์",
                "tele_station_oldcode": "NYK000",
                "tele_station_name": "องครักษ์",
                "waterlevel_datetime": "2025-10-04 12:00",
                "waterlevel_msl": "2.69",
                "discharge": null,
                "storage_percent": "101.97",
                "agency": "สสน.",
                "basin": "ลุ่มน้ำบางปะกง",
                "province": "นครนายก",
                "amphoe": "องครักษ์",
                "tumbon": "องครักษ์",
                "river_name": "แม่น้ำนครนายก"
            }
        },
        {
            "type": "Feature",
            "geometry": {
                "type": "Point",
                "coordinates": [
                    100.175087,
                    14.05221
                ]
            },
            "properties": {
                "id": 1144485878,
                "station_name": "วัดบางไผ่นารถ",
                "tele_station_oldcode": "T.15",
                "tele_station_name": "วัดบางไผ่นารถ",
                "waterlevel_datetime": "2025-10-04 12:00",
                "waterlevel_msl": "1.94",
                "discharge": null,
                "storage_percent": "101.86",
                "agency": "ชป.",
                "basin": "ลุ่มน้ำท่าจีน",
                "province": "นครปฐม",
                "amphoe": "บางเลน",
                "tumbon": "บางไทรป่า",
                "river_name": "แม่น้ำท่าจีน"
            }
        },
        {
            "type": "Feature",
            "geometry": {
                "type": "Point",
                "coordinates": [
                    99.860977,
                    17.16888
                ]
            },
            "properties": {
                "id": 1144479467,
                "station_name": "บ้านคลองตาล",
                "tele_station_oldcode": "Y.33",
                "tele_station_name": "บ้านคลองตาล",
                "waterlevel_datetime": "2025-10-04 11:00",
                "waterlevel_msl": "57.22",
                "discharge": "712.70",
                "storage_percent": "101.84",
                "agency": "ชป.",
                "basin": "ลุ่มน้ำยม",
                "province": "สุโขทัย",
                "amphoe": "ศรีสำโรง",
                "tumbon": "คลองตาล",
                "river_name": "แม่น้ำยม"
            }
        },
        {
            "type": "Feature",
            "geometry": {
                "type": "Point",
                "coordinates": [
                    104.546524,
                    15.322514
                ]
            },
            "properties": {
                "id": 1144484689,
                "station_name": "เขื่องใน",
                "tele_station_oldcode": "CHI011",
                "tele_station_name": "เขื่องใน",
                "waterlevel_datetime": "2025-10-04 12:00",
                "waterlevel_msl": "116.99",
                "discharge": null,
                "storage_percent": "101.69",
                "agency": "สสน.",
                "basin": "ลุ่มน้ำชี",
                "province": "อุบลราชธานี",
                "amphoe": "เขื่องใน",
                "tumbon": "เขื่องใน",
                "river_name": "แม่น้ำชี"
            }
        },
        {
            "type": "Feature",
            "geometry": {
                "type": "Point",
                "coordinates": [
                    100.180054,
                    17.030781
                ]
            },
            "properties": {
                "id": 1144479481,
                "station_name": "ท้ายเขื่อนนเรศวร",
                "tele_station_oldcode": "N.27A",
                "tele_station_name": "ท้ายเขื่อนนเรศวร",
                "waterlevel_datetime": "2025-10-04 11:00",
                "waterlevel_msl": "48.46",
                "discharge": "1154.00",
                "storage_percent": "101.63",
                "agency": "ชป.",
                "basin": "ลุ่มน้ำน่าน",
                "province": "พิษณุโลก",
                "amphoe": "พรหมพิราม",
                "tumbon": "พรหมพิราม",
                "river_name": "แม่น้ำน่าน"
            }
        },
        {
            "type": "Feature",
            "geometry": {
                "type": "Point",
                "coordinates": [
                    103.476936,
                    14.85738
                ]
            },
            "properties": {
                "id": 1144478819,
                "station_name": "ศูนย์วิจัยและพัฒนาประมงน้ำจืดสุรินทร์",
                "tele_station_oldcode": "M.187",
                "tele_station_name": "ศูนย์วิจัยและพัฒนาประมงน้ำจืดสุรินทร์",
                "waterlevel_datetime": "2025-10-04 11:00",
                "waterlevel_msl": "140.46",
                "discharge": "56.08",
                "storage_percent": "101.58",
                "agency": "ชป.",
                "basin": "ลุ่มน้ำมูล",
                "province": "สุรินทร์",
                "amphoe": "เมืองสุรินทร์",
                "tumbon": "นอกเมือง",
                "river_name": "ห้วยเสนง"
            }
        },
        {
            "type": "Feature",
            "geometry": {
                "type": "Point",
                "coordinates": [
                    101.170166,
                    16.447937
                ]
            },
            "properties": {
                "id": 1143182151,
                "station_name": "เมืองเพชรบูรณ์",
                "tele_station_oldcode": "PAS002",
                "tele_station_name": "เมืองเพชรบูรณ์",
                "waterlevel_datetime": "2025-10-01 11:50",
                "waterlevel_msl": "117.26",
                "discharge": null,
                "storage_percent": "101.56",
                "agency": "สสน.",
                "basin": "ลุ่มน้ำป่าสัก",
                "province": "เพชรบูรณ์",
                "amphoe": "เมืองเพชรบูรณ์",
                "tumbon": "สะเดียง",
                "river_name": "แม่น้ำป่าสัก"
            }
        },
        {
            "type": "Feature",
            "geometry": {
                "type": "Point",
                "coordinates": [
                    101.983223,
                    16.590509
                ]
            },
            "properties": {
                "id": 1144481238,
                "station_name": "บ้านโนนหัน",
                "tele_station_oldcode": "E.85",
                "tele_station_name": "บ้านโนนหัน",
                "waterlevel_datetime": "2025-10-04 11:00",
                "waterlevel_msl": "230.06",
                "discharge": "109.00",
                "storage_percent": "101.22",
                "agency": "ชป.",
                "basin": "ลุ่มน้ำชี",
                "province": "ชัยภูมิ",
                "amphoe": "คอนสาร",
                "tumbon": "ดงบัง",
                "river_name": "ลำเชิญ"
            }
        },
        {
            "type": "Feature",
            "geometry": {
                "type": "Point",
                "coordinates": [
                    102.009552,
                    15.68176
                ]
            },
            "properties": {
                "id": 1144481230,
                "station_name": "บ้านค่าย",
                "tele_station_oldcode": "E.23",
                "tele_station_name": "บ้านค่าย",
                "waterlevel_datetime": "2025-10-04 11:00",
                "waterlevel_msl": "185.29",
                "discharge": "308.00",
                "storage_percent": "101.17",
                "agency": "ชป.",
                "basin": "ลุ่มน้ำชี",
                "province": "ชัยภูมิ",
                "amphoe": "เนินสง่า",
                "tumbon": "กะฮาด",
                "river_name": "แม่น้ำชี"
            }
        },
        {
            "type": "Feature",
            "geometry": {
                "type": "Point",
                "coordinates": [
                    100.56649,
                    14.3045
                ]
            },
            "properties": {
                "id": 1144068429,
                "station_name": "บางปะอิน",
                "tele_station_oldcode": "CPY012",
                "tele_station_name": "บางปะอิน",
                "waterlevel_datetime": "2025-10-03 12:30",
                "waterlevel_msl": "2.74",
                "discharge": null,
                "storage_percent": "101.10",
                "agency": "สสน.",
                "basin": "ลุ่มน้ำเจ้าพระยา",
                "province": "พระนครศรีอยุธยา",
                "amphoe": "บางปะอิน",
                "tumbon": "ขนอนหลวง",
                "river_name": "แม่น้ำเจ้าพระยา"
            }
        },
        {
            "type": "Feature",
            "geometry": {
                "type": "Point",
                "coordinates": [
                    104.15235,
                    15.339514
                ]
            },
            "properties": {
                "id": 1144484848,
                "station_name": "ราษีไศล",
                "tele_station_oldcode": "MUN005",
                "tele_station_name": "ราษีไศล",
                "waterlevel_datetime": "2025-10-04 12:00",
                "waterlevel_msl": "118.22",
                "discharge": null,
                "storage_percent": "101.04",
                "agency": "สสน.",
                "basin": "ลุ่มน้ำมูล",
                "province": "ศรีสะเกษ",
                "amphoe": "ราษีไศล",
                "tumbon": "เมืองคง",
                "river_name": "แม่น้ำมูล"
            }
        },
        {
            "type": "Feature",
            "geometry": {
                "type": "Point",
                "coordinates": [
                    100.127907,
                    14.157
                ]
            },
            "properties": {
                "id": 1144485876,
                "station_name": "บ้านบางการ้อง",
                "tele_station_oldcode": "T.13",
                "tele_station_name": "บ้านบางการ้อง",
                "waterlevel_datetime": "2025-10-04 12:00",
                "waterlevel_msl": "2.44",
                "discharge": null,
                "storage_percent": "100.57",
                "agency": "ชป.",
                "basin": "ลุ่มน้ำท่าจีน",
                "province": "สุพรรณบุรี",
                "amphoe": "สองพี่น้อง",
                "tumbon": "บางตาเถร",
                "river_name": "แม่น้ำท่าจีน"
            }
        },
        {
            "type": "Feature",
            "geometry": {
                "type": "Point",
                "coordinates": [
                    103.37887,
                    14.875548
                ]
            },
            "properties": {
                "id": 1144484849,
                "station_name": "เมืองสุรินทร์",
                "tele_station_oldcode": "MUN009",
                "tele_station_name": "เมืองสุรินทร์",
                "waterlevel_datetime": "2025-10-04 12:00",
                "waterlevel_msl": "137.35",
                "discharge": null,
                "storage_percent": "100.26",
                "agency": "สสน.",
                "basin": "ลุ่มน้ำมูล",
                "province": "สุรินทร์",
                "amphoe": "เมืองสุรินทร์",
                "tumbon": "ตระแสง",
                "river_name": "ลำชี"
            }
        },
        {
            "type": "Feature",
            "geometry": {
                "type": "Point",
                "coordinates": [
                    100.08348,
                    15.25031
                ]
            },
            "properties": {
                "id": 1144484710,
                "station_name": "สะพานธรรมจักร(วัดธรรมามูล)",
                "tele_station_oldcode": "CPY004",
                "tele_station_name": "สะพานธรรมจักร(วัดธรรมามูล)",
                "waterlevel_datetime": "2025-10-04 12:00",
                "waterlevel_msl": "17.58",
                "discharge": null,
                "storage_percent": "100.25",
                "agency": "สสน.",
                "basin": "ลุ่มน้ำเจ้าพระยา",
                "province": "ชัยนาท",
                "amphoe": "เมืองชัยนาท",
                "tumbon": "ธรรมามูล",
                "river_name": "แม่น้ำเจ้าพระยา"
            }
        },
        {
            "type": "Feature",
            "geometry": {
                "type": "Point",
                "coordinates": [
                    101.088623,
                    15.5783
                ]
            },
            "properties": {
                "id": 1144479494,
                "station_name": "บ้านบ่อวัง",
                "tele_station_oldcode": "S.42",
                "tele_station_name": "บ้านบ่อวัง",
                "waterlevel_datetime": "2025-10-04 11:00",
                "waterlevel_msl": "62.81",
                "discharge": "252.10",
                "storage_percent": "100.24",
                "agency": "ชป.",
                "basin": "ลุ่มน้ำป่าสัก",
                "province": "เพชรบูรณ์",
                "amphoe": "วิเชียรบุรี",
                "tumbon": "สระประดู่",
                "river_name": "แม่น้ำป่าสัก"
            }
        },
        {
            "type": "Feature",
            "geometry": {
                "type": "Point",
                "coordinates": [
                    100.260696,
                    16.81514
                ]
            },
            "properties": {
                "id": 1144479472,
                "station_name": "ต.ในเมือง",
                "tele_station_oldcode": "N.5A",
                "tele_station_name": "ต.ในเมือง",
                "waterlevel_datetime": "2025-10-04 11:00",
                "waterlevel_msl": "44.87",
                "discharge": "1367.00",
                "storage_percent": "100.00",
                "agency": "ชป.",
                "basin": "ลุ่มน้ำน่าน",
                "province": "พิษณุโลก",
                "amphoe": "เมืองพิษณุโลก",
                "tumbon": "ในเมือง",
                "river_name": "แม่น้ำน่าน"
            }
        },
        {
            "type": "Feature",
            "geometry": {
                "type": "Point",
                "coordinates": [
                    102.428299,
                    15.21996
                ]
            },
            "properties": {
                "id": 1144478846,
                "station_name": "บ้านซึม",
                "tele_station_oldcode": "M.184",
                "tele_station_name": "บ้านซึม",
                "waterlevel_datetime": "2025-10-04 11:00",
                "waterlevel_msl": "155.29",
                "discharge": "131.40",
                "storage_percent": "99.82",
                "agency": "ชป.",
                "basin": "ลุ่มน้ำมูล",
                "province": "นครราชสีมา",
                "amphoe": "พิมาย",
                "tumbon": "สัมฤทธิ์",
                "river_name": "แม่น้ำมูล"
            }
        },
        {
            "type": "Feature",
            "geometry": {
                "type": "Point",
                "coordinates": [
                    102.68465,
                    15.286645
                ]
            },
            "properties": {
                "id": 1144484847,
                "station_name": "ชุมพวง",
                "tele_station_oldcode": "MUN003",
                "tele_station_name": "ชุมพวง",
                "waterlevel_datetime": "2025-10-04 12:00",
                "waterlevel_msl": "147.55",
                "discharge": null,
                "storage_percent": "99.76",
                "agency": "สสน.",
                "basin": "ลุ่มน้ำมูล",
                "province": "นครราชสีมา",
                "amphoe": "ชุมพวง",
                "tumbon": "ท่าลาด",
                "river_name": "ลำปลายมาศ"
            }
        },
        {
            "type": "Feature",
            "geometry": {
                "type": "Point",
                "coordinates": [
                    99.81973,
                    17.02127
                ]
            },
            "properties": {
                "id": 1144485099,
                "station_name": "เมืองสุโขทัย",
                "tele_station_oldcode": "YOM012",
                "tele_station_name": "เมืองสุโขทัย",
                "waterlevel_datetime": "2025-10-04 12:00",
                "waterlevel_msl": "51.92",
                "discharge": null,
                "storage_percent": "99.45",
                "agency": "สสน.",
                "basin": "ลุ่มน้ำยม",
                "province": "สุโขทัย",
                "amphoe": "เมืองสุโขทัย",
                "tumbon": "ธานี",
                "river_name": "แม่น้ำยม"
            }
        },
        {
            "type": "Feature",
            "geometry": {
                "type": "Point",
                "coordinates": [
                    103.906937,
                    16.034149
                ]
            },
            "properties": {
                "id": 1144481226,
                "station_name": "บ้านท่าสะแบง",
                "tele_station_oldcode": "E.18",
                "tele_station_name": "บ้านท่าสะแบง",
                "waterlevel_datetime": "2025-10-04 11:00",
                "waterlevel_msl": "131.92",
                "discharge": "1032.40",
                "storage_percent": "99.33",
                "agency": "ชป.",
                "basin": "ลุ่มน้ำชี",
                "province": "ร้อยเอ็ด",
                "amphoe": "ทุ่งเขาหลวง",
                "tumbon": "มะบ้า",
                "river_name": "แม่น้ำชี"
            }
        },
        {
            "type": "Feature",
            "geometry": {
                "type": "Point",
                "coordinates": [
                    104.130981,
                    15.73111
                ]
            },
            "properties": {
                "id": 1144481243,
                "station_name": "บ้านดอนขยอม",
                "tele_station_oldcode": "E.97",
                "tele_station_name": "บ้านดอนขยอม",
                "waterlevel_datetime": "2025-10-04 11:00",
                "waterlevel_msl": "125.39",
                "discharge": "1162.60",
                "storage_percent": "99.24",
                "agency": "ชป.",
                "basin": "ลุ่มน้ำชี",
                "province": "ร้อยเอ็ด",
                "amphoe": "พนมไพร",
                "tumbon": "แสนสุข",
                "river_name": "แม่น้ำชี"
            }
        },
        {
            "type": "Feature",
            "geometry": {
                "type": "Point",
                "coordinates": [
                    101.472778,
                    14.60611
                ]
            },
            "properties": {
                "id": 1144478855,
                "station_name": "บ้านขนงพระเหนือ",
                "tele_station_oldcode": "M.199",
                "tele_station_name": "บ้านขนงพระเหนือ",
                "waterlevel_datetime": "2025-10-04 11:00",
                "waterlevel_msl": "331.20",
                "discharge": "21.50",
                "storage_percent": "99.22",
                "agency": "ชป.",
                "basin": "ลุ่มน้ำมูล",
                "province": "นครราชสีมา",
                "amphoe": "ปากช่อง",
                "tumbon": "ขนงพระ",
                "river_name": "ลำโดมน้อย"
            }
        },
        {
            "type": "Feature",
            "geometry": {
                "type": "Point",
                "coordinates": [
                    100.61136,
                    14.28826
                ]
            },
            "properties": {
                "id": 1144484764,
                "station_name": "วัดขนอนใต้",
                "tele_station_oldcode": "HDA005",
                "tele_station_name": "วัดขนอนใต้",
                "waterlevel_datetime": "2025-10-04 12:00",
                "waterlevel_msl": "2.49",
                "discharge": null,
                "storage_percent": "98.96",
                "agency": "สสน.",
                "basin": "ลุ่มน้ำเจ้าพระยา",
                "province": "พระนครศรีอยุธยา",
                "amphoe": "บางปะอิน",
                "tumbon": "บ้านกรด",
                "river_name": "คลองโพธิ์"
            }
        },
        {
            "type": "Feature",
            "geometry": {
                "type": "Point",
                "coordinates": [
                    101.145744,
                    13.870314
                ]
            },
            "properties": {
                "id": 1144484684,
                "station_name": "บางน้ำเปรี้ยว",
                "tele_station_oldcode": "BPK003",
                "tele_station_name": "บางน้ำเปรี้ยว",
                "waterlevel_datetime": "2025-10-04 12:00",
                "waterlevel_msl": "1.33",
                "discharge": null,
                "storage_percent": "98.87",
                "agency": "สสน.",
                "basin": "ลุ่มน้ำบางปะกง",
                "province": "ฉะเชิงเทรา",
                "amphoe": "บางน้ำเปรี้ยว",
                "tumbon": "บางขนาก",
                "river_name": "แม่น้ำบางปะกง"
            }
        },
        {
            "type": "Feature",
            "geometry": {
                "type": "Point",
                "coordinates": [
                    100.58636,
                    14.40269
                ]
            },
            "properties": {
                "id": 1144484910,
                "station_name": "นครหลวง",
                "tele_station_oldcode": "PAS009",
                "tele_station_name": "นครหลวง",
                "waterlevel_datetime": "2025-10-04 12:00",
                "waterlevel_msl": "3.78",
                "discharge": null,
                "storage_percent": "98.86",
                "agency": "สสน.",
                "basin": "ลุ่มน้ำป่าสัก",
                "province": "พระนครศรีอยุธยา",
                "amphoe": "นครหลวง",
                "tumbon": "บ่อโพง",
                "river_name": "แม่น้ำป่าสัก"
            }
        },
        {
            "type": "Feature",
            "geometry": {
                "type": "Point",
                "coordinates": [
                    100.188026,
                    13.80096
                ]
            },
            "properties": {
                "id": 1144485874,
                "station_name": "ที่ว่าการอ.นครชัยศรี",
                "tele_station_oldcode": "T.1",
                "tele_station_name": "ที่ว่าการอ.นครชัยศรี",
                "waterlevel_datetime": "2025-10-04 12:00",
                "waterlevel_msl": "1.37",
                "discharge": null,
                "storage_percent": "98.77",
                "agency": "ชป.",
                "basin": "ลุ่มน้ำท่าจีน",
                "province": "นครปฐม",
                "amphoe": "นครชัยศรี",
                "tumbon": "นครชัยศรี",
                "river_name": "แม่น้ำท่าจีน"
            }
        },
        {
            "type": "Feature",
            "geometry": {
                "type": "Point",
                "coordinates": [
                    103.97925,
                    17.322672
                ]
            },
            "properties": {
                "id": 1144485029,
                "station_name": "ลำน้ำอูน",
                "tele_station_oldcode": "TBW027",
                "tele_station_name": "ลำน้ำอูน",
                "waterlevel_datetime": "2025-10-04 12:00",
                "waterlevel_msl": "154.76",
                "discharge": null,
                "storage_percent": "98.70",
                "agency": "สสน.",
                "basin": "ลุ่มน้ำโขงตะวันออกเฉียงเหนือ",
                "province": "สกลนคร",
                "amphoe": "พรรณานิคม",
                "tumbon": "สว่าง",
                "river_name": "ลำน้ำอูน"
            }
        },
        {
            "type": "Feature",
            "geometry": {
                "type": "Point",
                "coordinates": [
                    100.53533,
                    14.11822
                ]
            },
            "properties": {
                "id": 1144125230,
                "station_name": "บางไทร",
                "tele_station_oldcode": "CPY013",
                "tele_station_name": "บางไทร",
                "waterlevel_datetime": "2025-10-03 15:10",
                "waterlevel_msl": "2.49",
                "discharge": null,
                "storage_percent": "98.62",
                "agency": "สสน.",
                "basin": "ลุ่มน้ำเจ้าพระยา",
                "province": "พระนครศรีอยุธยา",
                "amphoe": "บางไทร",
                "tumbon": "โพแตง",
                "river_name": "แม่น้ำเจ้าพระยา"
            }
        },
        {
            "type": "Feature",
            "geometry": {
                "type": "Point",
                "coordinates": [
                    99.41834,
                    17.773138
                ]
            },
            "properties": {
                "id": 1144483317,
                "station_name": "อ่างเก็บน้ำห้วยแม่ปะยาง",
                "tele_station_oldcode": "DMS001",
                "tele_station_name": "อ่างเก็บน้ำห้วยแม่ปะยาง",
                "waterlevel_datetime": "2025-10-04 11:50",
                "waterlevel_msl": "246.82",
                "discharge": null,
                "storage_percent": "98.57",
                "agency": "สสน.",
                "basin": "ลุ่มน้ำยม",
                "province": "แพร่",
                "amphoe": "วังชิ้น",
                "tumbon": "สรอย",
                "river_name": null
            }
        },
        {
            "type": "Feature",
            "geometry": {
                "type": "Point",
                "coordinates": [
                    100.04418,
                    15.37086
                ]
            },
            "properties": {
                "id": 1144484998,
                "station_name": "เมืองอุทัยธานี",
                "tele_station_oldcode": "SKG002",
                "tele_station_name": "เมืองอุทัยธานี",
                "waterlevel_datetime": "2025-10-04 12:00",
                "waterlevel_msl": "17.55",
                "discharge": null,
                "storage_percent": "98.51",
                "agency": "สสน.",
                "basin": "ลุ่มน้ำสะแกกรัง",
                "province": "อุทัยธานี",
                "amphoe": "เมืองอุทัยธานี",
                "tumbon": "อุทัยใหม่",
                "river_name": "แม่น้ำสะแกกรัง"
            }
        },
        {
            "type": "Feature",
            "geometry": {
                "type": "Point",
                "coordinates": [
                    100.44847,
                    14.5765
                ]
            },
            "properties": {
                "id": 1144484714,
                "station_name": "เมืองอ่างทอง",
                "tele_station_oldcode": "CPY008",
                "tele_station_name": "เมืองอ่างทอง",
                "waterlevel_datetime": "2025-10-04 12:00",
                "waterlevel_msl": "8.57",
                "discharge": null,
                "storage_percent": "98.45",
                "agency": "สสน.",
                "basin": "ลุ่มน้ำเจ้าพระยา",
                "province": "อ่างทอง",
                "amphoe": "เมืองอ่างทอง",
                "tumbon": "บางแก้ว",
                "river_name": "แม่น้ำเจ้าพระยา"
            }
        },
        {
            "type": "Feature",
            "geometry": {
                "type": "Point",
                "coordinates": [
                    100.05018,
                    14.21614
                ]
            },
            "properties": {
                "id": 1144485051,
                "station_name": "สองพี่น้อง",
                "tele_station_oldcode": "THA010",
                "tele_station_name": "สองพี่น้อง",
                "waterlevel_datetime": "2025-10-04 12:00",
                "waterlevel_msl": "2.38",
                "discharge": null,
                "storage_percent": "98.43",
                "agency": "สสน.",
                "basin": "ลุ่มน้ำท่าจีน",
                "province": "สุพรรณบุรี",
                "amphoe": "สองพี่น้อง",
                "tumbon": "สองพี่น้อง",
                "river_name": "คลองสองพี่น้อง"
            }
        },
        {
            "type": "Feature",
            "geometry": {
                "type": "Point",
                "coordinates": [
                    101.367378,
                    14.05144
                ]
            },
            "properties": {
                "id": 1144480795,
                "station_name": "บ้านหน้าเมือง",
                "tele_station_oldcode": "Kgt.1",
                "tele_station_name": "บ้านหน้าเมือง",
                "waterlevel_datetime": "2025-10-04 11:00",
                "waterlevel_msl": "3.92",
                "discharge": null,
                "storage_percent": "97.95",
                "agency": "ชป.",
                "basin": "ลุ่มน้ำบางปะกง",
                "province": "ปราจีนบุรี",
                "amphoe": "เมืองปราจีนบุรี",
                "tumbon": "หน้าเมือง",
                "river_name": "แม่น้ำบางปะกง"
            }
        },
        {
            "type": "Feature",
            "geometry": {
                "type": "Point",
                "coordinates": [
                    102.949753,
                    16.36607
                ]
            },
            "properties": {
                "id": 1144481240,
                "station_name": "บ้านดอนขนวน",
                "tele_station_oldcode": "E.91",
                "tele_station_name": "บ้านดอนขนวน",
                "waterlevel_datetime": "2025-10-04 11:00",
                "waterlevel_msl": "149.45",
                "discharge": "786.07",
                "storage_percent": "97.91",
                "agency": "ชป.",
                "basin": "ลุ่มน้ำชี",
                "province": "มหาสารคาม",
                "amphoe": "โกสุมพิสัย",
                "tumbon": "หนองบัว",
                "river_name": "แม่น้ำชี"
            }
        },
        {
            "type": "Feature",
            "geometry": {
                "type": "Point",
                "coordinates": [
                    101.517448,
                    13.97341
                ]
            },
            "properties": {
                "id": 1144480770,
                "station_name": "อ.ศรีมหาโพธิ์",
                "tele_station_oldcode": "Kgt.6",
                "tele_station_name": "อ.ศรีมหาโพธิ์",
                "waterlevel_datetime": "2025-10-04 11:00",
                "waterlevel_msl": "6.32",
                "discharge": null,
                "storage_percent": "97.87",
                "agency": "ชป.",
                "basin": "ลุ่มน้ำบางปะกง",
                "province": "ปราจีนบุรี",
                "amphoe": "ศรีมหาโพธิ",
                "tumbon": "ศรีมหาโพธิ์",
                "river_name": "แม่น้ำบางปะกง"
            }
        },
        {
            "type": "Feature",
            "geometry": {
                "type": "Point",
                "coordinates": [
                    101.705406,
                    13.98666
                ]
            },
            "properties": {
                "id": 1144480760,
                "station_name": "อ. กบินทร์บุรี",
                "tele_station_oldcode": "Kgt.3",
                "tele_station_name": "อ. กบินทร์บุรี",
                "waterlevel_datetime": "2025-10-04 11:00",
                "waterlevel_msl": "8.56",
                "discharge": "506.00",
                "storage_percent": "97.68",
                "agency": "ชป.",
                "basin": "ลุ่มน้ำบางปะกง",
                "province": "ปราจีนบุรี",
                "amphoe": "กบินทร์บุรี",
                "tumbon": "กบินทร์",
                "river_name": "แม่น้ำบางปะกง"
            }
        },
        {
            "type": "Feature",
            "geometry": {
                "type": "Point",
                "coordinates": [
                    100.26788,
                    15.10905
                ]
            },
            "properties": {
                "id": 1144484711,
                "station_name": "สรรพยา",
                "tele_station_oldcode": "CPY005",
                "tele_station_name": "สรรพยา",
                "waterlevel_datetime": "2025-10-04 12:00",
                "waterlevel_msl": "14.99",
                "discharge": null,
                "storage_percent": "97.68",
                "agency": "สสน.",
                "basin": "ลุ่มน้ำเจ้าพระยา",
                "province": "ชัยนาท",
                "amphoe": "สรรพยา",
                "tumbon": "โพนางดำออก",
                "river_name": "แม่น้ำเจ้าพระยา"
            }
        },
        {
            "type": "Feature",
            "geometry": {
                "type": "Point",
                "coordinates": [
                    102.032866,
                    16.537697
                ]
            },
            "properties": {
                "id": 1144471856,
                "station_name": "ลำเชิญ อ.ชุมแพ (ท้ายฝายโครงการชลประทานน้ำเชิญ)",
                "tele_station_oldcode": "URTU10",
                "tele_station_name": "ลำเชิญ อ.ชุมแพ (ท้ายฝายโครงการชลประทานน้ำเชิญ)",
                "waterlevel_datetime": "2025-10-04 11:00",
                "waterlevel_msl": "220.95",
                "discharge": "116.72",
                "storage_percent": "97.60",
                "agency": "กฟผ.",
                "basin": "ลุ่มน้ำชี",
                "province": "ขอนแก่น",
                "amphoe": "ชุมแพ",
                "tumbon": "ชุมแพ",
                "river_name": "ห้วยพรม"
            }
        },
        {
            "type": "Feature",
            "geometry": {
                "type": "Point",
                "coordinates": [
                    100.264732,
                    15.86918
                ]
            },
            "properties": {
                "id": 1144479443,
                "station_name": "วัดเกยไชยเหนือ",
                "tele_station_oldcode": "N.67",
                "tele_station_name": "วัดเกยไชยเหนือ",
                "waterlevel_datetime": "2025-10-04 11:00",
                "waterlevel_msl": "27.90",
                "discharge": "1325.00",
                "storage_percent": "97.46",
                "agency": "ชป.",
                "basin": "ลุ่มน้ำน่าน",
                "province": "นครสวรรค์",
                "amphoe": "ชุมแสง",
                "tumbon": "เกยไชย",
                "river_name": "แม่น้ำน่าน"
            }
        },
        {
            "type": "Feature",
            "geometry": {
                "type": "Point",
                "coordinates": [
                    103.168053,
                    16.95174
                ]
            },
            "properties": {
                "id": 1144481234,
                "station_name": "บ้านท่าไฮ",
                "tele_station_oldcode": "E.65",
                "tele_station_name": "บ้านท่าไฮ",
                "waterlevel_datetime": "2025-10-04 11:00",
                "waterlevel_msl": "165.84",
                "discharge": "184.40",
                "storage_percent": "97.36",
                "agency": "ชป.",
                "basin": "ลุ่มน้ำชี",
                "province": "กาฬสินธุ์",
                "amphoe": "ท่าคันโท",
                "tumbon": "กุงเก่า",
                "river_name": "ห้วยลำปาว"
            }
        },
        {
            "type": "Feature",
            "geometry": {
                "type": "Point",
                "coordinates": [
                    99.4194,
                    15.91465
                ]
            },
            "properties": {
                "id": 1144484999,
                "station_name": "สะพานต้นน้ำ (เกาะแก้ว-ตลิ่งสูง)",
                "tele_station_oldcode": "SKG003",
                "tele_station_name": "สะพานต้นน้ำ (เกาะแก้ว-ตลิ่งสูง)",
                "waterlevel_datetime": "2025-10-04 12:00",
                "waterlevel_msl": "117.70",
                "discharge": null,
                "storage_percent": "97.36",
                "agency": "สสน.",
                "basin": "ลุ่มน้ำสะแกกรัง",
                "province": "กำแพงเพชร",
                "amphoe": "ขาณุวรลักษบุรี",
                "tumbon": "ปางมะค่า",
                "river_name": "แม่น้ำแม่วงก์"
            }
        },
        {
            "type": "Feature",
            "geometry": {
                "type": "Point",
                "coordinates": [
                    100.204086,
                    16.507441
                ]
            },
            "properties": {
                "id": 1144479464,
                "station_name": "สามง่าม",
                "tele_station_oldcode": "Y.17",
                "tele_station_name": "สามง่าม",
                "waterlevel_datetime": "2025-10-04 11:00",
                "waterlevel_msl": "38.03",
                "discharge": "564.40",
                "storage_percent": "97.32",
                "agency": "ชป.",
                "basin": "ลุ่มน้ำยม",
                "province": "พิจิตร",
                "amphoe": "สามง่าม",
                "tumbon": "สามง่าม",
                "river_name": "แม่น้ำยม"
            }
        },
        {
            "type": "Feature",
            "geometry": {
                "type": "Point",
                "coordinates": [
                    100.71994,
                    14.56012
                ]
            },
            "properties": {
                "id": 1144479452,
                "station_name": "ท้ายเขื่อนพระรามหก",
                "tele_station_oldcode": "S.26",
                "tele_station_name": "ท้ายเขื่อนพระรามหก",
                "waterlevel_datetime": "2025-10-04 11:00",
                "waterlevel_msl": "6.87",
                "discharge": "600.00",
                "storage_percent": "97.26",
                "agency": "ชป.",
                "basin": "ลุ่มน้ำป่าสัก",
                "province": "พระนครศรีอยุธยา",
                "amphoe": "ท่าเรือ",
                "tumbon": "ท่าเรือ",
                "river_name": "แม่น้ำป่าสัก"
            }
        },
        {
            "type": "Feature",
            "geometry": {
                "type": "Point",
                "coordinates": [
                    100.18792,
                    15.16384
                ]
            },
            "properties": {
                "id": 1144479432,
                "station_name": "ท้ายเขื่อนเจ้าพระยา",
                "tele_station_oldcode": "C.13",
                "tele_station_name": "ท้ายเขื่อนเจ้าพระยา",
                "waterlevel_datetime": "2025-10-04 11:00",
                "waterlevel_msl": "15.94",
                "discharge": "2500.00",
                "storage_percent": "97.19",
                "agency": "ชป.",
                "basin": "ลุ่มน้ำเจ้าพระยา",
                "province": "ชัยนาท",
                "amphoe": "สรรพยา",
                "tumbon": "บางหลวง",
                "river_name": "แม่น้ำเจ้าพระยา"
            }
        },
        {
            "type": "Feature",
            "geometry": {
                "type": "Point",
                "coordinates": [
                    105.49311,
                    15.310499
                ]
            },
            "properties": {
                "id": 1144484641,
                "station_name": "สะพานข้ามน้ำมูล",
                "tele_station_oldcode": "AIT011",
                "tele_station_name": "สะพานข้ามน้ำมูล",
                "waterlevel_datetime": "2025-10-04 12:00",
                "waterlevel_msl": "102.65",
                "discharge": null,
                "storage_percent": "97.00",
                "agency": "สสน.",
                "basin": "ลุ่มน้ำมูล",
                "province": "อุบลราชธานี",
                "amphoe": "โขงเจียม",
                "tumbon": "โขงเจียม",
                "river_name": "แม่น้ำมูล"
            }
        },
        {
            "type": "Feature",
            "geometry": {
                "type": "Point",
                "coordinates": [
                    98.84473,
                    16.04942
                ]
            },
            "properties": {
                "id": 1144484535,
                "station_name": "สะพานแม่น้ำแควใหญ่",
                "tele_station_oldcode": "MOU431",
                "tele_station_name": "สะพานแม่น้ำแควใหญ่",
                "waterlevel_datetime": "2025-10-04 12:00",
                "waterlevel_msl": "453.59",
                "discharge": null,
                "storage_percent": "96.93",
                "agency": "พพภ",
                "basin": "ลุ่มน้ำแม่กลอง",
                "province": "ตาก",
                "amphoe": "อุ้มผาง",
                "tumbon": "แม่กลอง",
                "river_name": "แม่น้ำแควใหญ่"
            }
        },
        {
            "type": "Feature",
            "geometry": {
                "type": "Point",
                "coordinates": [
                    103.335228,
                    17.557489
                ]
            },
            "properties": {
                "id": 1144481251,
                "station_name": "บ้านโคกคำไหล",
                "tele_station_oldcode": "Kh.93",
                "tele_station_name": "บ้านโคกคำไหล",
                "waterlevel_datetime": "2025-10-04 11:00",
                "waterlevel_msl": "189.74",
                "discharge": "54.60",
                "storage_percent": "96.74",
                "agency": "ชป.",
                "basin": "ลุ่มน้ำโขงตะวันออกเฉียงเหนือ",
                "province": "สกลนคร",
                "amphoe": "สว่างแดนดิน",
                "tumbon": "คำสะอาด",
                "river_name": "แม่น้ำสงคราม"
            }
        },
        {
            "type": "Feature",
            "geometry": {
                "type": "Point",
                "coordinates": [
                    103.429359,
                    15.14119
                ]
            },
            "properties": {
                "id": 1144478802,
                "station_name": "บ้านหลุมดิน",
                "tele_station_oldcode": "M.159",
                "tele_station_name": "บ้านหลุมดิน",
                "waterlevel_datetime": "2025-10-04 11:00",
                "waterlevel_msl": "128.81",
                "discharge": "266.00",
                "storage_percent": "96.51",
                "agency": "ชป.",
                "basin": "ลุ่มน้ำมูล",
                "province": "สุรินทร์",
                "amphoe": "จอมพระ",
                "tumbon": "เมืองลีง",
                "river_name": "ลำชี"
            }
        },
        {
            "type": "Feature",
            "geometry": {
                "type": "Point",
                "coordinates": [
                    99.822113,
                    17.006359
                ]
            },
            "properties": {
                "id": 1144479509,
                "station_name": "ต.ธานี",
                "tele_station_oldcode": "Y.4",
                "tele_station_name": "ต.ธานี",
                "waterlevel_datetime": "2025-10-04 11:00",
                "waterlevel_msl": "51.25",
                "discharge": "437.20",
                "storage_percent": "96.42",
                "agency": "ชป.",
                "basin": "ลุ่มน้ำยม",
                "province": "สุโขทัย",
                "amphoe": "เมืองสุโขทัย",
                "tumbon": "ธานี",
                "river_name": "แม่น้ำยม"
            }
        },
        {
            "type": "Feature",
            "geometry": {
                "type": "Point",
                "coordinates": [
                    104.318596,
                    15.118101
                ]
            },
            "properties": {
                "id": 1144484850,
                "station_name": "เมืองศรีสะเกษ",
                "tele_station_oldcode": "MUN010",
                "tele_station_name": "เมืองศรีสะเกษ",
                "waterlevel_datetime": "2025-10-04 12:00",
                "waterlevel_msl": "117.84",
                "discharge": null,
                "storage_percent": "96.17",
                "agency": "สสน.",
                "basin": "ลุ่มน้ำมูล",
                "province": "ศรีสะเกษ",
                "amphoe": "เมืองศรีสะเกษ",
                "tumbon": "เมืองเหนือ",
                "river_name": "ห้วยสำราญ"
            }
        },
        {
            "type": "Feature",
            "geometry": {
                "type": "Point",
                "coordinates": [
                    100.535034,
                    13.947542
                ]
            },
            "properties": {
                "id": 1144483309,
                "station_name": "สะพานนวลฉวี",
                "tele_station_oldcode": "CPY014",
                "tele_station_name": "สะพานนวลฉวี",
                "waterlevel_datetime": "2025-10-04 11:50",
                "waterlevel_msl": "1.89",
                "discharge": null,
                "storage_percent": "96.14",
                "agency": "สสน.",
                "basin": "ลุ่มน้ำเจ้าพระยา",
                "province": "นนทบุรี",
                "amphoe": "ปากเกร็ด",
                "tumbon": "บ้านใหม่",
                "river_name": "แม่น้ำเจ้าพระยา"
            }
        },
        {
            "type": "Feature",
            "geometry": {
                "type": "Point",
                "coordinates": [
                    101.51753,
                    13.973438
                ]
            },
            "properties": {
                "id": 1144484932,
                "station_name": "ศรีมหาโพธิ (KGT6)",
                "tele_station_oldcode": "PRC005",
                "tele_station_name": "ศรีมหาโพธิ (KGT6)",
                "waterlevel_datetime": "2025-10-04 12:00",
                "waterlevel_msl": "7.18",
                "discharge": null,
                "storage_percent": "96.05",
                "agency": "สสน.",
                "basin": "ลุ่มน้ำบางปะกง",
                "province": "ปราจีนบุรี",
                "amphoe": "ศรีมหาโพธิ",
                "tumbon": "บ้านทาม",
                "river_name": "แม่น้ำบางปะกง"
            }
        },
        {
            "type": "Feature",
            "geometry": {
                "type": "Point",
                "coordinates": [
                    99.80429,
                    6.885762
                ]
            },
            "properties": {
                "id": 1144485011,
                "station_name": "ละงู",
                "tele_station_oldcode": "STU002",
                "tele_station_name": "ละงู",
                "waterlevel_datetime": "2025-10-04 12:00",
                "waterlevel_msl": "1.90",
                "discharge": null,
                "storage_percent": "95.85",
                "agency": "สสน.",
                "basin": "ลุ่มน้ำภาคใต้ฝั่งตะวันตก",
                "province": "สตูล",
                "amphoe": "ละงู",
                "tumbon": "ละงู",
                "river_name": "คลองละงู"
            }
        },
        {
            "type": "Feature",
            "geometry": {
                "type": "Point",
                "coordinates": [
                    102.570023,
                    16.096939
                ]
            },
            "properties": {
                "id": 1144481224,
                "station_name": "บ้านท่านางเลื่อน",
                "tele_station_oldcode": "E.9",
                "tele_station_name": "บ้านท่านางเลื่อน",
                "waterlevel_datetime": "2025-10-04 11:00",
                "waterlevel_msl": "161.54",
                "discharge": "249.50",
                "storage_percent": "95.63",
                "agency": "ชป.",
                "basin": "ลุ่มน้ำชี",
                "province": "ขอนแก่น",
                "amphoe": "ชนบท",
                "tumbon": "ชนบท",
                "river_name": "แม่น้ำชี"
            }
        },
        {
            "type": "Feature",
            "geometry": {
                "type": "Point",
                "coordinates": [
                    100.449684,
                    14.498097
                ]
            },
            "properties": {
                "id": 1144484768,
                "station_name": "สะพานป่าโมก",
                "tele_station_oldcode": "HDA009",
                "tele_station_name": "สะพานป่าโมก",
                "waterlevel_datetime": "2025-10-04 12:00",
                "waterlevel_msl": "7.56",
                "discharge": null,
                "storage_percent": "95.56",
                "agency": "สสน.",
                "basin": "ลุ่มน้ำเจ้าพระยา",
                "province": "อ่างทอง",
                "amphoe": "ป่าโมก",
                "tumbon": "ป่าโมก",
                "river_name": null
            }
        },
        {
            "type": "Feature",
            "geometry": {
                "type": "Point",
                "coordinates": [
                    103.88075,
                    18.282616
                ]
            },
            "properties": {
                "id": 1144484638,
                "station_name": "สะพานห้วยบังบาต",
                "tele_station_oldcode": "AIT005",
                "tele_station_name": "สะพานห้วยบังบาต",
                "waterlevel_datetime": "2025-10-04 12:00",
                "waterlevel_msl": "151.16",
                "discharge": null,
                "storage_percent": "95.54",
                "agency": "สสน.",
                "basin": "ลุ่มน้ำโขงตะวันออกเฉียงเหนือ",
                "province": "บึงกาฬ",
                "amphoe": "บุ่งคล้า",
                "tumbon": "หนองเดิ่น",
                "river_name": "ห้วยบางบาตร"
            }
        },
        {
            "type": "Feature",
            "geometry": {
                "type": "Point",
                "coordinates": [
                    100.580452,
                    14.35872
                ]
            },
            "properties": {
                "id": 1144479446,
                "station_name": "สะพานปรีดี-ธำรง",
                "tele_station_oldcode": "S.5",
                "tele_station_name": "สะพานปรีดี-ธำรง",
                "waterlevel_datetime": "2025-10-04 11:00",
                "waterlevel_msl": "4.07",
                "discharge": null,
                "storage_percent": "95.26",
                "agency": "ชป.",
                "basin": "ลุ่มน้ำเจ้าพระยา",
                "province": "พระนครศรีอยุธยา",
                "amphoe": "พระนครศรีอยุธยา",
                "tumbon": "หอรัตนไชย",
                "river_name": "แม่น้ำป่าสัก"
            }
        },
        {
            "type": "Feature",
            "geometry": {
                "type": "Point",
                "coordinates": [
                    102.57001,
                    16.096876
                ]
            },
            "properties": {
                "id": 1144484688,
                "station_name": "ชนบท",
                "tele_station_oldcode": "CHI005",
                "tele_station_name": "ชนบท",
                "waterlevel_datetime": "2025-10-04 12:00",
                "waterlevel_msl": "161.00",
                "discharge": null,
                "storage_percent": "95.19",
                "agency": "สสน.",
                "basin": "ลุ่มน้ำชี",
                "province": "ขอนแก่น",
                "amphoe": "ชนบท",
                "tumbon": "ชนบท",
                "river_name": "แม่น้ำชี"
            }
        },
        {
            "type": "Feature",
            "geometry": {
                "type": "Point",
                "coordinates": [
                    103.386932,
                    17.821621
                ]
            },
            "properties": {
                "id": 1144481250,
                "station_name": "บ้านท่าห้วยหลัว",
                "tele_station_oldcode": "Kh.74",
                "tele_station_name": "บ้านท่าห้วยหลัว",
                "waterlevel_datetime": "2025-10-04 11:00",
                "waterlevel_msl": "154.31",
                "discharge": "203.25",
                "storage_percent": "94.93",
                "agency": "ชป.",
                "basin": "ลุ่มน้ำโขงตะวันออกเฉียงเหนือ",
                "province": "อุดรธานี",
                "amphoe": "บ้านดุง",
                "tumbon": "บ้านจันทน์",
                "river_name": "แม่น้ำสงคราม"
            }
        },
        {
            "type": "Feature",
            "geometry": {
                "type": "Point",
                "coordinates": [
                    100.4086,
                    14.870226
                ]
            },
            "properties": {
                "id": 1144484765,
                "station_name": "สะพานอนุสรณ์ 100 ปีสิงห์หบุรี (สะพานหลวงพ่อแพ 89)",
                "tele_station_oldcode": "HDA006",
                "tele_station_name": "สะพานอนุสรณ์ 100 ปีสิงห์หบุรี (สะพานหลวงพ่อแพ 89)",
                "waterlevel_datetime": "2025-10-04 12:00",
                "waterlevel_msl": "12.06",
                "discharge": null,
                "storage_percent": "94.76",
                "agency": "สสน.",
                "basin": "ลุ่มน้ำเจ้าพระยา",
                "province": "สิงห์บุรี",
                "amphoe": "เมืองสิงห์บุรี",
                "tumbon": "ต้นโพธิ์",
                "river_name": null
            }
        },
        {
            "type": "Feature",
            "geometry": {
                "type": "Point",
                "coordinates": [
                    100.130745,
                    17.418427
                ]
            },
            "properties": {
                "id": 1144484866,
                "station_name": "ตรอน",
                "tele_station_oldcode": "NAN014",
                "tele_station_name": "ตรอน",
                "waterlevel_datetime": "2025-10-04 12:00",
                "waterlevel_msl": "53.67",
                "discharge": null,
                "storage_percent": "94.71",
                "agency": "สสน.",
                "basin": "ลุ่มน้ำน่าน",
                "province": "อุตรดิตถ์",
                "amphoe": "ตรอน",
                "tumbon": "หาดสองแคว",
                "river_name": "แม่น้ำน่าน"
            }
        },
        {
            "type": "Feature",
            "geometry": {
                "type": "Point",
                "coordinates": [
                    100.401863,
                    14.89868
                ]
            },
            "properties": {
                "id": 1144479430,
                "station_name": "บ้านบางพุทรา",
                "tele_station_oldcode": "C.3",
                "tele_station_name": "บ้านบางพุทรา",
                "waterlevel_datetime": "2025-10-04 11:00",
                "waterlevel_msl": "12.55",
                "discharge": "2572.00",
                "storage_percent": "94.58",
                "agency": "ชป.",
                "basin": "ลุ่มน้ำเจ้าพระยา",
                "province": "สิงห์บุรี",
                "amphoe": "เมืองสิงห์บุรี",
                "tumbon": "บางพุทรา",
                "river_name": "แม่น้ำเจ้าพระยา"
            }
        },
        {
            "type": "Feature",
            "geometry": {
                "type": "Point",
                "coordinates": [
                    100.453293,
                    14.59044
                ]
            },
            "properties": {
                "id": 1144479431,
                "station_name": "บ้านบางแก้ว",
                "tele_station_oldcode": "C.7A",
                "tele_station_name": "บ้านบางแก้ว",
                "waterlevel_datetime": "2025-10-04 11:00",
                "waterlevel_msl": "9.07",
                "discharge": "2440.00",
                "storage_percent": "94.44",
                "agency": "ชป.",
                "basin": "ลุ่มน้ำเจ้าพระยา",
                "province": "อ่างทอง",
                "amphoe": "เมืองอ่างทอง",
                "tumbon": "ตลาดหลวง",
                "river_name": "แม่น้ำเจ้าพระยา"
            }
        },
        {
            "type": "Feature",
            "geometry": {
                "type": "Point",
                "coordinates": [
                    100.23858,
                    16.58046
                ]
            },
            "properties": {
                "id": 1144484858,
                "station_name": "บางกระทุ่ม",
                "tele_station_oldcode": "NAN006",
                "tele_station_name": "บางกระทุ่ม",
                "waterlevel_datetime": "2025-10-04 12:00",
                "waterlevel_msl": "39.26",
                "discharge": null,
                "storage_percent": "94.44",
                "agency": "สสน.",
                "basin": "ลุ่มน้ำน่าน",
                "province": "พิษณุโลก",
                "amphoe": "บางกระทุ่ม",
                "tumbon": "โคกสลุด",
                "river_name": "แม่น้ำน่าน"
            }
        },
        {
            "type": "Feature",
            "geometry": {
                "type": "Point",
                "coordinates": [
                    100.06259,
                    6.726643
                ]
            },
            "properties": {
                "id": 1144485010,
                "station_name": "เมืองสตูล",
                "tele_station_oldcode": "STU001",
                "tele_station_name": "เมืองสตูล",
                "waterlevel_datetime": "2025-10-04 12:00",
                "waterlevel_msl": "15.07",
                "discharge": null,
                "storage_percent": "94.31",
                "agency": "สสน.",
                "basin": "ลุ่มน้ำภาคใต้ฝั่งตะวันตก",
                "province": "สตูล",
                "amphoe": "เมืองสตูล",
                "tumbon": "ฉลุง",
                "river_name": "คลองน้ำพระ"
            }
        },
        {
            "type": "Feature",
            "geometry": {
                "type": "Point",
                "coordinates": [
                    100.26481,
                    15.86923
                ]
            },
            "properties": {
                "id": 1144484860,
                "station_name": "ชุมแสง",
                "tele_station_oldcode": "NAN008",
                "tele_station_name": "ชุมแสง",
                "waterlevel_datetime": "2025-10-04 12:00",
                "waterlevel_msl": "27.29",
                "discharge": null,
                "storage_percent": "94.20",
                "agency": "สสน.",
                "basin": "ลุ่มน้ำน่าน",
                "province": "นครสวรรค์",
                "amphoe": "ชุมแสง",
                "tumbon": "เกยไชย",
                "river_name": "แม่น้ำน่าน"
            }
        },
        {
            "type": "Feature",
            "geometry": {
                "type": "Point",
                "coordinates": [
                    101.28636,
                    6.675252
                ]
            },
            "properties": {
                "id": 1144484912,
                "station_name": "เมืองยะลา",
                "tele_station_oldcode": "PAT002",
                "tele_station_name": "เมืองยะลา",
                "waterlevel_datetime": "2025-10-04 12:00",
                "waterlevel_msl": "13.14",
                "discharge": null,
                "storage_percent": "94.14",
                "agency": "สสน.",
                "basin": "ลุ่มน้ำภาคใต้ฝั่งตะวันออกตอนล่าง",
                "province": "ยะลา",
                "amphoe": "เมืองยะลา",
                "tumbon": "ตาเซะ",
                "river_name": "เขื่อนปัตตานี"
            }
        },
        {
            "type": "Feature",
            "geometry": {
                "type": "Point",
                "coordinates": [
                    104.128448,
                    15.01052
                ]
            },
            "properties": {
                "id": 1144478849,
                "station_name": "บ้านเขวา",
                "tele_station_oldcode": "M.190",
                "tele_station_name": "บ้านเขวา",
                "waterlevel_datetime": "2025-10-04 11:00",
                "waterlevel_msl": "126.92",
                "discharge": "187.60",
                "storage_percent": "94.04",
                "agency": "ชป.",
                "basin": "ลุ่มน้ำมูล",
                "province": "ศรีสะเกษ",
                "amphoe": "อุทุมพรพิสัย",
                "tumbon": "ทุ่งไชย",
                "river_name": "ห้วยสำราญ"
            }
        },
        {
            "type": "Feature",
            "geometry": {
                "type": "Point",
                "coordinates": [
                    104.72031,
                    16.927946
                ]
            },
            "properties": {
                "id": 1144484881,
                "station_name": "ปตร. ห้วยแคน-ท้ายน้ำ",
                "tele_station_oldcode": "ONE009",
                "tele_station_name": "ปตร. ห้วยแคน-ท้ายน้ำ",
                "waterlevel_datetime": "2025-10-04 12:00",
                "waterlevel_msl": "138.32",
                "discharge": null,
                "storage_percent": "93.26",
                "agency": "สสน.",
                "basin": "ลุ่มน้ำโขงตะวันออกเฉียงเหนือ",
                "province": "นครพนม",
                "amphoe": "ธาตุพนม",
                "tumbon": "ธาตุพนม",
                "river_name": "ห้วยแคน"
            }
        },
        {
            "type": "Feature",
            "geometry": {
                "type": "Point",
                "coordinates": [
                    104.595444,
                    15.50299
                ]
            },
            "properties": {
                "id": 1144478810,
                "station_name": "บ้านป่าก่อ",
                "tele_station_oldcode": "M.179A",
                "tele_station_name": "บ้านป่าก่อ",
                "waterlevel_datetime": "2025-10-04 11:00",
                "waterlevel_msl": "119.08",
                "discharge": "403.60",
                "storage_percent": "93.05",
                "agency": "ชป.",
                "basin": "ลุ่มน้ำมูล",
                "province": "อุบลราชธานี",
                "amphoe": "เขื่องใน",
                "tumbon": "หนองเหล่า",
                "river_name": "ลำเซบาย"
            }
        },
        {
            "type": "Feature",
            "geometry": {
                "type": "Point",
                "coordinates": [
                    104.966202,
                    15.50421
                ]
            },
            "properties": {
                "id": 1144478795,
                "station_name": "บ้านท่าบอแบง",
                "tele_station_oldcode": "M.69",
                "tele_station_name": "บ้านท่าบอแบง",
                "waterlevel_datetime": "2025-10-04 11:00",
                "waterlevel_msl": "115.18",
                "discharge": "227.20",
                "storage_percent": "92.83",
                "agency": "ชป.",
                "basin": "ลุ่มน้ำมูล",
                "province": "อุบลราชธานี",
                "amphoe": "ตระการพืชผล",
                "tumbon": "ขามเปี้ย",
                "river_name": "ลำเซบก"
            }
        },
        {
            "type": "Feature",
            "geometry": {
                "type": "Point",
                "coordinates": [
                    102.252609,
                    15.75292
                ]
            },
            "properties": {
                "id": 1144481228,
                "station_name": "บ้านแก่งโก",
                "tele_station_oldcode": "E.21",
                "tele_station_name": "บ้านแก่งโก",
                "waterlevel_datetime": "2025-10-04 11:00",
                "waterlevel_msl": "173.83",
                "discharge": "348.75",
                "storage_percent": "92.63",
                "agency": "ชป.",
                "basin": "ลุ่มน้ำชี",
                "province": "ชัยภูมิ",
                "amphoe": "เมืองชัยภูมิ",
                "tumbon": "ลาดใหญ่",
                "river_name": "แม่น้ำชี"
            }
        },
        {
            "type": "Feature",
            "geometry": {
                "type": "Point",
                "coordinates": [
                    103.38447,
                    17.59475
                ]
            },
            "properties": {
                "id": 1144485003,
                "station_name": "สว่างแดนดิน",
                "tele_station_oldcode": "SKM005",
                "tele_station_name": "สว่างแดนดิน",
                "waterlevel_datetime": "2025-10-04 12:00",
                "waterlevel_msl": "155.65",
                "discharge": null,
                "storage_percent": "92.58",
                "agency": "สสน.",
                "basin": "ลุ่มน้ำโขงตะวันออกเฉียงเหนือ",
                "province": "สกลนคร",
                "amphoe": "สว่างแดนดิน",
                "tumbon": "โพนสูง",
                "river_name": "แม่น้ำสงคราม"
            }
        },
        {
            "type": "Feature",
            "geometry": {
                "type": "Point",
                "coordinates": [
                    100.509148,
                    13.78815
                ]
            },
            "properties": {
                "id": 1144479427,
                "station_name": "กรมชลประทานสามเสน",
                "tele_station_oldcode": "C.12",
                "tele_station_name": "กรมชลประทานสามเสน",
                "waterlevel_datetime": "2025-10-04 11:00",
                "waterlevel_msl": "0.94",
                "discharge": null,
                "storage_percent": "92.13",
                "agency": "ชป.",
                "basin": "ลุ่มน้ำเจ้าพระยา",
                "province": "กรุงเทพมหานคร",
                "amphoe": "ดุสิต",
                "tumbon": "ถนนนครไชยศรี",
                "river_name": "แม่น้ำเจ้าพระยา"
            }
        },
        {
            "type": "Feature",
            "geometry": {
                "type": "Point",
                "coordinates": [
                    100.57653,
                    14.818604
                ]
            },
            "properties": {
                "id": 1144485041,
                "station_name": "ทรบ. ปากคลองห้าวา (ทุ่งท่าวุ้ง)",
                "tele_station_oldcode": "TCP010",
                "tele_station_name": "ทรบ. ปากคลองห้าวา (ทุ่งท่าวุ้ง)",
                "waterlevel_datetime": "2025-10-04 12:00",
                "waterlevel_msl": "7.37",
                "discharge": null,
                "storage_percent": "92.12",
                "agency": "สสน.",
                "basin": "ลุ่มน้ำเจ้าพระยา",
                "province": "ลพบุรี",
                "amphoe": "เมืองลพบุรี",
                "tumbon": "บางขันหมาก",
                "river_name": "คลองบางคะลาย"
            }
        },
        {
            "type": "Feature",
            "geometry": {
                "type": "Point",
                "coordinates": [
                    100.19812,
                    13.79216
                ]
            },
            "properties": {
                "id": 1144485049,
                "station_name": "สะพานนครชัยศรี",
                "tele_station_oldcode": "THA008",
                "tele_station_name": "สะพานนครชัยศรี",
                "waterlevel_datetime": "2025-10-04 12:00",
                "waterlevel_msl": "1.13",
                "discharge": null,
                "storage_percent": "91.76",
                "agency": "สสน.",
                "basin": "ลุ่มน้ำท่าจีน",
                "province": "นครปฐม",
                "amphoe": "นครชัยศรี",
                "tumbon": "ไทยาวาส",
                "river_name": "แม่น้ำท่าจีน"
            }
        },
        {
            "type": "Feature",
            "geometry": {
                "type": "Point",
                "coordinates": [
                    99.508362,
                    8.42915
                ]
            },
            "properties": {
                "id": 1144450244,
                "station_name": "แม่น้ำตาปี บ้านหาดทรายแก้ว อ.ฉวาง จ.นครศรีธรรมราช",
                "tele_station_oldcode": "X.176",
                "tele_station_name": "แม่น้ำตาปี บ้านหาดทรายแก้ว อ.ฉวาง จ.นครศรีธรรมราช",
                "waterlevel_datetime": "2025-10-04 09:00",
                "waterlevel_msl": "24.68",
                "discharge": "33.60",
                "storage_percent": "91.41",
                "agency": "ชป.",
                "basin": "ลุ่มน้ำภาคใต้ฝั่งตะวันออกตอนบน",
                "province": "นครศรีธรรมราช",
                "amphoe": "ฉวาง",
                "tumbon": "ฉวาง",
                "river_name": "แม่น้ำตาปี"
            }
        },
        {
            "type": "Feature",
            "geometry": {
                "type": "Point",
                "coordinates": [
                    97.9348,
                    18.5331
                ]
            },
            "properties": {
                "id": 1144484524,
                "station_name": "สะพานน้ำแม่โถ",
                "tele_station_oldcode": "MOU356",
                "tele_station_name": "สะพานน้ำแม่โถ",
                "waterlevel_datetime": "2025-10-04 12:00",
                "waterlevel_msl": "334.08",
                "discharge": null,
                "storage_percent": "90.94",
                "agency": "พพภ",
                "basin": "ลุ่มน้ำสาละวิน",
                "province": "แม่ฮ่องสอน",
                "amphoe": "แม่ลาน้อย",
                "tumbon": "แม่ลาหลวง",
                "river_name": null
            }
        },
        {
            "type": "Feature",
            "geometry": {
                "type": "Point",
                "coordinates": [
                    100.27173,
                    16.31077
                ]
            },
            "properties": {
                "id": 1144485097,
                "station_name": "โพธิ์ประทับช้าง",
                "tele_station_oldcode": "YOM009",
                "tele_station_name": "โพธิ์ประทับช้าง",
                "waterlevel_datetime": "2025-10-04 12:00",
                "waterlevel_msl": "34.00",
                "discharge": null,
                "storage_percent": "90.85",
                "agency": "สสน.",
                "basin": "ลุ่มน้ำยม",
                "province": "พิจิตร",
                "amphoe": "โพธิ์ประทับช้าง",
                "tumbon": "โพธิ์ประทับช้าง",
                "river_name": "แม่น้ำยม"
            }
        },
        {
            "type": "Feature",
            "geometry": {
                "type": "Point",
                "coordinates": [
                    104.488403,
                    15.13208
                ]
            },
            "properties": {
                "id": 1144478845,
                "station_name": "บ้านสีถาน",
                "tele_station_oldcode": "M.182",
                "tele_station_name": "บ้านสีถาน",
                "waterlevel_datetime": "2025-10-04 11:00",
                "waterlevel_msl": "116.10",
                "discharge": "1256.00",
                "storage_percent": "90.79",
                "agency": "ชป.",
                "basin": "ลุ่มน้ำมูล",
                "province": "ศรีสะเกษ",
                "amphoe": "กันทรารมย์",
                "tumbon": "หนองบัว",
                "river_name": "แม่น้ำมูล"
            }
        },
        {
            "type": "Feature",
            "geometry": {
                "type": "Point",
                "coordinates": [
                    104.318642,
                    15.11808
                ]
            },
            "properties": {
                "id": 1144478833,
                "station_name": "ชุมชนสะพานขาว",
                "tele_station_oldcode": "M.9",
                "tele_station_name": "ชุมชนสะพานขาว",
                "waterlevel_datetime": "2025-10-04 11:00",
                "waterlevel_msl": "118.05",
                "discharge": "205.50",
                "storage_percent": "90.74",
                "agency": "ชป.",
                "basin": "ลุ่มน้ำมูล",
                "province": "ศรีสะเกษ",
                "amphoe": "เมืองศรีสะเกษ",
                "tumbon": "หญ้าปล้อง",
                "river_name": "ห้วยสำราญ"
            }
        },
        {
            "type": "Feature",
            "geometry": {
                "type": "Point",
                "coordinates": [
                    100.59958,
                    14.76047
                ]
            },
            "properties": {
                "id": 1144484786,
                "station_name": "เมืองลพบุรี",
                "tele_station_oldcode": "LBI002",
                "tele_station_name": "เมืองลพบุรี",
                "waterlevel_datetime": "2025-10-04 12:00",
                "waterlevel_msl": "5.83",
                "discharge": null,
                "storage_percent": "90.53",
                "agency": "สสน.",
                "basin": "ลุ่มน้ำเจ้าพระยา",
                "province": "ลพบุรี",
                "amphoe": "เมืองลพบุรี",
                "tumbon": "โพธิ์เก้าต้น",
                "river_name": "แม่น้ำลพบุรี"
            }
        },
        {
            "type": "Feature",
            "geometry": {
                "type": "Point",
                "coordinates": [
                    98.880836,
                    19.015091
                ]
            },
            "properties": {
                "id": 1144435645,
                "station_name": "บ้านสลวงนอก",
                "tele_station_oldcode": "P.93",
                "tele_station_name": "บ้านสลวงนอก",
                "waterlevel_datetime": "2025-10-04 06:00",
                "waterlevel_msl": "343.27",
                "discharge": "47.47",
                "storage_percent": "90.45",
                "agency": "ชป.",
                "basin": "ลุ่มน้ำปิง",
                "province": "เชียงใหม่",
                "amphoe": "แม่ริม",
                "tumbon": "สะลวง",
                "river_name": "น้ำแม่ริม"
            }
        },
        {
            "type": "Feature",
            "geometry": {
                "type": "Point",
                "coordinates": [
                    100.10936,
                    15.67059
                ]
            },
            "properties": {
                "id": 1144479429,
                "station_name": "ค่ายจิรประวัติ",
                "tele_station_oldcode": "C.2",
                "tele_station_name": "ค่ายจิรประวัติ",
                "waterlevel_datetime": "2025-10-04 11:00",
                "waterlevel_msl": "24.51",
                "discharge": "2805.00",
                "storage_percent": "90.39",
                "agency": "ชป.",
                "basin": "ลุ่มน้ำเจ้าพระยา",
                "province": "นครสวรรค์",
                "amphoe": "เมืองนครสวรรค์",
                "tumbon": "ปากน้ำโพ",
                "river_name": "แม่น้ำเจ้าพระยา"
            }
        },
        {
            "type": "Feature",
            "geometry": {
                "type": "Point",
                "coordinates": [
                    100.32081,
                    15.055055
                ]
            },
            "properties": {
                "id": 1144485042,
                "station_name": "สถานีสูบน้ำคลองระบายชัยนาท-ป่าสัก 2 (ทุ่งเชียงราก)",
                "tele_station_oldcode": "TCP011",
                "tele_station_name": "สถานีสูบน้ำคลองระบายชัยนาท-ป่าสัก 2 (ทุ่งเชียงราก)",
                "waterlevel_datetime": "2025-10-04 12:00",
                "waterlevel_msl": "11.10",
                "discharge": null,
                "storage_percent": "90.24",
                "agency": "สสน.",
                "basin": "ลุ่มน้ำเจ้าพระยา",
                "province": "สิงห์บุรี",
                "amphoe": "อินทร์บุรี",
                "tumbon": "ชีน้ำร้าย",
                "river_name": "คลองบางโฉมศรี"
            }
        },
        {
            "type": "Feature",
            "geometry": {
                "type": "Point",
                "coordinates": [
                    100.33089,
                    15.00598
                ]
            },
            "properties": {
                "id": 1144484712,
                "station_name": "อินทร์บุรี",
                "tele_station_oldcode": "CPY006",
                "tele_station_name": "อินทร์บุรี",
                "waterlevel_datetime": "2025-10-04 12:00",
                "waterlevel_msl": "13.76",
                "discharge": null,
                "storage_percent": "90.22",
                "agency": "สสน.",
                "basin": "ลุ่มน้ำเจ้าพระยา",
                "province": "สิงห์บุรี",
                "amphoe": "อินทร์บุรี",
                "tumbon": "อินทร์บุรี",
                "river_name": "แม่น้ำเจ้าพระยา"
            }
        },
        {
            "type": "Feature",
            "geometry": {
                "type": "Point",
                "coordinates": [
                    100.492805,
                    13.700287
                ]
            },
            "properties": {
                "id": 1144484717,
                "station_name": "สะพานกรุงเทพ",
                "tele_station_oldcode": "CPY015",
                "tele_station_name": "สะพานกรุงเทพ",
                "waterlevel_datetime": "2025-10-04 12:00",
                "waterlevel_msl": "0.37",
                "discharge": null,
                "storage_percent": "89.97",
                "agency": "สสน.",
                "basin": "ลุ่มน้ำเจ้าพระยา",
                "province": "กรุงเทพมหานคร",
                "amphoe": "ธนบุรี",
                "tumbon": "ดาวคะนอง",
                "river_name": "แม่น้ำเจ้าพระยา"
            }
        },
        {
            "type": "Feature",
            "geometry": {
                "type": "Point",
                "coordinates": [
                    100.12381,
                    15.68849
                ]
            },
            "properties": {
                "id": 1144484707,
                "station_name": "สะพานเดชาติวงศ์",
                "tele_station_oldcode": "CPY001",
                "tele_station_name": "สะพานเดชาติวงศ์",
                "waterlevel_datetime": "2025-10-04 12:00",
                "waterlevel_msl": "24.23",
                "discharge": null,
                "storage_percent": "89.95",
                "agency": "สสน.",
                "basin": "ลุ่มน้ำเจ้าพระยา",
                "province": "นครสวรรค์",
                "amphoe": "เมืองนครสวรรค์",
                "tumbon": "ปากน้ำโพ",
                "river_name": "แม่น้ำเจ้าพระยา"
            }
        },
        {
            "type": "Feature",
            "geometry": {
                "type": "Point",
                "coordinates": [
                    101.61144,
                    17.860956
                ]
            },
            "properties": {
                "id": 1144484637,
                "station_name": "สะพานลำน้ำเลย",
                "tele_station_oldcode": "AIT002",
                "tele_station_name": "สะพานลำน้ำเลย",
                "waterlevel_datetime": "2025-10-04 12:00",
                "waterlevel_msl": "205.59",
                "discharge": null,
                "storage_percent": "89.86",
                "agency": "สสน.",
                "basin": "ลุ่มน้ำโขงตะวันออกเฉียงเหนือ",
                "province": "เลย",
                "amphoe": "เชียงคาน",
                "tumbon": "เชียงคาน",
                "river_name": "แม่น้ำเลย"
            }
        },
        {
            "type": "Feature",
            "geometry": {
                "type": "Point",
                "coordinates": [
                    100.215683,
                    13.72411
                ]
            },
            "properties": {
                "id": 1144485877,
                "station_name": "ร.ร.เทศบาลบ้านสามพราน",
                "tele_station_oldcode": "T.14",
                "tele_station_name": "ร.ร.เทศบาลบ้านสามพราน",
                "waterlevel_datetime": "2025-10-04 12:00",
                "waterlevel_msl": "0.45",
                "discharge": null,
                "storage_percent": "89.77",
                "agency": "ชป.",
                "basin": "ลุ่มน้ำท่าจีน",
                "province": "นครปฐม",
                "amphoe": "สามพราน",
                "tumbon": "สามพราน",
                "river_name": "แม่น้ำท่าจีน"
            }
        },
        {
            "type": "Feature",
            "geometry": {
                "type": "Point",
                "coordinates": [
                    99.828346,
                    17.30744
                ]
            },
            "properties": {
                "id": 1144479507,
                "station_name": "บ้านวังขอนไม้",
                "tele_station_oldcode": "Y.3A",
                "tele_station_name": "บ้านวังขอนไม้",
                "waterlevel_datetime": "2025-10-04 11:00",
                "waterlevel_msl": "60.78",
                "discharge": "718.00",
                "storage_percent": "89.75",
                "agency": "ชป.",
                "basin": "ลุ่มน้ำยม",
                "province": "สุโขทัย",
                "amphoe": "สวรรคโลก",
                "tumbon": "เมืองสวรรคโลก",
                "river_name": "แม่น้ำยม"
            }
        },
        {
            "type": "Feature",
            "geometry": {
                "type": "Point",
                "coordinates": [
                    101.75235,
                    5.827553
                ]
            },
            "properties": {
                "id": 1144485004,
                "station_name": "สะพานตาบัว บ้านยาเด๊ะ",
                "tele_station_oldcode": "SKN002",
                "tele_station_name": "สะพานตาบัว บ้านยาเด๊ะ",
                "waterlevel_datetime": "2025-10-04 12:00",
                "waterlevel_msl": "112.47",
                "discharge": null,
                "storage_percent": "89.58",
                "agency": "สสน.",
                "basin": "ลุ่มน้ำภาคใต้ฝั่งตะวันออกตอนล่าง",
                "province": "นราธิวาส",
                "amphoe": "สุคิริน",
                "tumbon": "มาโมง",
                "river_name": "คลองอัยดาลอ"
            }
        },
        {
            "type": "Feature",
            "geometry": {
                "type": "Point",
                "coordinates": [
                    102.450798,
                    17.082161
                ]
            },
            "properties": {
                "id": 1144481260,
                "station_name": "บ้านข้องโป้",
                "tele_station_oldcode": "E.68A",
                "tele_station_name": "บ้านข้องโป้",
                "waterlevel_datetime": "2025-10-04 11:00",
                "waterlevel_msl": "199.22",
                "discharge": "61.20",
                "storage_percent": "89.52",
                "agency": "ชป.",
                "basin": "ลุ่มน้ำชี",
                "province": "หนองบัวลำภู",
                "amphoe": "เมืองหนองบัวลำภู",
                "tumbon": "บ้านขาม",
                "river_name": "ลำพะเนียง"
            }
        },
        {
            "type": "Feature",
            "geometry": {
                "type": "Point",
                "coordinates": [
                    104.633453,
                    15.00636
                ]
            },
            "properties": {
                "id": 1144478808,
                "station_name": "บ้านโนนสีไคล",
                "tele_station_oldcode": "M.176",
                "tele_station_name": "บ้านโนนสีไคล",
                "waterlevel_datetime": "2025-10-04 11:00",
                "waterlevel_msl": "120.95",
                "discharge": "325.30",
                "storage_percent": "89.50",
                "agency": "ชป.",
                "basin": "ลุ่มน้ำมูล",
                "province": "ศรีสะเกษ",
                "amphoe": "โนนคูณ",
                "tumbon": "บก",
                "river_name": "ห้วยขะยุง"
            }
        },
        {
            "type": "Feature",
            "geometry": {
                "type": "Point",
                "coordinates": [
                    102.805687,
                    15.02688
                ]
            },
            "properties": {
                "id": 1144478817,
                "station_name": "บ้านหินโคนเก่า",
                "tele_station_oldcode": "M.185A",
                "tele_station_name": "บ้านหินโคนเก่า",
                "waterlevel_datetime": "2025-10-04 11:00",
                "waterlevel_msl": "157.91",
                "discharge": "158.50",
                "storage_percent": "89.49",
                "agency": "ชป.",
                "basin": "ลุ่มน้ำมูล",
                "province": "บุรีรัมย์",
                "amphoe": "ลำปลายมาศ",
                "tumbon": "หินโคน",
                "river_name": "ลำปลายมาศ"
            }
        },
        {
            "type": "Feature",
            "geometry": {
                "type": "Point",
                "coordinates": [
                    104.71621,
                    16.922228
                ]
            },
            "properties": {
                "id": 1144484880,
                "station_name": "ปตร.ธรณิศนฤมิต-ท้ายน้ำ",
                "tele_station_oldcode": "ONE007",
                "tele_station_name": "ปตร.ธรณิศนฤมิต-ท้ายน้ำ",
                "waterlevel_datetime": "2025-10-04 12:00",
                "waterlevel_msl": "138.30",
                "discharge": null,
                "storage_percent": "89.37",
                "agency": "สสน.",
                "basin": "ลุ่มน้ำโขงตะวันออกเฉียงเหนือ",
                "province": "นครพนม",
                "amphoe": "ธาตุพนม",
                "tumbon": "น้ำก่ำ",
                "river_name": "ลำน้ำกำ"
            }
        },
        {
            "type": "Feature",
            "geometry": {
                "type": "Point",
                "coordinates": [
                    103.68261,
                    15.32958
                ]
            },
            "properties": {
                "id": 1144478825,
                "station_name": "บ้านพงสวาย",
                "tele_station_oldcode": "M.4",
                "tele_station_name": "บ้านพงสวาย",
                "waterlevel_datetime": "2025-10-04 11:00",
                "waterlevel_msl": "124.20",
                "discharge": "763.30",
                "storage_percent": "89.11",
                "agency": "ชป.",
                "basin": "ลุ่มน้ำมูล",
                "province": "สุรินทร์",
                "amphoe": "ท่าตูม",
                "tumbon": "ท่าตูม",
                "river_name": "แม่น้ำมูล"
            }
        },
        {
            "type": "Feature",
            "geometry": {
                "type": "Point",
                "coordinates": [
                    99.95933,
                    16.92732
                ]
            },
            "properties": {
                "id": 1144485095,
                "station_name": "กงไกรลาศ",
                "tele_station_oldcode": "YOM007",
                "tele_station_name": "กงไกรลาศ",
                "waterlevel_datetime": "2025-10-04 12:00",
                "waterlevel_msl": "43.61",
                "discharge": null,
                "storage_percent": "89.04",
                "agency": "สสน.",
                "basin": "ลุ่มน้ำยม",
                "province": "สุโขทัย",
                "amphoe": "กงไกรลาศ",
                "tumbon": "กง",
                "river_name": "แม่น้ำยม"
            }
        },
        {
            "type": "Feature",
            "geometry": {
                "type": "Point",
                "coordinates": [
                    101.51891,
                    14.07091
                ]
            },
            "properties": {
                "id": 1144484931,
                "station_name": "ประจันตคาม (KGT7A)",
                "tele_station_oldcode": "PRC004",
                "tele_station_name": "ประจันตคาม (KGT7A)",
                "waterlevel_datetime": "2025-10-04 12:00",
                "waterlevel_msl": "6.02",
                "discharge": null,
                "storage_percent": "88.83",
                "agency": "สสน.",
                "basin": "ลุ่มน้ำบางปะกง",
                "province": "ปราจีนบุรี",
                "amphoe": "ประจันตคาม",
                "tumbon": "ประจันตคาม",
                "river_name": "คลองอินทร์ไตร"
            }
        },
        {
            "type": "Feature",
            "geometry": {
                "type": "Point",
                "coordinates": [
                    99.8918,
                    7.48415
                ]
            },
            "properties": {
                "id": 1144484544,
                "station_name": "น้ำตกโตนแพรทอง",
                "tele_station_oldcode": "MOU510",
                "tele_station_name": "น้ำตกโตนแพรทอง",
                "waterlevel_datetime": "2025-10-04 12:00",
                "waterlevel_msl": "399.05",
                "discharge": null,
                "storage_percent": "88.75",
                "agency": "พพภ",
                "basin": "ลุ่มน้ำทะเลสาบสงขลา",
                "province": "พัทลุง",
                "amphoe": "กงหรา",
                "tumbon": "กงหรา",
                "river_name": "คลองลำสิน"
            }
        },
        {
            "type": "Feature",
            "geometry": {
                "type": "Point",
                "coordinates": [
                    104.50032,
                    15.30323
                ]
            },
            "properties": {
                "id": 1144478852,
                "station_name": "บ้านเขื่องใน",
                "tele_station_oldcode": "E.98",
                "tele_station_name": "บ้านเขื่องใน",
                "waterlevel_datetime": "2025-10-04 11:00",
                "waterlevel_msl": "117.37",
                "discharge": "1243.00",
                "storage_percent": "88.75",
                "agency": "ชป.",
                "basin": "ลุ่มน้ำชี",
                "province": "อุบลราชธานี",
                "amphoe": "เขื่องใน",
                "tumbon": "สร้างถ่อ",
                "river_name": "แม่น้ำชี"
            }
        },
        {
            "type": "Feature",
            "geometry": {
                "type": "Point",
                "coordinates": [
                    102.5005,
                    12.325215
                ]
            },
            "properties": {
                "id": 1144485063,
                "station_name": "เมืองตราด",
                "tele_station_oldcode": "TRD001",
                "tele_station_name": "เมืองตราด",
                "waterlevel_datetime": "2025-10-04 12:00",
                "waterlevel_msl": "-0.15",
                "discharge": null,
                "storage_percent": "88.70",
                "agency": "สสน.",
                "basin": "ลุ่มน้ำชายฝั่งทะเลตะวันออก",
                "province": "ตราด",
                "amphoe": "เมืองตราด",
                "tumbon": "ห้วยแร้ง",
                "river_name": "แม่น้ำเขาสมิง"
            }
        },
        {
            "type": "Feature",
            "geometry": {
                "type": "Point",
                "coordinates": [
                    100.13471,
                    15.42655
                ]
            },
            "properties": {
                "id": 1144484708,
                "station_name": "พยุหะคีรี",
                "tele_station_oldcode": "CPY002",
                "tele_station_name": "พยุหะคีรี",
                "waterlevel_datetime": "2025-10-04 12:00",
                "waterlevel_msl": "20.05",
                "discharge": null,
                "storage_percent": "88.48",
                "agency": "สสน.",
                "basin": "ลุ่มน้ำเจ้าพระยา",
                "province": "นครสวรรค์",
                "amphoe": "พยุหะคีรี",
                "tumbon": "ท่าน้ำอ้อย",
                "river_name": "แม่น้ำเจ้าพระยา"
            }
        },
        {
            "type": "Feature",
            "geometry": {
                "type": "Point",
                "coordinates": [
                    100.00566,
                    17.07422
                ]
            },
            "properties": {
                "id": 1144484900,
                "station_name": "สะพานข้ามแม่น้ำยมสายเก่า-ตำบลไกรใน",
                "tele_station_oldcode": "ONE040",
                "tele_station_name": "สะพานข้ามแม่น้ำยมสายเก่า-ตำบลไกรใน",
                "waterlevel_datetime": "2025-10-04 12:00",
                "waterlevel_msl": "46.68",
                "discharge": null,
                "storage_percent": "88.39",
                "agency": "สสน.",
                "basin": "ลุ่มน้ำยม",
                "province": "สุโขทัย",
                "amphoe": "กงไกรลาศ",
                "tumbon": "ไกรใน",
                "river_name": "คลองวังทอง"
            }
        },
        {
            "type": "Feature",
            "geometry": {
                "type": "Point",
                "coordinates": [
                    103.292282,
                    15.30003
                ]
            },
            "properties": {
                "id": 1144478828,
                "station_name": "บ้านสตึก",
                "tele_station_oldcode": "M.6A",
                "tele_station_name": "บ้านสตึก",
                "waterlevel_datetime": "2025-10-04 11:00",
                "waterlevel_msl": "129.80",
                "discharge": "574.90",
                "storage_percent": "88.24",
                "agency": "ชป.",
                "basin": "ลุ่มน้ำมูล",
                "province": "สุรินทร์",
                "amphoe": "ชุมพลบุรี",
                "tumbon": "กระเบื้อง",
                "river_name": "แม่น้ำมูล"
            }
        },
        {
            "type": "Feature",
            "geometry": {
                "type": "Point",
                "coordinates": [
                    101.77475,
                    5.939266
                ]
            },
            "properties": {
                "id": 1144484992,
                "station_name": "สุคิริน",
                "tele_station_oldcode": "SAY001",
                "tele_station_name": "สุคิริน",
                "waterlevel_datetime": "2025-10-04 12:00",
                "waterlevel_msl": "100.64",
                "discharge": null,
                "storage_percent": "88.23",
                "agency": "สสน.",
                "basin": "ลุ่มน้ำภาคใต้ฝั่งตะวันออกตอนล่าง",
                "province": "นราธิวาส",
                "amphoe": "สุคิริน",
                "tumbon": "สุคิริน",
                "river_name": "แม่น้ำสายบุรี"
            }
        },
        {
            "type": "Feature",
            "geometry": {
                "type": "Point",
                "coordinates": [
                    100.41471,
                    15.169044
                ]
            },
            "properties": {
                "id": 1144484691,
                "station_name": "บ่อดินขาว",
                "tele_station_oldcode": "CHK001",
                "tele_station_name": "บ่อดินขาว",
                "waterlevel_datetime": "2025-10-04 12:00",
                "waterlevel_msl": "14.83",
                "discharge": null,
                "storage_percent": "88.21",
                "agency": "สสน.",
                "basin": "ลุ่มน้ำเจ้าพระยา",
                "province": "นครสวรรค์",
                "amphoe": "ตาคลี",
                "tumbon": "ช่องแค",
                "river_name": "คลองอนุศาสนนันท์"
            }
        },
        {
            "type": "Feature",
            "geometry": {
                "type": "Point",
                "coordinates": [
                    100.12127,
                    16.95387
                ]
            },
            "properties": {
                "id": 1144484721,
                "station_name": "คลองผันน้ำยม-น่าน2",
                "tele_station_oldcode": "DIV002",
                "tele_station_name": "คลองผันน้ำยม-น่าน2",
                "waterlevel_datetime": "2025-10-04 12:00",
                "waterlevel_msl": "43.48",
                "discharge": null,
                "storage_percent": "88.20",
                "agency": "สสน.",
                "basin": "ลุ่มน้ำยม",
                "province": "พิษณุโลก",
                "amphoe": "พรหมพิราม",
                "tumbon": "ท่าช้าง",
                "river_name": "คลองเมม"
            }
        },
        {
            "type": "Feature",
            "geometry": {
                "type": "Point",
                "coordinates": [
                    100.43866,
                    13.79963
                ]
            },
            "properties": {
                "id": 1144484674,
                "station_name": "คลองมหาสวัสดิ บางกรวย-สวนผัก",
                "tele_station_oldcode": "BKK003",
                "tele_station_name": "คลองมหาสวัสดิ บางกรวย-สวนผัก",
                "waterlevel_datetime": "2025-10-04 12:00",
                "waterlevel_msl": "1.45",
                "discharge": null,
                "storage_percent": "88.05",
                "agency": "สสน.",
                "basin": "ลุ่มน้ำเจ้าพระยา",
                "province": "กรุงเทพมหานคร",
                "amphoe": "ตลิ่งชัน",
                "tumbon": "ตลิ่งชัน",
                "river_name": "คลองมหาสวัสดิ์"
            }
        },
        {
            "type": "Feature",
            "geometry": {
                "type": "Point",
                "coordinates": [
                    102.242737,
                    15.18159
                ]
            },
            "properties": {
                "id": 1144478848,
                "station_name": "บ้านบัว",
                "tele_station_oldcode": "M.188A",
                "tele_station_name": "บ้านบัว",
                "waterlevel_datetime": "2025-10-04 11:00",
                "waterlevel_msl": "162.15",
                "discharge": "51.01",
                "storage_percent": "87.90",
                "agency": "ชป.",
                "basin": "ลุ่มน้ำมูล",
                "province": "นครราชสีมา",
                "amphoe": "โนนสูง",
                "tumbon": "โนนสูง",
                "river_name": "ลำเชิงไกร"
            }
        },
        {
            "type": "Feature",
            "geometry": {
                "type": "Point",
                "coordinates": [
                    99.41808,
                    15.84175
                ]
            },
            "properties": {
                "id": 1144485000,
                "station_name": "สะพานแม่เล่ย์",
                "tele_station_oldcode": "SKG004",
                "tele_station_name": "สะพานแม่เล่ย์",
                "waterlevel_datetime": "2025-10-04 12:00",
                "waterlevel_msl": "133.57",
                "discharge": null,
                "storage_percent": "87.75",
                "agency": "สสน.",
                "basin": "ลุ่มน้ำสะแกกรัง",
                "province": "นครสวรรค์",
                "amphoe": "แม่วงก์",
                "tumbon": "แม่เล่ย์",
                "river_name": "คลองห้วยทราย"
            }
        },
        {
            "type": "Feature",
            "geometry": {
                "type": "Point",
                "coordinates": [
                    101.080902,
                    6.1525
                ]
            },
            "properties": {
                "id": 1144450222,
                "station_name": "บ้านหัวสะพาน",
                "tele_station_oldcode": "X.77",
                "tele_station_name": "บ้านหัวสะพาน",
                "waterlevel_datetime": "2025-10-04 09:00",
                "waterlevel_msl": "35.27",
                "discharge": "24.20",
                "storage_percent": "87.52",
                "agency": "ชป.",
                "basin": "ลุ่มน้ำภาคใต้ฝั่งตะวันออกตอนล่าง",
                "province": "ยะลา",
                "amphoe": "ธารโต",
                "tumbon": "คีรีเขต",
                "river_name": "คลองใหญ่"
            }
        },
        {
            "type": "Feature",
            "geometry": {
                "type": "Point",
                "coordinates": [
                    102.843826,
                    15.51345
                ]
            },
            "properties": {
                "id": 1144398378,
                "station_name": "บ้านโนนสมบูรณ์",
                "tele_station_oldcode": "M.174",
                "tele_station_name": "บ้านโนนสมบูรณ์",
                "waterlevel_datetime": "2025-10-04 06:00",
                "waterlevel_msl": "139.73",
                "discharge": "175.20",
                "storage_percent": "87.50",
                "agency": "ชป.",
                "basin": "ลุ่มน้ำมูล",
                "province": "บุรีรัมย์",
                "amphoe": "บ้านใหม่ไชยพจน์",
                "tumbon": "กู่สวนแตง",
                "river_name": "ลำสะแทต"
            }
        },
        {
            "type": "Feature",
            "geometry": {
                "type": "Point",
                "coordinates": [
                    105.239243,
                    15.24992
                ]
            },
            "properties": {
                "id": 1144478835,
                "station_name": "บ้านโพธิ์ตาก",
                "tele_station_oldcode": "M.11B",
                "tele_station_name": "บ้านโพธิ์ตาก",
                "waterlevel_datetime": "2025-10-04 11:00",
                "waterlevel_msl": "110.87",
                "discharge": "4055.00",
                "storage_percent": "87.13",
                "agency": "ชป.",
                "basin": "ลุ่มน้ำมูล",
                "province": "อุบลราชธานี",
                "amphoe": "พิบูลมังสาหาร",
                "tumbon": "โพธิ์ศรี",
                "river_name": "แม่น้ำมูล"
            }
        },
        {
            "type": "Feature",
            "geometry": {
                "type": "Point",
                "coordinates": [
                    100.0304,
                    8.438141
                ]
            },
            "properties": {
                "id": 1144484936,
                "station_name": "สะพานนางพระยา-บางหลวง ชุมชนปากนคร",
                "tele_station_oldcode": "PTT003",
                "tele_station_name": "สะพานนางพระยา-บางหลวง ชุมชนปากนคร",
                "waterlevel_datetime": "2025-10-04 12:00",
                "waterlevel_msl": "0.05",
                "discharge": null,
                "storage_percent": "86.95",
                "agency": "สสน.",
                "basin": "ลุ่มน้ำภาคใต้ฝั่งตะวันออกตอนบน",
                "province": "นครศรีธรรมราช",
                "amphoe": "เมืองนครศรีธรรมราช",
                "tumbon": "ท่าไร่",
                "river_name": null
            }
        },
        {
            "type": "Feature",
            "geometry": {
                "type": "Point",
                "coordinates": [
                    103.29233,
                    15.299861
                ]
            },
            "properties": {
                "id": 1143572704,
                "station_name": "สตึก",
                "tele_station_oldcode": "MUN014",
                "tele_station_name": "สตึก",
                "waterlevel_datetime": "2025-10-02 10:00",
                "waterlevel_msl": "129.45",
                "discharge": null,
                "storage_percent": "86.90",
                "agency": "สสน.",
                "basin": "ลุ่มน้ำมูล",
                "province": "บุรีรัมย์",
                "amphoe": "สตึก",
                "tumbon": "นิคม",
                "river_name": "แม่น้ำมูล"
            }
        },
        {
            "type": "Feature",
            "geometry": {
                "type": "Point",
                "coordinates": [
                    98.95974,
                    19.00985
                ]
            },
            "properties": {
                "id": 1144478302,
                "station_name": "บ้านแม่แต",
                "tele_station_oldcode": "P.67",
                "tele_station_name": "บ้านแม่แต",
                "waterlevel_datetime": "2025-10-04 11:00",
                "waterlevel_msl": "318.09",
                "discharge": "268.80",
                "storage_percent": "86.90",
                "agency": "ชป.",
                "basin": "ลุ่มน้ำปิง",
                "province": "เชียงใหม่",
                "amphoe": "แม่ริม",
                "tumbon": "ขี้เหล็ก",
                "river_name": "แม่น้ำปิง"
            }
        },
        {
            "type": "Feature",
            "geometry": {
                "type": "Point",
                "coordinates": [
                    99.53029,
                    14.01615
                ]
            },
            "properties": {
                "id": 1144471343,
                "station_name": "วัดไชยชุมพลชนะสงคราม (วัดใต้)",
                "tele_station_oldcode": "MKSND03",
                "tele_station_name": "วัดไชยชุมพลชนะสงคราม (วัดใต้)",
                "waterlevel_datetime": "2025-10-04 11:00",
                "waterlevel_msl": "22.78",
                "discharge": null,
                "storage_percent": "86.78",
                "agency": "กฟผ.",
                "basin": "ลุ่มน้ำแม่กลอง",
                "province": "กาญจนบุรี",
                "amphoe": "เมืองกาญจนบุรี",
                "tumbon": "หนองหญ้า",
                "river_name": "แม่น้ำแม่กลอง"
            }
        },
        {
            "type": "Feature",
            "geometry": {
                "type": "Point",
                "coordinates": [
                    103.774361,
                    17.86562
                ]
            },
            "properties": {
                "id": 1144481253,
                "station_name": "บ้านท่ากกแดง",
                "tele_station_oldcode": "Kh.98",
                "tele_station_name": "บ้านท่ากกแดง",
                "waterlevel_datetime": "2025-10-04 11:00",
                "waterlevel_msl": "147.77",
                "discharge": "376.20",
                "storage_percent": "86.73",
                "agency": "ชป.",
                "basin": "ลุ่มน้ำโขงตะวันออกเฉียงเหนือ",
                "province": "สกลนคร",
                "amphoe": "คำตากล้า",
                "tumbon": "คำตากล้า",
                "river_name": "แม่น้ำสงคราม"
            }
        },
        {
            "type": "Feature",
            "geometry": {
                "type": "Point",
                "coordinates": [
                    102.00953,
                    15.681611
                ]
            },
            "properties": {
                "id": 1144483279,
                "station_name": "เมืองชัยภูมิ",
                "tele_station_oldcode": "CHI003",
                "tele_station_name": "เมืองชัยภูมิ",
                "waterlevel_datetime": "2025-10-04 11:50",
                "waterlevel_msl": "184.39",
                "discharge": null,
                "storage_percent": "86.67",
                "agency": "สสน.",
                "basin": "ลุ่มน้ำชี",
                "province": "ชัยภูมิ",
                "amphoe": "เมืองชัยภูมิ",
                "tumbon": "บ้านค่าย",
                "river_name": "แม่น้ำชี"
            }
        },
        {
            "type": "Feature",
            "geometry": {
                "type": "Point",
                "coordinates": [
                    100.37951,
                    14.31973
                ]
            },
            "properties": {
                "id": 1144484719,
                "station_name": "เสนา",
                "tele_station_oldcode": "CPY017",
                "tele_station_name": "เสนา",
                "waterlevel_datetime": "2025-10-04 12:00",
                "waterlevel_msl": "2.88",
                "discharge": null,
                "storage_percent": "86.57",
                "agency": "สสน.",
                "basin": "ลุ่มน้ำเจ้าพระยา",
                "province": "พระนครศรีอยุธยา",
                "amphoe": "เสนา",
                "tumbon": "เจ้าเสด็จ",
                "river_name": "แม่น้ำน้อย"
            }
        },
        {
            "type": "Feature",
            "geometry": {
                "type": "Point",
                "coordinates": [
                    99.005089,
                    18.786961
                ]
            },
            "properties": {
                "id": 1144478297,
                "station_name": "สะพานนวรัฐ",
                "tele_station_oldcode": "P.1",
                "tele_station_name": "สะพานนวรัฐ",
                "waterlevel_datetime": "2025-10-04 11:00",
                "waterlevel_msl": "303.53",
                "discharge": "349.40",
                "storage_percent": "86.46",
                "agency": "ชป.",
                "basin": "ลุ่มน้ำปิง",
                "province": "เชียงใหม่",
                "amphoe": "เมืองเชียงใหม่",
                "tumbon": "วัดเกต",
                "river_name": "แม่น้ำปิง"
            }
        },
        {
            "type": "Feature",
            "geometry": {
                "type": "Point",
                "coordinates": [
                    100.824669,
                    17.0851
                ]
            },
            "properties": {
                "id": 1144479520,
                "station_name": "บ้านหนองกระท้าว",
                "tele_station_oldcode": "N.36",
                "tele_station_name": "บ้านหนองกระท้าว",
                "waterlevel_datetime": "2025-10-04 11:00",
                "waterlevel_msl": "198.88",
                "discharge": "58.46",
                "storage_percent": "86.43",
                "agency": "ชป.",
                "basin": "ลุ่มน้ำน่าน",
                "province": "พิษณุโลก",
                "amphoe": "นครไทย",
                "tumbon": "นครไทย",
                "river_name": "น้ำแควน้อย"
            }
        },
        {
            "type": "Feature",
            "geometry": {
                "type": "Point",
                "coordinates": [
                    100.8917,
                    14.22058
                ]
            },
            "properties": {
                "id": 1144484678,
                "station_name": "คลองระพีพัฒน์แยกใต้ หนองเสือ",
                "tele_station_oldcode": "BKK013",
                "tele_station_name": "คลองระพีพัฒน์แยกใต้ หนองเสือ",
                "waterlevel_datetime": "2025-10-04 12:00",
                "waterlevel_msl": "3.34",
                "discharge": null,
                "storage_percent": "86.43",
                "agency": "สสน.",
                "basin": "ลุ่มน้ำเจ้าพระยา",
                "province": "ปทุมธานี",
                "amphoe": "หนองเสือ",
                "tumbon": "นพรัตน์",
                "river_name": "คลองลาดผักขวง"
            }
        },
        {
            "type": "Feature",
            "geometry": {
                "type": "Point",
                "coordinates": [
                    100.40116,
                    14.412398
                ]
            },
            "properties": {
                "id": 1144485037,
                "station_name": "ปตร กุฎิ (ทุ่งป่าโมก)",
                "tele_station_oldcode": "TCP006",
                "tele_station_name": "ปตร กุฎิ (ทุ่งป่าโมก)",
                "waterlevel_datetime": "2025-10-04 12:00",
                "waterlevel_msl": "6.11",
                "discharge": null,
                "storage_percent": "86.31",
                "agency": "สสน.",
                "basin": "ลุ่มน้ำเจ้าพระยา",
                "province": "พระนครศรีอยุธยา",
                "amphoe": "ผักไห่",
                "tumbon": "ท่าดินแดง",
                "river_name": "แม่น้ำน้อย"
            }
        },
        {
            "type": "Feature",
            "geometry": {
                "type": "Point",
                "coordinates": [
                    99.228844,
                    16.53355
                ]
            },
            "properties": {
                "id": 1144479505,
                "station_name": "คลองวังเจ้า",
                "tele_station_oldcode": "P.50A",
                "tele_station_name": "คลองวังเจ้า",
                "waterlevel_datetime": "2025-10-04 11:00",
                "waterlevel_msl": "107.61",
                "discharge": "78.72",
                "storage_percent": "86.27",
                "agency": "ชป.",
                "basin": "ลุ่มน้ำปิง",
                "province": "ตาก",
                "amphoe": "วังเจ้า",
                "tumbon": "เชียงทอง",
                "river_name": "คลองวังเจ้า"
            }
        },
        {
            "type": "Feature",
            "geometry": {
                "type": "Point",
                "coordinates": [
                    103.27108,
                    16.2323
                ]
            },
            "properties": {
                "id": 1144484690,
                "station_name": "เมืองมหาสารคาม",
                "tele_station_oldcode": "CHI012",
                "tele_station_name": "เมืองมหาสารคาม",
                "waterlevel_datetime": "2025-10-04 12:00",
                "waterlevel_msl": "143.02",
                "discharge": null,
                "storage_percent": "86.25",
                "agency": "สสน.",
                "basin": "ลุ่มน้ำชี",
                "province": "มหาสารคาม",
                "amphoe": "เมืองมหาสารคาม",
                "tumbon": "เกิ้ง",
                "river_name": "แม่น้ำชี"
            }
        },
        {
            "type": "Feature",
            "geometry": {
                "type": "Point",
                "coordinates": [
                    99.217619,
                    9.074279
                ]
            },
            "properties": {
                "id": 1144470638,
                "station_name": "สะพานบ้างอ้อ อ.พุนพิน",
                "tele_station_oldcode": "RPBRPBD13",
                "tele_station_name": "สะพานบ้างอ้อ อ.พุนพิน",
                "waterlevel_datetime": "2025-10-04 11:00",
                "waterlevel_msl": "0.20",
                "discharge": null,
                "storage_percent": "86.23",
                "agency": "กฟผ.",
                "basin": "ลุ่มน้ำภาคใต้ฝั่งตะวันออกตอนบน",
                "province": "สุราษฎร์ธานี",
                "amphoe": "พุนพิน",
                "tumbon": "เขาหัวควาย",
                "river_name": null
            }
        },
        {
            "type": "Feature",
            "geometry": {
                "type": "Point",
                "coordinates": [
                    102.52681,
                    12.262464
                ]
            },
            "properties": {
                "id": 1144485065,
                "station_name": "วังกระแจะ",
                "tele_station_oldcode": "TRD003",
                "tele_station_name": "วังกระแจะ",
                "waterlevel_datetime": "2025-10-04 12:00",
                "waterlevel_msl": "0.30",
                "discharge": null,
                "storage_percent": "86.20",
                "agency": "สสน.",
                "basin": "ลุ่มน้ำชายฝั่งทะเลตะวันออก",
                "province": "ตราด",
                "amphoe": "เมืองตราด",
                "tumbon": "วังกระแจะ",
                "river_name": "แม่น้ำตราด"
            }
        },
        {
            "type": "Feature",
            "geometry": {
                "type": "Point",
                "coordinates": [
                    99.263785,
                    9.191049
                ]
            },
            "properties": {
                "id": 1144470641,
                "station_name": "วัดโชติการาม อ.เมืองสุราษฎร์ธานี",
                "tele_station_oldcode": "RPBRPBD15",
                "tele_station_name": "วัดโชติการาม อ.เมืองสุราษฎร์ธานี",
                "waterlevel_datetime": "2025-10-04 11:00",
                "waterlevel_msl": "0.06",
                "discharge": null,
                "storage_percent": "86.20",
                "agency": "กฟผ.",
                "basin": "ลุ่มน้ำภาคใต้ฝั่งตะวันออกตอนบน",
                "province": "สุราษฎร์ธานี",
                "amphoe": "เมืองสุราษฎร์ธานี",
                "tumbon": "บางโพธิ์",
                "river_name": null
            }
        },
        {
            "type": "Feature",
            "geometry": {
                "type": "Point",
                "coordinates": [
                    103.577011,
                    16.34078
                ]
            },
            "properties": {
                "id": 1144481239,
                "station_name": "บ้านวังหิน",
                "tele_station_oldcode": "E.87",
                "tele_station_name": "บ้านวังหิน",
                "waterlevel_datetime": "2025-10-04 11:00",
                "waterlevel_msl": "136.30",
                "discharge": "169.00",
                "storage_percent": "86.09",
                "agency": "ชป.",
                "basin": "ลุ่มน้ำชี",
                "province": "กาฬสินธุ์",
                "amphoe": "กมลาไสย",
                "tumbon": "กมลาไสย",
                "river_name": "ลำปาว"
            }
        },
        {
            "type": "Feature",
            "geometry": {
                "type": "Point",
                "coordinates": [
                    100.45319,
                    7.134991
                ]
            },
            "properties": {
                "id": 1144484898,
                "station_name": "สะพานข้ามคลองอู่ตะเภา",
                "tele_station_oldcode": "ONE037",
                "tele_station_name": "สะพานข้ามคลองอู่ตะเภา",
                "waterlevel_datetime": "2025-10-04 12:00",
                "waterlevel_msl": "0.09",
                "discharge": null,
                "storage_percent": "86.06",
                "agency": "สสน.",
                "basin": "ลุ่มน้ำทะเลสาบสงขลา",
                "province": "สงขลา",
                "amphoe": "หาดใหญ่",
                "tumbon": "คูเต่า",
                "river_name": "คลองอู่ตะเภา"
            }
        },
        {
            "type": "Feature",
            "geometry": {
                "type": "Point",
                "coordinates": [
                    100.563126,
                    13.695561
                ]
            },
            "properties": {
                "id": 1144484665,
                "station_name": "สวนศรีนครเขื่อนขันธ์",
                "tele_station_oldcode": "BKC001",
                "tele_station_name": "สวนศรีนครเขื่อนขันธ์",
                "waterlevel_datetime": "2025-10-04 12:00",
                "waterlevel_msl": "0.80",
                "discharge": null,
                "storage_percent": "85.74",
                "agency": "สสน.",
                "basin": "ลุ่มน้ำเจ้าพระยา",
                "province": "สมุทรปราการ",
                "amphoe": "พระประแดง",
                "tumbon": "บางกระเจ้า",
                "river_name": "แม่น้ำเจ้าพระยา"
            }
        },
        {
            "type": "Feature",
            "geometry": {
                "type": "Point",
                "coordinates": [
                    101.24676,
                    16.781506
                ]
            },
            "properties": {
                "id": 1144480573,
                "station_name": "หล่มสัก",
                "tele_station_oldcode": "PAS001",
                "tele_station_name": "หล่มสัก",
                "waterlevel_datetime": "2025-10-04 11:40",
                "waterlevel_msl": "143.64",
                "discharge": null,
                "storage_percent": "85.60",
                "agency": "สสน.",
                "basin": "ลุ่มน้ำป่าสัก",
                "province": "เพชรบูรณ์",
                "amphoe": "หล่มสัก",
                "tumbon": "หล่มสัก",
                "river_name": "แม่น้ำป่าสัก"
            }
        },
        {
            "type": "Feature",
            "geometry": {
                "type": "Point",
                "coordinates": [
                    99.959427,
                    16.927429
                ]
            },
            "properties": {
                "id": 1144479460,
                "station_name": "บ้านกง",
                "tele_station_oldcode": "Y.15",
                "tele_station_name": "บ้านกง",
                "waterlevel_datetime": "2025-10-04 11:00",
                "waterlevel_msl": "43.84",
                "discharge": "295.40",
                "storage_percent": "85.36",
                "agency": "ชป.",
                "basin": "ลุ่มน้ำยม",
                "province": "สุโขทัย",
                "amphoe": "กงไกรลาศ",
                "tumbon": "กง",
                "river_name": "แม่น้ำยม"
            }
        },
        {
            "type": "Feature",
            "geometry": {
                "type": "Point",
                "coordinates": [
                    100.32663,
                    16.998871
                ]
            },
            "properties": {
                "id": 1144479476,
                "station_name": "บ้านท่างาม",
                "tele_station_oldcode": "N.22A",
                "tele_station_name": "บ้านท่างาม",
                "waterlevel_datetime": "2025-10-04 11:00",
                "waterlevel_msl": "47.77",
                "discharge": null,
                "storage_percent": "85.32",
                "agency": "ชป.",
                "basin": "ลุ่มน้ำน่าน",
                "province": "พิษณุโลก",
                "amphoe": "วัดโบสถ์",
                "tumbon": "วัดโบสถ์",
                "river_name": "น้ำแควน้อย"
            }
        },
        {
            "type": "Feature",
            "geometry": {
                "type": "Point",
                "coordinates": [
                    100.79468,
                    13.74071
                ]
            },
            "properties": {
                "id": 1143256805,
                "station_name": "คลองลำปลาทิว ลาดกระบัง",
                "tele_station_oldcode": "BKK009",
                "tele_station_name": "คลองลำปลาทิว ลาดกระบัง",
                "waterlevel_datetime": "2025-10-01 15:40",
                "waterlevel_msl": "0.06",
                "discharge": null,
                "storage_percent": "85.22",
                "agency": "สสน.",
                "basin": "ลุ่มน้ำบางปะกง",
                "province": "กรุงเทพมหานคร",
                "amphoe": "ลาดกระบัง",
                "tumbon": "ลาดกระบัง",
                "river_name": "คลองลำปลาทิว"
            }
        },
        {
            "type": "Feature",
            "geometry": {
                "type": "Point",
                "coordinates": [
                    100.325921,
                    16.998826
                ]
            },
            "properties": {
                "id": 1144471552,
                "station_name": "อ.วัดโบสถ์ (N.22A)",
                "tele_station_oldcode": "SKD09",
                "tele_station_name": "อ.วัดโบสถ์ (N.22A)",
                "waterlevel_datetime": "2025-10-04 11:00",
                "waterlevel_msl": "47.82",
                "discharge": null,
                "storage_percent": "84.99",
                "agency": "กฟผ.",
                "basin": "ลุ่มน้ำน่าน",
                "province": "พิษณุโลก",
                "amphoe": "วัดโบสถ์",
                "tumbon": "วัดโบสถ์",
                "river_name": "น้ำแควน้อย"
            }
        },
        {
            "type": "Feature",
            "geometry": {
                "type": "Point",
                "coordinates": [
                    101.76639,
                    5.895709
                ]
            },
            "properties": {
                "id": 1144485005,
                "station_name": "สะพานกะลูบี บ้านสายปารี",
                "tele_station_oldcode": "SKN003",
                "tele_station_name": "สะพานกะลูบี บ้านสายปารี",
                "waterlevel_datetime": "2025-10-04 12:00",
                "waterlevel_msl": "21.42",
                "discharge": null,
                "storage_percent": "84.98",
                "agency": "สสน.",
                "basin": "ลุ่มน้ำภาคใต้ฝั่งตะวันออกตอนล่าง",
                "province": "นราธิวาส",
                "amphoe": "สุคิริน",
                "tumbon": "มาโมง",
                "river_name": "แม่น้ำสายบุรี"
            }
        },
        {
            "type": "Feature",
            "geometry": {
                "type": "Point",
                "coordinates": [
                    100.11476,
                    14.47047
                ]
            },
            "properties": {
                "id": 1144485047,
                "station_name": "เมืองสุพรรณบุรี",
                "tele_station_oldcode": "THA005",
                "tele_station_name": "เมืองสุพรรณบุรี",
                "waterlevel_datetime": "2025-10-04 12:00",
                "waterlevel_msl": "3.95",
                "discharge": null,
                "storage_percent": "84.66",
                "agency": "สสน.",
                "basin": "ลุ่มน้ำท่าจีน",
                "province": "สุพรรณบุรี",
                "amphoe": "เมืองสุพรรณบุรี",
                "tumbon": "ท่าพี่เลี้ยง",
                "river_name": "แม่น้ำสุพรรณ"
            }
        },
        {
            "type": "Feature",
            "geometry": {
                "type": "Point",
                "coordinates": [
                    100.193932,
                    7.10502
                ]
            },
            "properties": {
                "id": 1144450166,
                "station_name": "บ้านนาสีทอง",
                "tele_station_oldcode": "X.67A",
                "tele_station_name": "บ้านนาสีทอง",
                "waterlevel_datetime": "2025-10-04 09:00",
                "waterlevel_msl": "33.57",
                "discharge": "4.70",
                "storage_percent": "84.57",
                "agency": "ชป.",
                "basin": "ลุ่มน้ำทะเลสาบสงขลา",
                "province": "สงขลา",
                "amphoe": "รัตภูมิ",
                "tumbon": "เขาพระ",
                "river_name": "คลองรัตภูมิ"
            }
        },
        {
            "type": "Feature",
            "geometry": {
                "type": "Point",
                "coordinates": [
                    104.7161,
                    16.92319
                ]
            },
            "properties": {
                "id": 1144484879,
                "station_name": "ปตร.ธรณิศนฤมิต-เหนือน้ำ",
                "tele_station_oldcode": "ONE006",
                "tele_station_name": "ปตร.ธรณิศนฤมิต-เหนือน้ำ",
                "waterlevel_datetime": "2025-10-04 12:00",
                "waterlevel_msl": "138.38",
                "discharge": null,
                "storage_percent": "84.51",
                "agency": "สสน.",
                "basin": "ลุ่มน้ำโขงตะวันออกเฉียงเหนือ",
                "province": "นครพนม",
                "amphoe": "ธาตุพนม",
                "tumbon": "น้ำก่ำ",
                "river_name": "ลำน้ำกำ"
            }
        },
        {
            "type": "Feature",
            "geometry": {
                "type": "Point",
                "coordinates": [
                    101.246674,
                    16.78153
                ]
            },
            "properties": {
                "id": 1144479533,
                "station_name": "ต.ตาลเดี่ยว",
                "tele_station_oldcode": "S.3",
                "tele_station_name": "ต.ตาลเดี่ยว",
                "waterlevel_datetime": "2025-10-04 11:00",
                "waterlevel_msl": "144.06",
                "discharge": "51.49",
                "storage_percent": "84.49",
                "agency": "ชป.",
                "basin": "ลุ่มน้ำป่าสัก",
                "province": "เพชรบูรณ์",
                "amphoe": "หล่มสัก",
                "tumbon": "ตาลเดี่ยว",
                "river_name": "แม่น้ำป่าสัก"
            }
        },
        {
            "type": "Feature",
            "geometry": {
                "type": "Point",
                "coordinates": [
                    103.98092,
                    17.59971
                ]
            },
            "properties": {
                "id": 1142208975,
                "station_name": "บ้านโพธิ์ชัยทอง",
                "tele_station_oldcode": "TBW028",
                "tele_station_name": "บ้านโพธิ์ชัยทอง",
                "waterlevel_datetime": "2025-09-29 07:30",
                "waterlevel_msl": "149.30",
                "discharge": null,
                "storage_percent": "84.33",
                "agency": "สสน.",
                "basin": "ลุ่มน้ำโขงตะวันออกเฉียงเหนือ",
                "province": "สกลนคร",
                "amphoe": "อากาศอำนวย",
                "tumbon": "อากาศ",
                "river_name": "ลำน้ำยาม"
            }
        },
        {
            "type": "Feature",
            "geometry": {
                "type": "Point",
                "coordinates": [
                    101.25216,
                    6.738531
                ]
            },
            "properties": {
                "id": 1144484473,
                "station_name": "คลองกาแลกูโบ หมู่ที่ 1",
                "tele_station_oldcode": "FOP040",
                "tele_station_name": "คลองกาแลกูโบ หมู่ที่ 1",
                "waterlevel_datetime": "2025-10-04 12:00",
                "waterlevel_msl": "2.71",
                "discharge": null,
                "storage_percent": "84.33",
                "agency": "พพภ",
                "basin": "ลุ่มน้ำภาคใต้ฝั่งตะวันออกตอนล่าง",
                "province": "ปัตตานี",
                "amphoe": "ยะรัง",
                "tumbon": "คลองใหม่",
                "river_name": "แม่น้ำปัตตานี"
            }
        },
        {
            "type": "Feature",
            "geometry": {
                "type": "Point",
                "coordinates": [
                    104.52569,
                    16.195423
                ]
            },
            "properties": {
                "id": 1144485032,
                "station_name": "ลำเซบาย",
                "tele_station_oldcode": "TBW033",
                "tele_station_name": "ลำเซบาย",
                "waterlevel_datetime": "2025-10-04 12:00",
                "waterlevel_msl": "143.97",
                "discharge": null,
                "storage_percent": "84.23",
                "agency": "สสน.",
                "basin": "ลุ่มน้ำมูล",
                "province": "ยโสธร",
                "amphoe": "เลิงนกทา",
                "tumbon": "สวาท",
                "river_name": "ลำเซบาย"
            }
        },
        {
            "type": "Feature",
            "geometry": {
                "type": "Point",
                "coordinates": [
                    102.59243,
                    17.2659
                ]
            },
            "properties": {
                "id": 1144481247,
                "station_name": "บ้านหนองวัวซอ",
                "tele_station_oldcode": "Kh.53",
                "tele_station_name": "บ้านหนองวัวซอ",
                "waterlevel_datetime": "2025-10-04 11:00",
                "waterlevel_msl": "205.75",
                "discharge": "50.00",
                "storage_percent": "84.10",
                "agency": "ชป.",
                "basin": "ลุ่มน้ำโขงตะวันออกเฉียงเหนือ",
                "province": "อุดรธานี",
                "amphoe": "หนองวัวซอ",
                "tumbon": "หนองวัวซอ",
                "river_name": "ห้วยหลวง"
            }
        },
        {
            "type": "Feature",
            "geometry": {
                "type": "Point",
                "coordinates": [
                    101.713257,
                    6.16992
                ]
            },
            "properties": {
                "id": 1144450241,
                "station_name": "บ้านบองอ ",
                "tele_station_oldcode": "X.73A",
                "tele_station_name": "บ้านบองอ ",
                "waterlevel_datetime": "2025-10-04 09:00",
                "waterlevel_msl": "22.43",
                "discharge": null,
                "storage_percent": "83.69",
                "agency": "ชป.",
                "basin": "ลุ่มน้ำภาคใต้ฝั่งตะวันออกตอนล่าง",
                "province": "นราธิวาส",
                "amphoe": "ระแงะ",
                "tumbon": "บองอ",
                "river_name": "คลองบองอ"
            }
        },
        {
            "type": "Feature",
            "geometry": {
                "type": "Point",
                "coordinates": [
                    101.70547,
                    13.986654
                ]
            },
            "properties": {
                "id": 1144484928,
                "station_name": "กบินทร์บุรี",
                "tele_station_oldcode": "PRC001",
                "tele_station_name": "กบินทร์บุรี",
                "waterlevel_datetime": "2025-10-04 12:00",
                "waterlevel_msl": "9.26",
                "discharge": null,
                "storage_percent": "83.58",
                "agency": "สสน.",
                "basin": "ลุ่มน้ำบางปะกง",
                "province": "ปราจีนบุรี",
                "amphoe": "กบินทร์บุรี",
                "tumbon": "กบินทร์",
                "river_name": "แม่น้ำบางปะกง"
            }
        },
        {
            "type": "Feature",
            "geometry": {
                "type": "Point",
                "coordinates": [
                    101.892143,
                    5.83916
                ]
            },
            "properties": {
                "id": 1144450219,
                "station_name": "บ้านบูเก๊ะตา",
                "tele_station_oldcode": "X.274",
                "tele_station_name": "บ้านบูเก๊ะตา",
                "waterlevel_datetime": "2025-10-04 09:00",
                "waterlevel_msl": "19.60",
                "discharge": "34.00",
                "storage_percent": "83.40",
                "agency": "ชป.",
                "basin": "ลุ่มน้ำภาคใต้ฝั่งตะวันออกตอนล่าง",
                "province": "นราธิวาส",
                "amphoe": "แว้ง",
                "tumbon": "โละจูด",
                "river_name": "แม่น้ำโก-ลก"
            }
        },
        {
            "type": "Feature",
            "geometry": {
                "type": "Point",
                "coordinates": [
                    100.36446,
                    14.815273
                ]
            },
            "properties": {
                "id": 1144484766,
                "station_name": "สะพานค่ายบางระจัน",
                "tele_station_oldcode": "HDA007",
                "tele_station_name": "สะพานค่ายบางระจัน",
                "waterlevel_datetime": "2025-10-04 12:00",
                "waterlevel_msl": "8.47",
                "discharge": null,
                "storage_percent": "83.05",
                "agency": "สสน.",
                "basin": "ลุ่มน้ำเจ้าพระยา",
                "province": "สิงห์บุรี",
                "amphoe": "ค่ายบางระจัน",
                "tumbon": "โพสังโฆ",
                "river_name": null
            }
        },
        {
            "type": "Feature",
            "geometry": {
                "type": "Point",
                "coordinates": [
                    100.60019,
                    18.58397
                ]
            },
            "properties": {
                "id": 1144444064,
                "station_name": "น้ำสา",
                "tele_station_oldcode": "NAN016",
                "tele_station_name": "น้ำสา",
                "waterlevel_datetime": "2025-10-04 09:30",
                "waterlevel_msl": "231.05",
                "discharge": null,
                "storage_percent": "82.95",
                "agency": "สสน.",
                "basin": "ลุ่มน้ำน่าน",
                "province": "น่าน",
                "amphoe": "เวียงสา",
                "tumbon": "ปงสนุก",
                "river_name": "แม่น้ำสา"
            }
        },
        {
            "type": "Feature",
            "geometry": {
                "type": "Point",
                "coordinates": [
                    101.73485,
                    5.835676
                ]
            },
            "properties": {
                "id": 1144399599,
                "station_name": "สะพานไอร์ปาโจ",
                "tele_station_oldcode": "SKN001",
                "tele_station_name": "สะพานไอร์ปาโจ",
                "waterlevel_datetime": "2025-10-04 06:40",
                "waterlevel_msl": "92.37",
                "discharge": null,
                "storage_percent": "82.92",
                "agency": "สสน.",
                "basin": "ลุ่มน้ำภาคใต้ฝั่งตะวันออกตอนล่าง",
                "province": "นราธิวาส",
                "amphoe": "สุคิริน",
                "tumbon": "ภูเขาทอง",
                "river_name": "คลองไอร์ปาโจ"
            }
        },
        {
            "type": "Feature",
            "geometry": {
                "type": "Point",
                "coordinates": [
                    100.62624,
                    13.986156
                ]
            },
            "properties": {
                "id": 1144484758,
                "station_name": "ฟิวเจอร์ฯรังสิต",
                "tele_station_oldcode": "FROC01",
                "tele_station_name": "ฟิวเจอร์ฯรังสิต",
                "waterlevel_datetime": "2025-10-04 12:00",
                "waterlevel_msl": "0.99",
                "discharge": null,
                "storage_percent": "82.80",
                "agency": "สสน.",
                "basin": "ลุ่มน้ำเจ้าพระยา",
                "province": "ปทุมธานี",
                "amphoe": "ธัญบุรี",
                "tumbon": "รังสิต",
                "river_name": "คลองรังสิตประยูรศักดิ์"
            }
        },
        {
            "type": "Feature",
            "geometry": {
                "type": "Point",
                "coordinates": [
                    98.71213,
                    19.382942
                ]
            },
            "properties": {
                "id": 1144484510,
                "station_name": "สะพานน้ำแม่แตง",
                "tele_station_oldcode": "MOU302",
                "tele_station_name": "สะพานน้ำแม่แตง",
                "waterlevel_datetime": "2025-10-04 12:00",
                "waterlevel_msl": "606.61",
                "discharge": null,
                "storage_percent": "82.69",
                "agency": "พพภ",
                "basin": "ลุ่มน้ำปิง",
                "province": "เชียงใหม่",
                "amphoe": "เชียงดาว",
                "tumbon": "เมืองคอง",
                "river_name": null
            }
        },
        {
            "type": "Feature",
            "geometry": {
                "type": "Point",
                "coordinates": [
                    104.455704,
                    15.84008
                ]
            },
            "properties": {
                "id": 1144478790,
                "station_name": "บ้านเชียงเพ็ง",
                "tele_station_oldcode": "M.32",
                "tele_station_name": "บ้านเชียงเพ็ง",
                "waterlevel_datetime": "2025-10-04 11:00",
                "waterlevel_msl": "126.59",
                "discharge": "218.00",
                "storage_percent": "82.64",
                "agency": "ชป.",
                "basin": "ลุ่มน้ำมูล",
                "province": "ยโสธร",
                "amphoe": "ป่าติ้ว",
                "tumbon": "เชียงเพ็ง",
                "river_name": "ลำเซบาย"
            }
        },
        {
            "type": "Feature",
            "geometry": {
                "type": "Point",
                "coordinates": [
                    100.56218,
                    13.743286
                ]
            },
            "properties": {
                "id": 1144473730,
                "station_name": "อโศก",
                "tele_station_oldcode": "AIT001",
                "tele_station_name": "อโศก",
                "waterlevel_datetime": "2025-10-04 11:20",
                "waterlevel_msl": "2.06",
                "discharge": null,
                "storage_percent": "82.54",
                "agency": "สสน.",
                "basin": "ลุ่มน้ำเจ้าพระยา",
                "province": "กรุงเทพมหานคร",
                "amphoe": "วัฒนา",
                "tumbon": "คลองเตยเหนือ",
                "river_name": "คลองแสนแสบ"
            }
        },
        {
            "type": "Feature",
            "geometry": {
                "type": "Point",
                "coordinates": [
                    99.94391,
                    19.186577
                ]
            },
            "properties": {
                "id": 1144484941,
                "station_name": "สะพานบ้านเจดีย์งาม",
                "tele_station_oldcode": "PYO004",
                "tele_station_name": "สะพานบ้านเจดีย์งาม",
                "waterlevel_datetime": "2025-10-04 12:00",
                "waterlevel_msl": "387.34",
                "discharge": null,
                "storage_percent": "82.27",
                "agency": "สสน.",
                "basin": "ลุ่มน้ำโขงเหนือ",
                "province": "พะเยา",
                "amphoe": "เมืองพะเยา",
                "tumbon": "ท่าวังทอง",
                "river_name": "แม่น้ำอิง"
            }
        },
        {
            "type": "Feature",
            "geometry": {
                "type": "Point",
                "coordinates": [
                    102.804291,
                    16.356001
                ]
            },
            "properties": {
                "id": 1144481225,
                "station_name": "บ้านกุดกว้าง",
                "tele_station_oldcode": "E.16A",
                "tele_station_name": "บ้านกุดกว้าง",
                "waterlevel_datetime": "2025-10-04 11:00",
                "waterlevel_msl": "150.45",
                "discharge": "316.00",
                "storage_percent": "82.19",
                "agency": "ชป.",
                "basin": "ลุ่มน้ำชี",
                "province": "ขอนแก่น",
                "amphoe": "เมืองขอนแก่น",
                "tumbon": "ท่าพระ",
                "river_name": "แม่น้ำชี"
            }
        },
        {
            "type": "Feature",
            "geometry": {
                "type": "Point",
                "coordinates": [
                    100.744804,
                    14.206145
                ]
            },
            "properties": {
                "id": 1144484687,
                "station_name": "คลองระพีพัฒน์แยกตก",
                "tele_station_oldcode": "CAN001",
                "tele_station_name": "คลองระพีพัฒน์แยกตก",
                "waterlevel_datetime": "2025-10-04 12:00",
                "waterlevel_msl": "3.63",
                "discharge": null,
                "storage_percent": "82.12",
                "agency": "สสน.",
                "basin": "ลุ่มน้ำเจ้าพระยา",
                "province": "ปทุมธานี",
                "amphoe": "คลองหลวง",
                "tumbon": "คลองเจ็ด",
                "river_name": "คลองระพีพัฒน์แยกตก"
            }
        },
        {
            "type": "Feature",
            "geometry": {
                "type": "Point",
                "coordinates": [
                    102.08961,
                    17.039058
                ]
            },
            "properties": {
                "id": 1144471857,
                "station_name": "น้ำพวย อ.ผาขาว",
                "tele_station_oldcode": "URTU11",
                "tele_station_name": "น้ำพวย อ.ผาขาว",
                "waterlevel_datetime": "2025-10-04 11:00",
                "waterlevel_msl": "232.94",
                "discharge": "106.50",
                "storage_percent": "82.07",
                "agency": "กฟผ.",
                "basin": "ลุ่มน้ำชี",
                "province": "เลย",
                "amphoe": "ผาขาว",
                "tumbon": "ท่าช้างคล้อง",
                "river_name": "ห้วยพวย"
            }
        },
        {
            "type": "Feature",
            "geometry": {
                "type": "Point",
                "coordinates": [
                    103.819847,
                    15.57186
                ]
            },
            "properties": {
                "id": 1144478797,
                "station_name": "บ้านดอนยาง",
                "tele_station_oldcode": "M.95A",
                "tele_station_name": "บ้านดอนยาง",
                "waterlevel_datetime": "2025-10-04 11:00",
                "waterlevel_msl": "121.78",
                "discharge": "79.20",
                "storage_percent": "81.93",
                "agency": "ชป.",
                "basin": "ลุ่มน้ำมูล",
                "province": "ร้อยเอ็ด",
                "amphoe": "สุวรรณภูมิ",
                "tumbon": "สระคู",
                "river_name": "ลำเสียว"
            }
        },
        {
            "type": "Feature",
            "geometry": {
                "type": "Point",
                "coordinates": [
                    100.889786,
                    14.546948
                ]
            },
            "properties": {
                "id": 1144484771,
                "station_name": "สะพานแมน้ำปาสัก บ้านนาโฉง",
                "tele_station_oldcode": "HDA012",
                "tele_station_name": "สะพานแมน้ำปาสัก บ้านนาโฉง",
                "waterlevel_datetime": "2025-10-04 12:00",
                "waterlevel_msl": "9.74",
                "discharge": null,
                "storage_percent": "81.79",
                "agency": "สสน.",
                "basin": "ลุ่มน้ำป่าสัก",
                "province": "สระบุรี",
                "amphoe": "เมืองสระบุรี",
                "tumbon": "ปากเพรียว",
                "river_name": null
            }
        },
        {
            "type": "Feature",
            "geometry": {
                "type": "Point",
                "coordinates": [
                    101.219307,
                    14.20048
                ]
            },
            "properties": {
                "id": 1144480794,
                "station_name": "เทศบาลเมือง",
                "tele_station_oldcode": "Ny.7",
                "tele_station_name": "เทศบาลเมือง",
                "waterlevel_datetime": "2025-10-04 11:00",
                "waterlevel_msl": "6.39",
                "discharge": null,
                "storage_percent": "81.66",
                "agency": "ชป.",
                "basin": "ลุ่มน้ำบางปะกง",
                "province": "นครนายก",
                "amphoe": "เมืองนครนายก",
                "tumbon": "นครนายก",
                "river_name": "แม่น้ำนครนายก"
            }
        },
        {
            "type": "Feature",
            "geometry": {
                "type": "Point",
                "coordinates": [
                    98.978188,
                    18.86651
                ]
            },
            "properties": {
                "id": 1144478290,
                "station_name": "สะพานวงแหวนรอบ 3",
                "tele_station_oldcode": "P.103",
                "tele_station_name": "สะพานวงแหวนรอบ 3",
                "waterlevel_datetime": "2025-10-04 11:00",
                "waterlevel_msl": "306.32",
                "discharge": "321.00",
                "storage_percent": "81.59",
                "agency": "ชป.",
                "basin": "ลุ่มน้ำปิง",
                "province": "เชียงใหม่",
                "amphoe": "แม่ริม",
                "tumbon": "ดอนแก้ว",
                "river_name": "แม่น้ำปิง"
            }
        },
        {
            "type": "Feature",
            "geometry": {
                "type": "Point",
                "coordinates": [
                    100.67011,
                    14.344748
                ]
            },
            "properties": {
                "id": 1144484763,
                "station_name": "คลองช่องสะเดา",
                "tele_station_oldcode": "HDA004",
                "tele_station_name": "คลองช่องสะเดา",
                "waterlevel_datetime": "2025-10-04 12:00",
                "waterlevel_msl": "2.50",
                "discharge": null,
                "storage_percent": "81.18",
                "agency": "สสน.",
                "basin": "ลุ่มน้ำเจ้าพระยา",
                "province": "พระนครศรีอยุธยา",
                "amphoe": "อุทัย",
                "tumbon": "อุทัย",
                "river_name": "คลองช่องสะเดา"
            }
        },
        {
            "type": "Feature",
            "geometry": {
                "type": "Point",
                "coordinates": [
                    100.36977,
                    16.60887
                ]
            },
            "properties": {
                "id": 1144485069,
                "station_name": "สะพานนครป่าหมากร่วมใจ",
                "tele_station_oldcode": "VLGE12",
                "tele_station_name": "สะพานนครป่าหมากร่วมใจ",
                "waterlevel_datetime": "2025-10-04 12:00",
                "waterlevel_msl": "36.41",
                "discharge": null,
                "storage_percent": "81.12",
                "agency": "สสน.",
                "basin": "ลุ่มน้ำน่าน",
                "province": "พิษณุโลก",
                "amphoe": "บางกระทุ่ม",
                "tumbon": "นครป่าหมาก",
                "river_name": "คลองโกรงเกรง"
            }
        },
        {
            "type": "Feature",
            "geometry": {
                "type": "Point",
                "coordinates": [
                    100.75609,
                    18.73796
                ]
            },
            "properties": {
                "id": 1144484855,
                "station_name": "เมืองน่าน",
                "tele_station_oldcode": "NAN003",
                "tele_station_name": "เมืองน่าน",
                "waterlevel_datetime": "2025-10-04 12:00",
                "waterlevel_msl": "193.84",
                "discharge": null,
                "storage_percent": "80.99",
                "agency": "สสน.",
                "basin": "ลุ่มน้ำน่าน",
                "province": "น่าน",
                "amphoe": "ภูเพียง",
                "tumbon": "ท่าน้าว",
                "river_name": "แม่น้ำน่าน"
            }
        },
        {
            "type": "Feature",
            "geometry": {
                "type": "Point",
                "coordinates": [
                    100.10794,
                    7.729597
                ]
            },
            "properties": {
                "id": 1144484472,
                "station_name": "สะพานท่าสำเภา",
                "tele_station_oldcode": "FOP039",
                "tele_station_name": "สะพานท่าสำเภา",
                "waterlevel_datetime": "2025-10-04 12:00",
                "waterlevel_msl": "0.14",
                "discharge": null,
                "storage_percent": "80.54",
                "agency": "พพภ",
                "basin": "ลุ่มน้ำทะเลสาบสงขลา",
                "province": "พัทลุง",
                "amphoe": "เมืองพัทลุง",
                "tumbon": "ชัยบุรี",
                "river_name": "คลองปากประ"
            }
        },
        {
            "type": "Feature",
            "geometry": {
                "type": "Point",
                "coordinates": [
                    104.15403,
                    15.33969
                ]
            },
            "properties": {
                "id": 1144478775,
                "station_name": "บ้านเมืองคง",
                "tele_station_oldcode": "M.5",
                "tele_station_name": "บ้านเมืองคง",
                "waterlevel_datetime": "2025-10-04 11:00",
                "waterlevel_msl": "118.44",
                "discharge": "989.20",
                "storage_percent": "80.49",
                "agency": "ชป.",
                "basin": "ลุ่มน้ำมูล",
                "province": "ศรีสะเกษ",
                "amphoe": "ราษีไศล",
                "tumbon": "เมืองคง",
                "river_name": "แม่น้ำมูล"
            }
        },
        {
            "type": "Feature",
            "geometry": {
                "type": "Point",
                "coordinates": [
                    100.924217,
                    14.55752
                ]
            },
            "properties": {
                "id": 1144479428,
                "station_name": "สถานีแพดับเพลิง",
                "tele_station_oldcode": "S.32",
                "tele_station_name": "สถานีแพดับเพลิง",
                "waterlevel_datetime": "2025-10-04 11:00",
                "waterlevel_msl": "10.54",
                "discharge": null,
                "storage_percent": "80.24",
                "agency": "ชป.",
                "basin": "ลุ่มน้ำป่าสัก",
                "province": "สระบุรี",
                "amphoe": "เมืองสระบุรี",
                "tumbon": "ตะกุด",
                "river_name": "แม่น้ำป่าสัก"
            }
        },
        {
            "type": "Feature",
            "geometry": {
                "type": "Point",
                "coordinates": [
                    104.730385,
                    16.546862
                ]
            },
            "properties": {
                "id": 1144484639,
                "station_name": "สะพานห้วยมุก",
                "tele_station_oldcode": "AIT008",
                "tele_station_name": "สะพานห้วยมุก",
                "waterlevel_datetime": "2025-10-04 12:00",
                "waterlevel_msl": "134.52",
                "discharge": null,
                "storage_percent": "80.24",
                "agency": "สสน.",
                "basin": "ลุ่มน้ำโขงตะวันออกเฉียงเหนือ",
                "province": "มุกดาหาร",
                "amphoe": "เมืองมุกดาหาร",
                "tumbon": "มุกดาหาร",
                "river_name": "ห้วยมุก"
            }
        },
        {
            "type": "Feature",
            "geometry": {
                "type": "Point",
                "coordinates": [
                    100.130913,
                    17.418329
                ]
            },
            "properties": {
                "id": 1144479488,
                "station_name": "บ้านเด่นสำโรง",
                "tele_station_oldcode": "N.60",
                "tele_station_name": "บ้านเด่นสำโรง",
                "waterlevel_datetime": "2025-10-04 11:00",
                "waterlevel_msl": "54.15",
                "discharge": "847.90",
                "storage_percent": "80.14",
                "agency": "ชป.",
                "basin": "ลุ่มน้ำน่าน",
                "province": "อุตรดิตถ์",
                "amphoe": "ตรอน",
                "tumbon": "หาดสองแคว",
                "river_name": "แม่น้ำน่าน"
            }
        },
        {
            "type": "Feature",
            "geometry": {
                "type": "Point",
                "coordinates": [
                    100.319,
                    13.97401
                ]
            },
            "properties": {
                "id": 1144484681,
                "station_name": "คลองพระพิมล (ไทรน้อย)",
                "tele_station_oldcode": "BKK018",
                "tele_station_name": "คลองพระพิมล (ไทรน้อย)",
                "waterlevel_datetime": "2025-10-04 12:00",
                "waterlevel_msl": "2.83",
                "discharge": null,
                "storage_percent": "79.92",
                "agency": "สสน.",
                "basin": "ลุ่มน้ำเจ้าพระยา",
                "province": "นนทบุรี",
                "amphoe": "ไทรน้อย",
                "tumbon": "ไทรน้อย",
                "river_name": "คลองพระพิมล"
            }
        },
        {
            "type": "Feature",
            "geometry": {
                "type": "Point",
                "coordinates": [
                    98.84009,
                    9.85489
                ]
            },
            "properties": {
                "id": 1144484913,
                "station_name": "สะพานบ้านตรังพัฒนา",
                "tele_station_oldcode": "PATO01",
                "tele_station_name": "สะพานบ้านตรังพัฒนา",
                "waterlevel_datetime": "2025-10-04 12:00",
                "waterlevel_msl": "18.00",
                "discharge": null,
                "storage_percent": "79.80",
                "agency": "สสน.",
                "basin": "ลุ่มน้ำภาคใต้ฝั่งตะวันออกตอนบน",
                "province": "ชุมพร",
                "amphoe": "พะโต๊ะ",
                "tumbon": "พะโต๊ะ",
                "river_name": "คลองหลังสวน"
            }
        },
        {
            "type": "Feature",
            "geometry": {
                "type": "Point",
                "coordinates": [
                    100.078903,
                    7.61689
                ]
            },
            "properties": {
                "id": 1144450198,
                "station_name": "หน้าวัดภูผาพิมุข",
                "tele_station_oldcode": "X.265",
                "tele_station_name": "หน้าวัดภูผาพิมุข",
                "waterlevel_datetime": "2025-10-04 09:00",
                "waterlevel_msl": "6.37",
                "discharge": null,
                "storage_percent": "79.62",
                "agency": "ชป.",
                "basin": "ลุ่มน้ำทะเลสาบสงขลา",
                "province": "พัทลุง",
                "amphoe": "เมืองพัทลุง",
                "tumbon": "คูหาสวรรค์",
                "river_name": "คลองบ้านแร่"
            }
        },
        {
            "type": "Feature",
            "geometry": {
                "type": "Point",
                "coordinates": [
                    100.57125,
                    13.664819
                ]
            },
            "properties": {
                "id": 1144484669,
                "station_name": "ปตร. คลองตาสด",
                "tele_station_oldcode": "BKC005",
                "tele_station_name": "ปตร. คลองตาสด",
                "waterlevel_datetime": "2025-10-04 12:00",
                "waterlevel_msl": "0.80",
                "discharge": null,
                "storage_percent": "79.30",
                "agency": "สสน.",
                "basin": "ลุ่มน้ำเจ้าพระยา",
                "province": "สมุทรปราการ",
                "amphoe": "พระประแดง",
                "tumbon": "บางกระสอบ",
                "river_name": "แม่น้ำเจ้าพระยา"
            }
        },
        {
            "type": "Feature",
            "geometry": {
                "type": "Point",
                "coordinates": [
                    101.65024,
                    12.803011
                ]
            },
            "properties": {
                "id": 1144484943,
                "station_name": "เมืองแกลง",
                "tele_station_oldcode": "RAY001",
                "tele_station_name": "เมืองแกลง",
                "waterlevel_datetime": "2025-10-04 12:00",
                "waterlevel_msl": "2.62",
                "discharge": null,
                "storage_percent": "79.00",
                "agency": "สสน.",
                "basin": "ลุ่มน้ำชายฝั่งทะเลตะวันออก",
                "province": "ระยอง",
                "amphoe": "แกลง",
                "tumbon": "บ้านนา",
                "river_name": "แม่น้ำประแสร์"
            }
        },
        {
            "type": "Feature",
            "geometry": {
                "type": "Point",
                "coordinates": [
                    102.23782,
                    14.968018
                ]
            },
            "properties": {
                "id": 1144484846,
                "station_name": "เฉลิมพระเกียรติ",
                "tele_station_oldcode": "MUN002",
                "tele_station_name": "เฉลิมพระเกียรติ",
                "waterlevel_datetime": "2025-10-04 12:00",
                "waterlevel_msl": "166.36",
                "discharge": null,
                "storage_percent": "78.92",
                "agency": "สสน.",
                "basin": "ลุ่มน้ำมูล",
                "province": "นครราชสีมา",
                "amphoe": "เฉลิมพระเกียรติ",
                "tumbon": "หนองยาง",
                "river_name": "แม่น้ำมูล"
            }
        },
        {
            "type": "Feature",
            "geometry": {
                "type": "Point",
                "coordinates": [
                    100.5929,
                    14.940776
                ]
            },
            "properties": {
                "id": 1144485040,
                "station_name": "สถานีสูบน้ำปากคลองสระตาแวว (ทุ่งซ้ายคลองชัยนาท)",
                "tele_station_oldcode": "TCP009",
                "tele_station_name": "สถานีสูบน้ำปากคลองสระตาแวว (ทุ่งซ้ายคลองชัยนาท)",
                "waterlevel_datetime": "2025-10-04 12:00",
                "waterlevel_msl": "11.97",
                "discharge": null,
                "storage_percent": "78.65",
                "agency": "สสน.",
                "basin": "ลุ่มน้ำเจ้าพระยา",
                "province": "ลพบุรี",
                "amphoe": "บ้านหมี่",
                "tumbon": "พุคา",
                "river_name": "คลองโพนทอง"
            }
        },
        {
            "type": "Feature",
            "geometry": {
                "type": "Point",
                "coordinates": [
                    99.91412,
                    19.15985
                ]
            },
            "properties": {
                "id": 1144484938,
                "station_name": "ท้ายกว๊านพะเยา",
                "tele_station_oldcode": "PYO001",
                "tele_station_name": "ท้ายกว๊านพะเยา",
                "waterlevel_datetime": "2025-10-04 12:00",
                "waterlevel_msl": "391.39",
                "discharge": null,
                "storage_percent": "78.57",
                "agency": "สสน.",
                "basin": "ลุ่มน้ำโขงเหนือ",
                "province": "พะเยา",
                "amphoe": "เมืองพะเยา",
                "tumbon": "เวียง",
                "river_name": "น้ำแม่ต๋ำ"
            }
        },
        {
            "type": "Feature",
            "geometry": {
                "type": "Point",
                "coordinates": [
                    99.542389,
                    7.90741
                ]
            },
            "properties": {
                "id": 1144450226,
                "station_name": "บ้านไสหาร",
                "tele_station_oldcode": "X.233",
                "tele_station_name": "บ้านไสหาร",
                "waterlevel_datetime": "2025-10-04 09:00",
                "waterlevel_msl": "17.00",
                "discharge": "80.00",
                "storage_percent": "78.34",
                "agency": "ชป.",
                "basin": "ลุ่มน้ำภาคใต้ฝั่งตะวันตก",
                "province": "ตรัง",
                "amphoe": "ห้วยยอด",
                "tumbon": "ห้วยนาง",
                "river_name": "แม่น้ำตรัง"
            }
        },
        {
            "type": "Feature",
            "geometry": {
                "type": "Point",
                "coordinates": [
                    100.130819,
                    17.418528
                ]
            },
            "properties": {
                "id": 1144471550,
                "station_name": "บ้านหาดสองแคว (N.60)",
                "tele_station_oldcode": "SKD04",
                "tele_station_name": "บ้านหาดสองแคว (N.60)",
                "waterlevel_datetime": "2025-10-04 11:00",
                "waterlevel_msl": "54.16",
                "discharge": null,
                "storage_percent": "78.24",
                "agency": "กฟผ.",
                "basin": "ลุ่มน้ำน่าน",
                "province": "อุตรดิตถ์",
                "amphoe": "ตรอน",
                "tumbon": "หาดสองแคว",
                "river_name": "แม่น้ำน่าน"
            }
        },
        {
            "type": "Feature",
            "geometry": {
                "type": "Point",
                "coordinates": [
                    104.02246,
                    16.320581
                ]
            },
            "properties": {
                "id": 1141743416,
                "station_name": "ลำน้ำยัง",
                "tele_station_oldcode": "TBW029",
                "tele_station_name": "ลำน้ำยัง",
                "waterlevel_datetime": "2025-09-28 09:30",
                "waterlevel_msl": "139.96",
                "discharge": null,
                "storage_percent": "78.22",
                "agency": "สสน.",
                "basin": "ลุ่มน้ำชี",
                "province": "ร้อยเอ็ด",
                "amphoe": "โพนทอง",
                "tumbon": "แวง",
                "river_name": "ลำน้ำยัง"
            }
        },
        {
            "type": "Feature",
            "geometry": {
                "type": "Point",
                "coordinates": [
                    101.750664,
                    14.02174
                ]
            },
            "properties": {
                "id": 1144480779,
                "station_name": "บ้านนาแขม",
                "tele_station_oldcode": "Kgt.43A",
                "tele_station_name": "บ้านนาแขม",
                "waterlevel_datetime": "2025-10-04 11:00",
                "waterlevel_msl": "9.84",
                "discharge": "294.20",
                "storage_percent": "77.96",
                "agency": "ชป.",
                "basin": "ลุ่มน้ำบางปะกง",
                "province": "ปราจีนบุรี",
                "amphoe": "กบินทร์บุรี",
                "tumbon": "เมืองเก่า",
                "river_name": "แควหนุมาน"
            }
        },
        {
            "type": "Feature",
            "geometry": {
                "type": "Point",
                "coordinates": [
                    100.68035,
                    17.185362
                ]
            },
            "properties": {
                "id": 1144484530,
                "station_name": "สะพานพระร่วงข้ามน้ำแควน้อย",
                "tele_station_oldcode": "MOU384",
                "tele_station_name": "สะพานพระร่วงข้ามน้ำแควน้อย",
                "waterlevel_datetime": "2025-10-04 12:00",
                "waterlevel_msl": "187.06",
                "discharge": null,
                "storage_percent": "77.91",
                "agency": "พพภ",
                "basin": "ลุ่มน้ำน่าน",
                "province": "พิษณุโลก",
                "amphoe": "นครไทย",
                "tumbon": "หนองกะท้าว",
                "river_name": null
            }
        },
        {
            "type": "Feature",
            "geometry": {
                "type": "Point",
                "coordinates": [
                    102.211777,
                    14.74504
                ]
            },
            "properties": {
                "id": 1144478843,
                "station_name": "บ้านโนนสะอาด",
                "tele_station_oldcode": "M.173",
                "tele_station_name": "บ้านโนนสะอาด",
                "waterlevel_datetime": "2025-10-04 11:00",
                "waterlevel_msl": "180.83",
                "discharge": "53.38",
                "storage_percent": "77.79",
                "agency": "ชป.",
                "basin": "ลุ่มน้ำมูล",
                "province": "นครราชสีมา",
                "amphoe": "โชคชัย",
                "tumbon": "ท่าเยี่ยม",
                "river_name": "แม่น้ำมูล"
            }
        },
        {
            "type": "Feature",
            "geometry": {
                "type": "Point",
                "coordinates": [
                    105.102768,
                    14.79088
                ]
            },
            "properties": {
                "id": 1144478805,
                "station_name": "บ้านคำสำราญ",
                "tele_station_oldcode": "M.170",
                "tele_station_name": "บ้านคำสำราญ",
                "waterlevel_datetime": "2025-10-04 11:00",
                "waterlevel_msl": "130.19",
                "discharge": "229.30",
                "storage_percent": "77.67",
                "agency": "ชป.",
                "basin": "ลุ่มน้ำมูล",
                "province": "อุบลราชธานี",
                "amphoe": "เดชอุดม",
                "tumbon": "กลาง",
                "river_name": "ลำโดมใหญ่"
            }
        },
        {
            "type": "Feature",
            "geometry": {
                "type": "Point",
                "coordinates": [
                    100.55449,
                    15.082774
                ]
            },
            "properties": {
                "id": 1144485039,
                "station_name": "สถานีสูบน้ำปากคลองสายห้วยแก้ว (ทุ่งซ้ายคลองชัยนาท)",
                "tele_station_oldcode": "TCP008",
                "tele_station_name": "สถานีสูบน้ำปากคลองสายห้วยแก้ว (ทุ่งซ้ายคลองชัยนาท)",
                "waterlevel_datetime": "2025-10-04 12:00",
                "waterlevel_msl": "11.99",
                "discharge": null,
                "storage_percent": "77.66",
                "agency": "สสน.",
                "basin": "ลุ่มน้ำเจ้าพระยา",
                "province": "ลพบุรี",
                "amphoe": "บ้านหมี่",
                "tumbon": "หนองเมือง",
                "river_name": "คลองท่าตะโก"
            }
        },
        {
            "type": "Feature",
            "geometry": {
                "type": "Point",
                "coordinates": [
                    100.366005,
                    14.464408
                ]
            },
            "properties": {
                "id": 1144485035,
                "station_name": "ปตร.ลาดชะโด (ทุ่งผักไห่)",
                "tele_station_oldcode": "TCP003",
                "tele_station_name": "ปตร.ลาดชะโด (ทุ่งผักไห่)",
                "waterlevel_datetime": "2025-10-04 12:00",
                "waterlevel_msl": "3.67",
                "discharge": null,
                "storage_percent": "77.07",
                "agency": "สสน.",
                "basin": "ลุ่มน้ำเจ้าพระยา",
                "province": "พระนครศรีอยุธยา",
                "amphoe": "ผักไห่",
                "tumbon": "อมฤต",
                "river_name": "คลองบางคี่"
            }
        },
        {
            "type": "Feature",
            "geometry": {
                "type": "Point",
                "coordinates": [
                    100.15746,
                    13.9704
                ]
            },
            "properties": {
                "id": 1144485052,
                "station_name": "บางปลา",
                "tele_station_oldcode": "THA011",
                "tele_station_name": "บางปลา",
                "waterlevel_datetime": "2025-10-04 12:00",
                "waterlevel_msl": "1.94",
                "discharge": null,
                "storage_percent": "77.06",
                "agency": "สสน.",
                "basin": "ลุ่มน้ำท่าจีน",
                "province": "นครปฐม",
                "amphoe": "บางเลน",
                "tumbon": "บางปลา",
                "river_name": "คลองท่าสารบางปลา"
            }
        },
        {
            "type": "Feature",
            "geometry": {
                "type": "Point",
                "coordinates": [
                    103.969406,
                    17.59485
                ]
            },
            "properties": {
                "id": 1142534002,
                "station_name": "สะพานลำน้ำยาม",
                "tele_station_oldcode": "FOP014",
                "tele_station_name": "สะพานลำน้ำยาม",
                "waterlevel_datetime": "2025-09-29 23:20",
                "waterlevel_msl": "149.99",
                "discharge": null,
                "storage_percent": "76.99",
                "agency": "พพภ",
                "basin": "ลุ่มน้ำโขงตะวันออกเฉียงเหนือ",
                "province": "สกลนคร",
                "amphoe": "อากาศอำนวย",
                "tumbon": "อากาศ",
                "river_name": "ลำน้ำยาม"
            }
        },
        {
            "type": "Feature",
            "geometry": {
                "type": "Point",
                "coordinates": [
                    100.28276,
                    18.88195
                ]
            },
            "properties": {
                "id": 1144484526,
                "station_name": "สะพานน้ำปี้ เชียงม่วน",
                "tele_station_oldcode": "MOU368",
                "tele_station_name": "สะพานน้ำปี้ เชียงม่วน",
                "waterlevel_datetime": "2025-10-04 12:00",
                "waterlevel_msl": "258.62",
                "discharge": null,
                "storage_percent": "76.54",
                "agency": "พพภ",
                "basin": "ลุ่มน้ำยม",
                "province": "พะเยา",
                "amphoe": "เชียงม่วน",
                "tumbon": "เชียงม่วน",
                "river_name": null
            }
        },
        {
            "type": "Feature",
            "geometry": {
                "type": "Point",
                "coordinates": [
                    105.2393,
                    15.249662
                ]
            },
            "properties": {
                "id": 1144285719,
                "station_name": "พิบูลมังสาหาร",
                "tele_station_oldcode": "MUN011",
                "tele_station_name": "พิบูลมังสาหาร",
                "waterlevel_datetime": "2025-10-03 22:40",
                "waterlevel_msl": "110.52",
                "discharge": null,
                "storage_percent": "76.38",
                "agency": "สสน.",
                "basin": "ลุ่มน้ำมูล",
                "province": "อุบลราชธานี",
                "amphoe": "พิบูลมังสาหาร",
                "tumbon": "โพธิ์ศรี",
                "river_name": "แม่น้ำมูล"
            }
        },
        {
            "type": "Feature",
            "geometry": {
                "type": "Point",
                "coordinates": [
                    102.03363,
                    15.95536
                ]
            },
            "properties": {
                "id": 1144481222,
                "station_name": "บ้านตาดโตน",
                "tele_station_oldcode": "E.6C",
                "tele_station_name": "บ้านตาดโตน",
                "waterlevel_datetime": "2025-10-04 11:00",
                "waterlevel_msl": "196.77",
                "discharge": "26.12",
                "storage_percent": "76.29",
                "agency": "ชป.",
                "basin": "ลุ่มน้ำชี",
                "province": "ชัยภูมิ",
                "amphoe": "เมืองชัยภูมิ",
                "tumbon": "นาฝาย",
                "river_name": "ห้วยตาดโตน"
            }
        },
        {
            "type": "Feature",
            "geometry": {
                "type": "Point",
                "coordinates": [
                    100.33195,
                    13.7956
                ]
            },
            "properties": {
                "id": 1144484675,
                "station_name": "คลองทวีวัฒนา ท้ายปตร.ทวีวัฒนา",
                "tele_station_oldcode": "BKK004",
                "tele_station_name": "คลองทวีวัฒนา ท้ายปตร.ทวีวัฒนา",
                "waterlevel_datetime": "2025-10-04 12:00",
                "waterlevel_msl": "0.65",
                "discharge": null,
                "storage_percent": "76.24",
                "agency": "สสน.",
                "basin": "ลุ่มน้ำเจ้าพระยา",
                "province": "กรุงเทพมหานคร",
                "amphoe": "ทวีวัฒนา",
                "tumbon": "ศาลาธรรมสพน์",
                "river_name": "คลองทวีวัฒนา"
            }
        },
        {
            "type": "Feature",
            "geometry": {
                "type": "Point",
                "coordinates": [
                    102.88538,
                    14.051245
                ]
            },
            "properties": {
                "id": 1144485059,
                "station_name": "ตาพระยา",
                "tele_station_oldcode": "TON001",
                "tele_station_name": "ตาพระยา",
                "waterlevel_datetime": "2025-10-04 12:00",
                "waterlevel_msl": "58.17",
                "discharge": null,
                "storage_percent": "76.20",
                "agency": "สสน.",
                "basin": "ลุ่มน้ำโตนเลสาบ",
                "province": "สระแก้ว",
                "amphoe": "ตาพระยา",
                "tumbon": "ทัพเสด็จ",
                "river_name": "ห้วยยาง"
            }
        },
        {
            "type": "Feature",
            "geometry": {
                "type": "Point",
                "coordinates": [
                    101.789757,
                    16.639776
                ]
            },
            "properties": {
                "id": 1144475677,
                "station_name": "น้ำเชิญ (ท้ายจุดบบรจบน้ำเชิญ-น้ำสุ)  ",
                "tele_station_oldcode": "URCD03",
                "tele_station_name": "น้ำเชิญ (ท้ายจุดบบรจบน้ำเชิญ-น้ำสุ)  ",
                "waterlevel_datetime": "2025-10-04 11:00",
                "waterlevel_msl": "253.91",
                "discharge": null,
                "storage_percent": "76.19",
                "agency": "กฟผ.",
                "basin": "ลุ่มน้ำชี",
                "province": "ชัยภูมิ",
                "amphoe": "คอนสาร",
                "tumbon": "ทุ่งพระ",
                "river_name": "ลำเชิญ"
            }
        },
        {
            "type": "Feature",
            "geometry": {
                "type": "Point",
                "coordinates": [
                    100.29809,
                    17.66514
                ]
            },
            "properties": {
                "id": 1144471554,
                "station_name": "บ้านแสนตอ",
                "tele_station_oldcode": "SKD10",
                "tele_station_name": "บ้านแสนตอ",
                "waterlevel_datetime": "2025-10-04 11:00",
                "waterlevel_msl": "66.57",
                "discharge": null,
                "storage_percent": "76.19",
                "agency": "กฟผ.",
                "basin": "ลุ่มน้ำน่าน",
                "province": "อุตรดิตถ์",
                "amphoe": "เมืองอุตรดิตถ์",
                "tumbon": "แสนตอ",
                "river_name": "น้ำแควน้อย"
            }
        },
        {
            "type": "Feature",
            "geometry": {
                "type": "Point",
                "coordinates": [
                    100.12789,
                    8.089507
                ]
            },
            "properties": {
                "id": 1144484869,
                "station_name": "เชียรใหญ่",
                "tele_station_oldcode": "NKO002",
                "tele_station_name": "เชียรใหญ่",
                "waterlevel_datetime": "2025-10-04 12:00",
                "waterlevel_msl": "-0.68",
                "discharge": null,
                "storage_percent": "76.00",
                "agency": "สสน.",
                "basin": "ลุ่มน้ำภาคใต้ฝั่งตะวันออกตอนบน",
                "province": "นครศรีธรรมราช",
                "amphoe": "เชียรใหญ่",
                "tumbon": "การะเกด",
                "river_name": "คลองชะอวด"
            }
        },
        {
            "type": "Feature",
            "geometry": {
                "type": "Point",
                "coordinates": [
                    100.27959,
                    7.365281
                ]
            },
            "properties": {
                "id": 1144484890,
                "station_name": "สะพานข้ามคลองบางม่วง",
                "tele_station_oldcode": "ONE024",
                "tele_station_name": "สะพานข้ามคลองบางม่วง",
                "waterlevel_datetime": "2025-10-04 12:00",
                "waterlevel_msl": "0.17",
                "discharge": null,
                "storage_percent": "76.00",
                "agency": "สสน.",
                "basin": "ลุ่มน้ำทะเลสาบสงขลา",
                "province": "พัทลุง",
                "amphoe": "ปากพะยูน",
                "tumbon": "ฝาละมี",
                "river_name": "ทะเลหลวง"
            }
        },
        {
            "type": "Feature",
            "geometry": {
                "type": "Point",
                "coordinates": [
                    100.628242,
                    17.25317
                ]
            },
            "properties": {
                "id": 1144479525,
                "station_name": "บ้านท่าสะแก",
                "tele_station_oldcode": "N.55",
                "tele_station_name": "บ้านท่าสะแก",
                "waterlevel_datetime": "2025-10-04 11:00",
                "waterlevel_msl": "189.24",
                "discharge": "97.78",
                "storage_percent": "75.95",
                "agency": "ชป.",
                "basin": "ลุ่มน้ำน่าน",
                "province": "พิษณุโลก",
                "amphoe": "ชาติตระการ",
                "tumbon": "ท่าสะแก",
                "river_name": "น้ำภาค"
            }
        },
        {
            "type": "Feature",
            "geometry": {
                "type": "Point",
                "coordinates": [
                    100.43159,
                    16.8222
                ]
            },
            "properties": {
                "id": 1144484865,
                "station_name": "วังทอง",
                "tele_station_oldcode": "NAN013",
                "tele_station_name": "วังทอง",
                "waterlevel_datetime": "2025-10-04 12:00",
                "waterlevel_msl": "46.58",
                "discharge": null,
                "storage_percent": "75.52",
                "agency": "สสน.",
                "basin": "ลุ่มน้ำน่าน",
                "province": "พิษณุโลก",
                "amphoe": "วังทอง",
                "tumbon": "วังทอง",
                "river_name": "แม่น้ำวังทอง"
            }
        },
        {
            "type": "Feature",
            "geometry": {
                "type": "Point",
                "coordinates": [
                    100.96614,
                    14.58018
                ]
            },
            "properties": {
                "id": 1144484911,
                "station_name": "สะพานเตาปูน-ตาลเดี่ยว",
                "tele_station_oldcode": "PAS010",
                "tele_station_name": "สะพานเตาปูน-ตาลเดี่ยว",
                "waterlevel_datetime": "2025-10-04 12:00",
                "waterlevel_msl": "15.52",
                "discharge": null,
                "storage_percent": "75.45",
                "agency": "สสน.",
                "basin": "ลุ่มน้ำป่าสัก",
                "province": "สระบุรี",
                "amphoe": "แก่งคอย",
                "tumbon": "ตาลเดี่ยว",
                "river_name": "แม่น้ำป่าสัก"
            }
        },
        {
            "type": "Feature",
            "geometry": {
                "type": "Point",
                "coordinates": [
                    100.96343,
                    6.534079
                ]
            },
            "properties": {
                "id": 1144484896,
                "station_name": "สะพานข้ามคลองเทพา",
                "tele_station_oldcode": "ONE035",
                "tele_station_name": "สะพานข้ามคลองเทพา",
                "waterlevel_datetime": "2025-10-04 12:00",
                "waterlevel_msl": "17.89",
                "discharge": null,
                "storage_percent": "75.38",
                "agency": "สสน.",
                "basin": "ลุ่มน้ำทะเลสาบสงขลา",
                "province": "สงขลา",
                "amphoe": "สะบ้าย้อย",
                "tumbon": "จะแหน",
                "river_name": "คลองเทพา"
            }
        },
        {
            "type": "Feature",
            "geometry": {
                "type": "Point",
                "coordinates": [
                    101.65372,
                    16.15583
                ]
            },
            "properties": {
                "id": 1144483098,
                "station_name": "สะพานน้ำชี",
                "tele_station_oldcode": "MOU226",
                "tele_station_name": "สะพานน้ำชี",
                "waterlevel_datetime": "2025-10-04 11:50",
                "waterlevel_msl": "229.32",
                "discharge": null,
                "storage_percent": "75.21",
                "agency": "พพภ",
                "basin": "ลุ่มน้ำชี",
                "province": "ชัยภูมิ",
                "amphoe": "หนองบัวแดง",
                "tumbon": "หนองแวง",
                "river_name": null
            }
        },
        {
            "type": "Feature",
            "geometry": {
                "type": "Point",
                "coordinates": [
                    99.538818,
                    13.99597
                ]
            },
            "properties": {
                "id": 1144485862,
                "station_name": "สะพานข้ามแม่น้ำแม่กลองหน้าศาลากลางจ.กาญจนบุรี",
                "tele_station_oldcode": "K.3A",
                "tele_station_name": "สะพานข้ามแม่น้ำแม่กลองหน้าศาลากลางจ.กาญจนบุรี",
                "waterlevel_datetime": "2025-10-04 12:00",
                "waterlevel_msl": "22.69",
                "discharge": null,
                "storage_percent": "74.98",
                "agency": "ชป.",
                "basin": "ลุ่มน้ำแม่กลอง",
                "province": "กาญจนบุรี",
                "amphoe": "เมืองกาญจนบุรี",
                "tumbon": "ปากแพรก",
                "river_name": "แม่น้ำแม่กลอง"
            }
        },
        {
            "type": "Feature",
            "geometry": {
                "type": "Point",
                "coordinates": [
                    99.987556,
                    7.55901
                ]
            },
            "properties": {
                "id": 1144450184,
                "station_name": "บ้านคลองลำ",
                "tele_station_oldcode": "X.170",
                "tele_station_name": "บ้านคลองลำ",
                "waterlevel_datetime": "2025-10-04 09:00",
                "waterlevel_msl": "20.96",
                "discharge": "9.20",
                "storage_percent": "74.83",
                "agency": "ชป.",
                "basin": "ลุ่มน้ำทะเลสาบสงขลา",
                "province": "พัทลุง",
                "amphoe": "เมืองพัทลุง",
                "tumbon": "ร่มเมือง",
                "river_name": "คลองลำ"
            }
        },
        {
            "type": "Feature",
            "geometry": {
                "type": "Point",
                "coordinates": [
                    100.80258,
                    19.09611
                ]
            },
            "properties": {
                "id": 1144484853,
                "station_name": "ท่าวังผา",
                "tele_station_oldcode": "NAN001",
                "tele_station_name": "ท่าวังผา",
                "waterlevel_datetime": "2025-10-04 12:00",
                "waterlevel_msl": "221.54",
                "discharge": null,
                "storage_percent": "74.74",
                "agency": "สสน.",
                "basin": "ลุ่มน้ำน่าน",
                "province": "น่าน",
                "amphoe": "ท่าวังผา",
                "tumbon": "ท่าวังผา",
                "river_name": "แม่น้ำน่าน"
            }
        },
        {
            "type": "Feature",
            "geometry": {
                "type": "Point",
                "coordinates": [
                    100.40543,
                    14.327802
                ]
            },
            "properties": {
                "id": 1144485043,
                "station_name": "เสนา (ทุ่งบางบาล-บ้านแพน)",
                "tele_station_oldcode": "TCP012",
                "tele_station_name": "เสนา (ทุ่งบางบาล-บ้านแพน)",
                "waterlevel_datetime": "2025-10-04 12:00",
                "waterlevel_msl": "2.24",
                "discharge": null,
                "storage_percent": "74.67",
                "agency": "สสน.",
                "basin": "ลุ่มน้ำเจ้าพระยา",
                "province": "พระนครศรีอยุธยา",
                "amphoe": "เสนา",
                "tumbon": "เสนา",
                "river_name": "แม่น้ำน้อย"
            }
        },
        {
            "type": "Feature",
            "geometry": {
                "type": "Point",
                "coordinates": [
                    98.641411,
                    18.25341
                ]
            },
            "properties": {
                "id": 1144478304,
                "station_name": "บ้านสบแปะ",
                "tele_station_oldcode": "P.73A",
                "tele_station_name": "บ้านสบแปะ",
                "waterlevel_datetime": "2025-10-04 11:00",
                "waterlevel_msl": "262.22",
                "discharge": "649.40",
                "storage_percent": "74.48",
                "agency": "ชป.",
                "basin": "ลุ่มน้ำปิง",
                "province": "เชียงใหม่",
                "amphoe": "จอมทอง",
                "tumbon": "บ้านแปะ",
                "river_name": "แม่น้ำปิง"
            }
        },
        {
            "type": "Feature",
            "geometry": {
                "type": "Point",
                "coordinates": [
                    100.23048,
                    13.58597
                ]
            },
            "properties": {
                "id": 1144485050,
                "station_name": "เมืองสมุทรสาคร",
                "tele_station_oldcode": "THA009",
                "tele_station_name": "เมืองสมุทรสาคร",
                "waterlevel_datetime": "2025-10-04 12:00",
                "waterlevel_msl": "-0.34",
                "discharge": null,
                "storage_percent": "74.48",
                "agency": "สสน.",
                "basin": "ลุ่มน้ำท่าจีน",
                "province": "สมุทรสาคร",
                "amphoe": "เมืองสมุทรสาคร",
                "tumbon": "ท่าจีน",
                "river_name": "แม่น้ำท่าจีน"
            }
        },
        {
            "type": "Feature",
            "geometry": {
                "type": "Point",
                "coordinates": [
                    101.867882,
                    14.93225
                ]
            },
            "properties": {
                "id": 1144478851,
                "station_name": "บ้านโนนค่า",
                "tele_station_oldcode": "M.192",
                "tele_station_name": "บ้านโนนค่า",
                "waterlevel_datetime": "2025-10-04 11:00",
                "waterlevel_msl": "202.88",
                "discharge": "3.50",
                "storage_percent": "74.31",
                "agency": "ชป.",
                "basin": "ลุ่มน้ำมูล",
                "province": "นครราชสีมา",
                "amphoe": "สูงเนิน",
                "tumbon": "บุ่งขี้เหล็ก",
                "river_name": "ห้วยดินดำ"
            }
        },
        {
            "type": "Feature",
            "geometry": {
                "type": "Point",
                "coordinates": [
                    102.431941,
                    17.182448
                ]
            },
            "properties": {
                "id": 1144475665,
                "station_name": "ลำพะเนียง อ.เมือง",
                "tele_station_oldcode": "URTU03",
                "tele_station_name": "ลำพะเนียง อ.เมือง",
                "waterlevel_datetime": "2025-10-04 11:00",
                "waterlevel_msl": "208.35",
                "discharge": "44.60",
                "storage_percent": "74.25",
                "agency": "กฟผ.",
                "basin": "ลุ่มน้ำชี",
                "province": "หนองบัวลำภู",
                "amphoe": "เมืองหนองบัวลำภู",
                "tumbon": "หนองบัว",
                "river_name": "ลำพะเนียง"
            }
        },
        {
            "type": "Feature",
            "geometry": {
                "type": "Point",
                "coordinates": [
                    100.60259,
                    13.96562
                ]
            },
            "properties": {
                "id": 1144484673,
                "station_name": "คลองเปรมประชากร หลักหก",
                "tele_station_oldcode": "BKK002",
                "tele_station_name": "คลองเปรมประชากร หลักหก",
                "waterlevel_datetime": "2025-10-04 12:00",
                "waterlevel_msl": "0.60",
                "discharge": null,
                "storage_percent": "74.17",
                "agency": "สสน.",
                "basin": "ลุ่มน้ำเจ้าพระยา",
                "province": "ปทุมธานี",
                "amphoe": "เมืองปทุมธานี",
                "tumbon": "หลักหก",
                "river_name": "คลองเปรมประชากร"
            }
        },
        {
            "type": "Feature",
            "geometry": {
                "type": "Point",
                "coordinates": [
                    98.862282,
                    18.54735
                ]
            },
            "properties": {
                "id": 1144478303,
                "station_name": "บ้านกลาง",
                "tele_station_oldcode": "P.71A",
                "tele_station_name": "บ้านกลาง",
                "waterlevel_datetime": "2025-10-04 11:00",
                "waterlevel_msl": "286.92",
                "discharge": "65.30",
                "storage_percent": "74.05",
                "agency": "ชป.",
                "basin": "ลุ่มน้ำปิง",
                "province": "เชียงใหม่",
                "amphoe": "สันป่าตอง",
                "tumbon": "ท่าวังพร้าว",
                "river_name": "น้ำแม่ขาน"
            }
        },
        {
            "type": "Feature",
            "geometry": {
                "type": "Point",
                "coordinates": [
                    100.371475,
                    14.43659
                ]
            },
            "properties": {
                "id": 1144082651,
                "station_name": "ปตร.บางแก้ว (ทุ่งผักไห่)",
                "tele_station_oldcode": "TCP005",
                "tele_station_name": "ปตร.บางแก้ว (ทุ่งผักไห่)",
                "waterlevel_datetime": "2025-10-03 13:10",
                "waterlevel_msl": "3.70",
                "discharge": null,
                "storage_percent": "74.00",
                "agency": "สสน.",
                "basin": "ลุ่มน้ำเจ้าพระยา",
                "province": "พระนครศรีอยุธยา",
                "amphoe": "ผักไห่",
                "tumbon": "ตาลาน",
                "river_name": "แม่น้ำน้อย"
            }
        },
        {
            "type": "Feature",
            "geometry": {
                "type": "Point",
                "coordinates": [
                    103.23043,
                    14.633083
                ]
            },
            "properties": {
                "id": 1144484851,
                "station_name": "ประโคนชัย",
                "tele_station_oldcode": "MUN012",
                "tele_station_name": "ประโคนชัย",
                "waterlevel_datetime": "2025-10-04 12:00",
                "waterlevel_msl": "147.87",
                "discharge": null,
                "storage_percent": "73.95",
                "agency": "สสน.",
                "basin": "ลุ่มน้ำมูล",
                "province": "บุรีรัมย์",
                "amphoe": "ประโคนชัย",
                "tumbon": "ไพศาล",
                "river_name": "ลำชี"
            }
        },
        {
            "type": "Feature",
            "geometry": {
                "type": "Point",
                "coordinates": [
                    100.96661,
                    13.838202
                ]
            },
            "properties": {
                "id": 1144484680,
                "station_name": "ปากคลองพระองค์เจ้าฯ (บางน้ำเปรี้ยว)",
                "tele_station_oldcode": "BKK016",
                "tele_station_name": "ปากคลองพระองค์เจ้าฯ (บางน้ำเปรี้ยว)",
                "waterlevel_datetime": "2025-10-04 12:00",
                "waterlevel_msl": "0.28",
                "discharge": null,
                "storage_percent": "73.90",
                "agency": "สสน.",
                "basin": "ลุ่มน้ำบางปะกง",
                "province": "ฉะเชิงเทรา",
                "amphoe": "บางน้ำเปรี้ยว",
                "tumbon": "บางน้ำเปรี้ยว",
                "river_name": "คลองพระองค์เจ้าไชยานุชิต"
            }
        },
        {
            "type": "Feature",
            "geometry": {
                "type": "Point",
                "coordinates": [
                    100.099396,
                    17.610167
                ]
            },
            "properties": {
                "id": 1144484863,
                "station_name": "เมืองอุตรดิตถ์",
                "tele_station_oldcode": "NAN011",
                "tele_station_name": "เมืองอุตรดิตถ์",
                "waterlevel_datetime": "2025-10-04 12:00",
                "waterlevel_msl": "55.83",
                "discharge": null,
                "storage_percent": "73.75",
                "agency": "สสน.",
                "basin": "ลุ่มน้ำน่าน",
                "province": "อุตรดิตถ์",
                "amphoe": "เมืองอุตรดิตถ์",
                "tumbon": "ป่าเซ่า",
                "river_name": "แม่น้ำน่าน"
            }
        },
        {
            "type": "Feature",
            "geometry": {
                "type": "Point",
                "coordinates": [
                    101.27308,
                    6.737101
                ]
            },
            "properties": {
                "id": 1144484474,
                "station_name": "คลองสุหงาบารู หมู่ที่ 4",
                "tele_station_oldcode": "FOP041",
                "tele_station_name": "คลองสุหงาบารู หมู่ที่ 4",
                "waterlevel_datetime": "2025-10-04 12:00",
                "waterlevel_msl": "1.65",
                "discharge": null,
                "storage_percent": "73.56",
                "agency": "พพภ",
                "basin": "ลุ่มน้ำภาคใต้ฝั่งตะวันออกตอนล่าง",
                "province": "ปัตตานี",
                "amphoe": "ยะรัง",
                "tumbon": "คลองใหม่",
                "river_name": "คลองสุหงาบารู"
            }
        },
        {
            "type": "Feature",
            "geometry": {
                "type": "Point",
                "coordinates": [
                    100.31676,
                    14.553482
                ]
            },
            "properties": {
                "id": 1144484767,
                "station_name": "สะพานคลองส่งน้ำชลประทาน บ้านตลาดใหม่",
                "tele_station_oldcode": "HDA008",
                "tele_station_name": "สะพานคลองส่งน้ำชลประทาน บ้านตลาดใหม่",
                "waterlevel_datetime": "2025-10-04 12:00",
                "waterlevel_msl": "3.85",
                "discharge": null,
                "storage_percent": "73.42",
                "agency": "สสน.",
                "basin": "ลุ่มน้ำเจ้าพระยา",
                "province": "อ่างทอง",
                "amphoe": "วิเศษชัยชาญ",
                "tumbon": "ท่าช้าง",
                "river_name": null
            }
        },
        {
            "type": "Feature",
            "geometry": {
                "type": "Point",
                "coordinates": [
                    100.41453,
                    15.181774
                ]
            },
            "properties": {
                "id": 1144484692,
                "station_name": "เขาวง",
                "tele_station_oldcode": "CHK002",
                "tele_station_name": "เขาวง",
                "waterlevel_datetime": "2025-10-04 12:00",
                "waterlevel_msl": "12.93",
                "discharge": null,
                "storage_percent": "73.39",
                "agency": "สสน.",
                "basin": "ลุ่มน้ำเจ้าพระยา",
                "province": "นครสวรรค์",
                "amphoe": "ตาคลี",
                "tumbon": "ช่องแค",
                "river_name": "คลองอนุศาสนนันท์"
            }
        },
        {
            "type": "Feature",
            "geometry": {
                "type": "Point",
                "coordinates": [
                    99.17012,
                    10.49706
                ]
            },
            "properties": {
                "id": 1144450209,
                "station_name": "สะพานเทศบาล 2",
                "tele_station_oldcode": "X.180",
                "tele_station_name": "สะพานเทศบาล 2",
                "waterlevel_datetime": "2025-10-04 09:00",
                "waterlevel_msl": "1.73",
                "discharge": null,
                "storage_percent": "73.27",
                "agency": "ชป.",
                "basin": "ลุ่มน้ำภาคใต้ฝั่งตะวันออกตอนบน",
                "province": "ชุมพร",
                "amphoe": "เมืองชุมพร",
                "tumbon": "ท่าตะเภา",
                "river_name": "คลองท่าตะเภา"
            }
        },
        {
            "type": "Feature",
            "geometry": {
                "type": "Point",
                "coordinates": [
                    99.08182,
                    18.88353
                ]
            },
            "properties": {
                "id": 1144485020,
                "station_name": "ฝ่ายส่งน้ำและบำรุงรักษาที่ 2",
                "tele_station_oldcode": "TBW008",
                "tele_station_name": "ฝ่ายส่งน้ำและบำรุงรักษาที่ 2",
                "waterlevel_datetime": "2025-10-04 12:00",
                "waterlevel_msl": "321.30",
                "discharge": null,
                "storage_percent": "73.25",
                "agency": "สสน.",
                "basin": "ลุ่มน้ำปิง",
                "province": "เชียงใหม่",
                "amphoe": "สันทราย",
                "tumbon": "เมืองเล็น",
                "river_name": "น้ำแม่ดู"
            }
        },
        {
            "type": "Feature",
            "geometry": {
                "type": "Point",
                "coordinates": [
                    100.77497,
                    13.94162
                ]
            },
            "properties": {
                "id": 1144484679,
                "station_name": "คลองหกวา ลำลูกกา คลอง8",
                "tele_station_oldcode": "BKK015",
                "tele_station_name": "คลองหกวา ลำลูกกา คลอง8",
                "waterlevel_datetime": "2025-10-04 12:00",
                "waterlevel_msl": "1.32",
                "discharge": null,
                "storage_percent": "73.24",
                "agency": "สสน.",
                "basin": "ลุ่มน้ำบางปะกง",
                "province": "ปทุมธานี",
                "amphoe": "ลำลูกกา",
                "tumbon": "ลำลูกกา",
                "river_name": "คลองหกวา"
            }
        },
        {
            "type": "Feature",
            "geometry": {
                "type": "Point",
                "coordinates": [
                    100.35738,
                    14.440615
                ]
            },
            "properties": {
                "id": 1144485036,
                "station_name": "ปตร.ลาดชิด (ทุ่งผักไห่)",
                "tele_station_oldcode": "TCP004",
                "tele_station_name": "ปตร.ลาดชิด (ทุ่งผักไห่)",
                "waterlevel_datetime": "2025-10-04 12:00",
                "waterlevel_msl": "3.64",
                "discharge": null,
                "storage_percent": "72.80",
                "agency": "สสน.",
                "basin": "ลุ่มน้ำเจ้าพระยา",
                "province": "พระนครศรีอยุธยา",
                "amphoe": "ผักไห่",
                "tumbon": "จักราช",
                "river_name": "ลำรางยายสุข"
            }
        },
        {
            "type": "Feature",
            "geometry": {
                "type": "Point",
                "coordinates": [
                    101.830048,
                    15.7325
                ]
            },
            "properties": {
                "id": 1144481221,
                "station_name": "บ้านโนนเชือก",
                "tele_station_oldcode": "E.5",
                "tele_station_name": "บ้านโนนเชือก",
                "waterlevel_datetime": "2025-10-04 11:00",
                "waterlevel_msl": "193.08",
                "discharge": "221.40",
                "storage_percent": "72.64",
                "agency": "ชป.",
                "basin": "ลุ่มน้ำชี",
                "province": "ชัยภูมิ",
                "amphoe": "จัตุรัส",
                "tumbon": "ส้มป่อย",
                "river_name": "แม่น้ำชี"
            }
        },
        {
            "type": "Feature",
            "geometry": {
                "type": "Point",
                "coordinates": [
                    98.82351,
                    18.31077
                ]
            },
            "properties": {
                "id": 1144484924,
                "station_name": "แม่น้ำลี้ บ้านโฮ่ง",
                "tele_station_oldcode": "PIN009",
                "tele_station_name": "แม่น้ำลี้ บ้านโฮ่ง",
                "waterlevel_datetime": "2025-10-04 12:00",
                "waterlevel_msl": "309.58",
                "discharge": null,
                "storage_percent": "72.28",
                "agency": "สสน.",
                "basin": "ลุ่มน้ำปิง",
                "province": "ลำพูน",
                "amphoe": "บ้านโฮ่ง",
                "tumbon": "บ้านโฮ่ง",
                "river_name": "น้ำแม่ลี้"
            }
        },
        {
            "type": "Feature",
            "geometry": {
                "type": "Point",
                "coordinates": [
                    102.392952,
                    15.20926
                ]
            },
            "properties": {
                "id": 1144478854,
                "station_name": "บ้านสัมฤทธิ์",
                "tele_station_oldcode": "M.195",
                "tele_station_name": "บ้านสัมฤทธิ์",
                "waterlevel_datetime": "2025-10-04 11:00",
                "waterlevel_msl": "156.05",
                "discharge": "125.00",
                "storage_percent": "71.92",
                "agency": "ชป.",
                "basin": "ลุ่มน้ำมูล",
                "province": "นครราชสีมา",
                "amphoe": "พิมาย",
                "tumbon": "สัมฤทธิ์",
                "river_name": "แม่น้ำมูล"
            }
        },
        {
            "type": "Feature",
            "geometry": {
                "type": "Point",
                "coordinates": [
                    100.554886,
                    13.689612
                ]
            },
            "properties": {
                "id": 1144484666,
                "station_name": "ปตร.วัดบางกระเจ้านอก",
                "tele_station_oldcode": "BKC002",
                "tele_station_name": "ปตร.วัดบางกระเจ้านอก",
                "waterlevel_datetime": "2025-10-04 12:00",
                "waterlevel_msl": "0.51",
                "discharge": null,
                "storage_percent": "71.91",
                "agency": "สสน.",
                "basin": "ลุ่มน้ำเจ้าพระยา",
                "province": "สมุทรปราการ",
                "amphoe": "พระประแดง",
                "tumbon": "บางกระเจ้า",
                "river_name": "คลองบางกะเจ้า"
            }
        },
        {
            "type": "Feature",
            "geometry": {
                "type": "Point",
                "coordinates": [
                    99.25879,
                    9.131316
                ]
            },
            "properties": {
                "id": 1144485060,
                "station_name": "พุนพิน 1",
                "tele_station_oldcode": "TPI001",
                "tele_station_name": "พุนพิน 1",
                "waterlevel_datetime": "2025-10-04 12:00",
                "waterlevel_msl": "0.00",
                "discharge": null,
                "storage_percent": "71.52",
                "agency": "สสน.",
                "basin": "ลุ่มน้ำภาคใต้ฝั่งตะวันออกตอนบน",
                "province": "สุราษฎร์ธานี",
                "amphoe": "พุนพิน",
                "tumbon": "ท่าข้าม",
                "river_name": "แม่น้ำตาปี"
            }
        },
        {
            "type": "Feature",
            "geometry": {
                "type": "Point",
                "coordinates": [
                    101.212402,
                    15.32743
                ]
            },
            "properties": {
                "id": 1144479455,
                "station_name": "บ้านพูลทรัพย์",
                "tele_station_oldcode": "S.43",
                "tele_station_name": "บ้านพูลทรัพย์",
                "waterlevel_datetime": "2025-10-04 11:00",
                "waterlevel_msl": "47.56",
                "discharge": "400.00",
                "storage_percent": "71.37",
                "agency": "ชป.",
                "basin": "ลุ่มน้ำป่าสัก",
                "province": "ลพบุรี",
                "amphoe": "ชัยบาดาล",
                "tumbon": "เกาะรัง",
                "river_name": "แม่น้ำป่าสัก"
            }
        },
        {
            "type": "Feature",
            "geometry": {
                "type": "Point",
                "coordinates": [
                    98.86222,
                    18.57391
                ]
            },
            "properties": {
                "id": 1144485019,
                "station_name": "สะพานโยธาอำนวยพัฒนา",
                "tele_station_oldcode": "TB0006",
                "tele_station_name": "สะพานโยธาอำนวยพัฒนา",
                "waterlevel_datetime": "2025-10-04 12:00",
                "waterlevel_msl": "291.51",
                "discharge": null,
                "storage_percent": "71.19",
                "agency": "สสน.",
                "basin": "ลุ่มน้ำปิง",
                "province": "เชียงใหม่",
                "amphoe": "สันป่าตอง",
                "tumbon": "ทุ่งสะโตก",
                "river_name": "น้ำแม่ขาน"
            }
        },
        {
            "type": "Feature",
            "geometry": {
                "type": "Point",
                "coordinates": [
                    101.708229,
                    15.9074
                ]
            },
            "properties": {
                "id": 1144481232,
                "station_name": "บ้านหนองอ้อ",
                "tele_station_oldcode": "E.32A",
                "tele_station_name": "บ้านหนองอ้อ",
                "waterlevel_datetime": "2025-10-04 11:00",
                "waterlevel_msl": "206.31",
                "discharge": "159.47",
                "storage_percent": "70.92",
                "agency": "ชป.",
                "basin": "ลุ่มน้ำชี",
                "province": "ชัยภูมิ",
                "amphoe": "บ้านเขว้า",
                "tumbon": "ชีบน",
                "river_name": "แม่น้ำชี"
            }
        },
        {
            "type": "Feature",
            "geometry": {
                "type": "Point",
                "coordinates": [
                    99.70778,
                    8.232547
                ]
            },
            "properties": {
                "id": 1144485015,
                "station_name": "ฝายคลองท่าเลา",
                "tele_station_oldcode": "SWR025",
                "tele_station_name": "ฝายคลองท่าเลา",
                "waterlevel_datetime": "2025-10-04 12:00",
                "waterlevel_msl": "122.83",
                "discharge": null,
                "storage_percent": "70.41",
                "agency": "สสน.",
                "basin": "ลุ่มน้ำภาคใต้ฝั่งตะวันตก",
                "province": "นครศรีธรรมราช",
                "amphoe": "ทุ่งสง",
                "tumbon": "นาหลวงเสน",
                "river_name": "คลองท่าเลา"
            }
        },
        {
            "type": "Feature",
            "geometry": {
                "type": "Point",
                "coordinates": [
                    100.07823,
                    15.22497
                ]
            },
            "properties": {
                "id": 1144485045,
                "station_name": "สะพานคง-ศุข ศรีสวัสดิ์",
                "tele_station_oldcode": "THA001",
                "tele_station_name": "สะพานคง-ศุข ศรีสวัสดิ์",
                "waterlevel_datetime": "2025-10-04 12:00",
                "waterlevel_msl": "16.64",
                "discharge": null,
                "storage_percent": "70.38",
                "agency": "สสน.",
                "basin": "ลุ่มน้ำเจ้าพระยา",
                "province": "ชัยนาท",
                "amphoe": "เมืองชัยนาท",
                "tumbon": "หาดท่าเสา",
                "river_name": "แม่น้ำท่าจีน"
            }
        },
        {
            "type": "Feature",
            "geometry": {
                "type": "Point",
                "coordinates": [
                    100.01188,
                    17.321064
                ]
            },
            "properties": {
                "id": 1144484907,
                "station_name": "สะพานผันน้ำยม-น่าน2",
                "tele_station_oldcode": "ONE048",
                "tele_station_name": "สะพานผันน้ำยม-น่าน2",
                "waterlevel_datetime": "2025-10-04 12:00",
                "waterlevel_msl": "52.61",
                "discharge": null,
                "storage_percent": "70.29",
                "agency": "สสน.",
                "basin": "ลุ่มน้ำยม",
                "province": "อุตรดิตถ์",
                "amphoe": "พิชัย",
                "tumbon": "คอรุม",
                "river_name": "คลองกล้วย"
            }
        },
        {
            "type": "Feature",
            "geometry": {
                "type": "Point",
                "coordinates": [
                    100.5121,
                    16.84701
                ]
            },
            "properties": {
                "id": 1144479478,
                "station_name": "บ้านวังนกแอ่น",
                "tele_station_oldcode": "N.24A",
                "tele_station_name": "บ้านวังนกแอ่น",
                "waterlevel_datetime": "2025-10-04 11:00",
                "waterlevel_msl": "48.92",
                "discharge": "133.70",
                "storage_percent": "70.24",
                "agency": "ชป.",
                "basin": "ลุ่มน้ำน่าน",
                "province": "พิษณุโลก",
                "amphoe": "วังทอง",
                "tumbon": "วังนกแอ่น",
                "river_name": "น้ำเข็ก"
            }
        },
        {
            "type": "Feature",
            "geometry": {
                "type": "Point",
                "coordinates": [
                    99.976089,
                    15.93539
                ]
            },
            "properties": {
                "id": 1144479445,
                "station_name": "บ้านท่างิ้ว",
                "tele_station_oldcode": "P.17",
                "tele_station_name": "บ้านท่างิ้ว",
                "waterlevel_datetime": "2025-10-04 11:00",
                "waterlevel_msl": "36.28",
                "discharge": "607.00",
                "storage_percent": "70.01",
                "agency": "ชป.",
                "basin": "ลุ่มน้ำปิง",
                "province": "นครสวรรค์",
                "amphoe": "บรรพตพิสัย",
                "tumbon": "ท่างิ้ว",
                "river_name": "แม่น้ำปิง"
            }
        },
        {
            "type": "Feature",
            "geometry": {
                "type": "Point",
                "coordinates": [
                    104.32795,
                    15.80624
                ]
            },
            "properties": {
                "id": 1144478853,
                "station_name": "บ้านนิคม",
                "tele_station_oldcode": "M.157",
                "tele_station_name": "บ้านนิคม",
                "waterlevel_datetime": "2025-10-04 11:00",
                "waterlevel_msl": "127.70",
                "discharge": "120.00",
                "storage_percent": "69.95",
                "agency": "ชป.",
                "basin": "ลุ่มน้ำมูล",
                "province": "ยโสธร",
                "amphoe": "ป่าติ้ว",
                "tumbon": "กระจาย",
                "river_name": "ลำโพง"
            }
        },
        {
            "type": "Feature",
            "geometry": {
                "type": "Point",
                "coordinates": [
                    101.95606,
                    12.722433
                ]
            },
            "properties": {
                "id": 1144484700,
                "station_name": "นายายอาม",
                "tele_station_oldcode": "CHN005",
                "tele_station_name": "นายายอาม",
                "waterlevel_datetime": "2025-10-04 12:00",
                "waterlevel_msl": "2.24",
                "discharge": null,
                "storage_percent": "69.69",
                "agency": "สสน.",
                "basin": "ลุ่มน้ำชายฝั่งทะเลตะวันออก",
                "province": "จันทบุรี",
                "amphoe": "นายายอาม",
                "tumbon": "วังใหม่",
                "river_name": "คลองวังโตนด"
            }
        },
        {
            "type": "Feature",
            "geometry": {
                "type": "Point",
                "coordinates": [
                    99.74968,
                    19.793711
                ]
            },
            "properties": {
                "id": 1144478327,
                "station_name": "บ้านต้นยาง",
                "tele_station_oldcode": "G.8",
                "tele_station_name": "บ้านต้นยาง",
                "waterlevel_datetime": "2025-10-04 11:00",
                "waterlevel_msl": "407.55",
                "discharge": "83.50",
                "storage_percent": "69.43",
                "agency": "ชป.",
                "basin": "ลุ่มน้ำโขงเหนือ",
                "province": "เชียงราย",
                "amphoe": "แม่ลาว",
                "tumbon": "บัวสลี",
                "river_name": "น้ำแม่ลาว"
            }
        },
        {
            "type": "Feature",
            "geometry": {
                "type": "Point",
                "coordinates": [
                    99.007332,
                    19.14599
                ]
            },
            "properties": {
                "id": 1144478305,
                "station_name": "บ้านช่อแล",
                "tele_station_oldcode": "P.75",
                "tele_station_name": "บ้านช่อแล",
                "waterlevel_datetime": "2025-10-04 11:00",
                "waterlevel_msl": "339.97",
                "discharge": "105.13",
                "storage_percent": "69.43",
                "agency": "ชป.",
                "basin": "ลุ่มน้ำปิง",
                "province": "เชียงใหม่",
                "amphoe": "แม่แตง",
                "tumbon": "ช่อแล",
                "river_name": "เหมืองสายล่าง"
            }
        },
        {
            "type": "Feature",
            "geometry": {
                "type": "Point",
                "coordinates": [
                    99.36204,
                    20.060944
                ]
            },
            "properties": {
                "id": 1144484695,
                "station_name": "แม่อาย",
                "tele_station_oldcode": "CHM003",
                "tele_station_name": "แม่อาย",
                "waterlevel_datetime": "2025-10-04 12:00",
                "waterlevel_msl": "446.74",
                "discharge": null,
                "storage_percent": "69.39",
                "agency": "สสน.",
                "basin": "ลุ่มน้ำโขงเหนือ",
                "province": "เชียงใหม่",
                "amphoe": "แม่อาย",
                "tumbon": "ท่าตอน",
                "river_name": "แม่น้ำกก"
            }
        },
        {
            "type": "Feature",
            "geometry": {
                "type": "Point",
                "coordinates": [
                    100.14691,
                    7.622818
                ]
            },
            "properties": {
                "id": 1144484891,
                "station_name": "สะพานข้ามคลองลำปำ",
                "tele_station_oldcode": "ONE025",
                "tele_station_name": "สะพานข้ามคลองลำปำ",
                "waterlevel_datetime": "2025-10-04 12:00",
                "waterlevel_msl": "0.26",
                "discharge": null,
                "storage_percent": "69.32",
                "agency": "สสน.",
                "basin": "ลุ่มน้ำทะเลสาบสงขลา",
                "province": "พัทลุง",
                "amphoe": "เมืองพัทลุง",
                "tumbon": "ลำปำ",
                "river_name": "คลองลำปำ"
            }
        },
        {
            "type": "Feature",
            "geometry": {
                "type": "Point",
                "coordinates": [
                    98.64756,
                    18.29126
                ]
            },
            "properties": {
                "id": 1144435630,
                "station_name": "บ้านสบสอย",
                "tele_station_oldcode": "P.73",
                "tele_station_name": "บ้านสบสอย",
                "waterlevel_datetime": "2025-10-04 06:00",
                "waterlevel_msl": "264.71",
                "discharge": null,
                "storage_percent": "69.13",
                "agency": "ชป.",
                "basin": "ลุ่มน้ำปิง",
                "province": "เชียงใหม่",
                "amphoe": "จอมทอง",
                "tumbon": "แม่สอย",
                "river_name": "แม่น้ำปิง"
            }
        },
        {
            "type": "Feature",
            "geometry": {
                "type": "Point",
                "coordinates": [
                    98.63017,
                    18.17859
                ]
            },
            "properties": {
                "id": 1144484694,
                "station_name": "ฮอด",
                "tele_station_oldcode": "CHM002",
                "tele_station_name": "ฮอด",
                "waterlevel_datetime": "2025-10-04 12:00",
                "waterlevel_msl": "258.88",
                "discharge": null,
                "storage_percent": "69.06",
                "agency": "สสน.",
                "basin": "ลุ่มน้ำปิง",
                "province": "เชียงใหม่",
                "amphoe": "ฮอด",
                "tumbon": "หางดง",
                "river_name": "แม่น้ำปิง"
            }
        },
        {
            "type": "Feature",
            "geometry": {
                "type": "Point",
                "coordinates": [
                    100.56727,
                    13.661021
                ]
            },
            "properties": {
                "id": 1144484668,
                "station_name": "ปตร. คลองลัดบางยอ 2",
                "tele_station_oldcode": "BKC004",
                "tele_station_name": "ปตร. คลองลัดบางยอ 2",
                "waterlevel_datetime": "2025-10-04 12:00",
                "waterlevel_msl": "0.12",
                "discharge": null,
                "storage_percent": "69.03",
                "agency": "สสน.",
                "basin": "ลุ่มน้ำเจ้าพระยา",
                "province": "สมุทรปราการ",
                "amphoe": "พระประแดง",
                "tumbon": "บางกระสอบ",
                "river_name": "แม่น้ำเจ้าพระยา"
            }
        },
        {
            "type": "Feature",
            "geometry": {
                "type": "Point",
                "coordinates": [
                    102.743923,
                    16.250316
                ]
            },
            "properties": {
                "id": 1144471861,
                "station_name": "แม่น้ำชี บ้านหินกอง",
                "tele_station_oldcode": "URTD05",
                "tele_station_name": "แม่น้ำชี บ้านหินกอง",
                "waterlevel_datetime": "2025-10-04 11:00",
                "waterlevel_msl": "151.44",
                "discharge": "586.72",
                "storage_percent": "68.99",
                "agency": "กฟผ.",
                "basin": "ลุ่มน้ำชี",
                "province": "ขอนแก่น",
                "amphoe": "พระยืน",
                "tumbon": "บ้านโต้น",
                "river_name": "แม่น้ำชี"
            }
        },
        {
            "type": "Feature",
            "geometry": {
                "type": "Point",
                "coordinates": [
                    100.099243,
                    17.608641
                ]
            },
            "properties": {
                "id": 1144479517,
                "station_name": "ต.ในเมือง",
                "tele_station_oldcode": "N.2B",
                "tele_station_name": "ต.ในเมือง",
                "waterlevel_datetime": "2025-10-04 11:00",
                "waterlevel_msl": "55.98",
                "discharge": "677.20",
                "storage_percent": "68.83",
                "agency": "ชป.",
                "basin": "ลุ่มน้ำน่าน",
                "province": "อุตรดิตถ์",
                "amphoe": "เมืองอุตรดิตถ์",
                "tumbon": "บ้านเกาะ",
                "river_name": "แม่น้ำน่าน"
            }
        },
        {
            "type": "Feature",
            "geometry": {
                "type": "Point",
                "coordinates": [
                    102.237831,
                    14.96803
                ]
            },
            "properties": {
                "id": 1144478822,
                "station_name": "บ้านด่านกะตา",
                "tele_station_oldcode": "M.2A",
                "tele_station_name": "บ้านด่านกะตา",
                "waterlevel_datetime": "2025-10-04 11:00",
                "waterlevel_msl": "165.16",
                "discharge": "77.80",
                "storage_percent": "68.80",
                "agency": "ชป.",
                "basin": "ลุ่มน้ำมูล",
                "province": "นครราชสีมา",
                "amphoe": "เฉลิมพระเกียรติ",
                "tumbon": "หนองยาง",
                "river_name": "แม่น้ำมูล"
            }
        },
        {
            "type": "Feature",
            "geometry": {
                "type": "Point",
                "coordinates": [
                    99.96896,
                    13.331919
                ]
            },
            "properties": {
                "id": 1144484935,
                "station_name": "สะพานข้ามคลองโคน",
                "tele_station_oldcode": "PTT002",
                "tele_station_name": "สะพานข้ามคลองโคน",
                "waterlevel_datetime": "2025-10-04 12:00",
                "waterlevel_msl": "-1.19",
                "discharge": null,
                "storage_percent": "68.74",
                "agency": "สสน.",
                "basin": "ลุ่มน้ำภาคใต้ฝั่งตะวันออกตอนบน",
                "province": "สมุทรสงคราม",
                "amphoe": "เมืองสมุทรสงคราม",
                "tumbon": "คลองโคน",
                "river_name": null
            }
        },
        {
            "type": "Feature",
            "geometry": {
                "type": "Point",
                "coordinates": [
                    102.15435,
                    12.657133
                ]
            },
            "properties": {
                "id": 1144480797,
                "station_name": "ตำบลท่าหลวง",
                "tele_station_oldcode": "Z.64",
                "tele_station_name": "ตำบลท่าหลวง",
                "waterlevel_datetime": "2025-10-04 11:00",
                "waterlevel_msl": "4.08",
                "discharge": "115.20",
                "storage_percent": "68.72",
                "agency": "ชป.",
                "basin": "ลุ่มน้ำชายฝั่งทะเลตะวันออก",
                "province": "จันทบุรี",
                "amphoe": "แหลมสิงห์",
                "tumbon": "เกาะเปริด",
                "river_name": "คลองบ้านปากคลองใหญ่"
            }
        },
        {
            "type": "Feature",
            "geometry": {
                "type": "Point",
                "coordinates": [
                    99.457694,
                    14.609306
                ]
            },
            "properties": {
                "id": 1144470655,
                "station_name": "วัดหนองปรือ",
                "tele_station_oldcode": "MKSND05",
                "tele_station_name": "วัดหนองปรือ",
                "waterlevel_datetime": "2025-10-04 11:00",
                "waterlevel_msl": "128.04",
                "discharge": "3.23",
                "storage_percent": "68.59",
                "agency": "กฟผ.",
                "basin": "ลุ่มน้ำแม่กลอง",
                "province": "กาญจนบุรี",
                "amphoe": "หนองปรือ",
                "tumbon": "หนองปรือ",
                "river_name": "ลำตะเพิน"
            }
        },
        {
            "type": "Feature",
            "geometry": {
                "type": "Point",
                "coordinates": [
                    100.062737,
                    6.72662
                ]
            },
            "properties": {
                "id": 1144450218,
                "station_name": "บ้านฉลุงเหนือ",
                "tele_station_oldcode": "X.239",
                "tele_station_name": "บ้านฉลุงเหนือ",
                "waterlevel_datetime": "2025-10-04 09:00",
                "waterlevel_msl": "15.15",
                "discharge": "41.25",
                "storage_percent": "68.55",
                "agency": "ชป.",
                "basin": "ลุ่มน้ำภาคใต้ฝั่งตะวันตก",
                "province": "สตูล",
                "amphoe": "เมืองสตูล",
                "tumbon": "ฉลุง",
                "river_name": "คลองน้ำพระ"
            }
        },
        {
            "type": "Feature",
            "geometry": {
                "type": "Point",
                "coordinates": [
                    99.8804,
                    20.44451
                ]
            },
            "properties": {
                "id": 1144484545,
                "station_name": "สะพานมิตรภาพแม่น้ำสายแห่งที่ 1",
                "tele_station_oldcode": "MYA004",
                "tele_station_name": "สะพานมิตรภาพแม่น้ำสายแห่งที่ 1",
                "waterlevel_datetime": "2025-10-04 12:00",
                "waterlevel_msl": "396.05",
                "discharge": null,
                "storage_percent": "68.38",
                "agency": "พพภ",
                "basin": "ลุ่มน้ำโขงเหนือ",
                "province": "เชียงราย",
                "amphoe": "แม่สาย",
                "tumbon": "แม่สาย",
                "river_name": null
            }
        },
        {
            "type": "Feature",
            "geometry": {
                "type": "Point",
                "coordinates": [
                    101.838211,
                    13.91009
                ]
            },
            "properties": {
                "id": 1144480761,
                "station_name": "บ้านโนนสุขภูมิ",
                "tele_station_oldcode": "Kgt.13A",
                "tele_station_name": "บ้านโนนสุขภูมิ",
                "waterlevel_datetime": "2025-10-04 11:00",
                "waterlevel_msl": "12.67",
                "discharge": "198.45",
                "storage_percent": "68.24",
                "agency": "ชป.",
                "basin": "ลุ่มน้ำบางปะกง",
                "province": "ปราจีนบุรี",
                "amphoe": "กบินทร์บุรี",
                "tumbon": "บ่อทอง",
                "river_name": "คลองพระปรง"
            }
        },
        {
            "type": "Feature",
            "geometry": {
                "type": "Point",
                "coordinates": [
                    101.44474,
                    6.47977
                ]
            },
            "properties": {
                "id": 1144450239,
                "station_name": "บ้านปายอยือนิ ",
                "tele_station_oldcode": "X.273",
                "tele_station_name": "บ้านปายอยือนิ ",
                "waterlevel_datetime": "2025-10-04 09:00",
                "waterlevel_msl": "11.19",
                "discharge": null,
                "storage_percent": "67.82",
                "agency": "ชป.",
                "basin": "ลุ่มน้ำภาคใต้ฝั่งตะวันออกตอนล่าง",
                "province": "ยะลา",
                "amphoe": "รามัน",
                "tumbon": "ตะโล๊ะหะลอ",
                "river_name": "แม่น้ำสายบุรี"
            }
        },
        {
            "type": "Feature",
            "geometry": {
                "type": "Point",
                "coordinates": [
                    99.81828,
                    19.92196
                ]
            },
            "properties": {
                "id": 1144485024,
                "station_name": "สะพานแม่ฟ้าหลวง",
                "tele_station_oldcode": "TBW022",
                "tele_station_name": "สะพานแม่ฟ้าหลวง",
                "waterlevel_datetime": "2025-10-04 12:00",
                "waterlevel_msl": "391.04",
                "discharge": null,
                "storage_percent": "67.80",
                "agency": "สสน.",
                "basin": "ลุ่มน้ำโขงเหนือ",
                "province": "เชียงราย",
                "amphoe": "เมืองเชียงราย",
                "tumbon": "รอบเวียง",
                "river_name": "แม่น้ำกก"
            }
        },
        {
            "type": "Feature",
            "geometry": {
                "type": "Point",
                "coordinates": [
                    99.098122,
                    17.20499
                ]
            },
            "properties": {
                "id": 1144479454,
                "station_name": "บ้านวังหมัน",
                "tele_station_oldcode": "W.4A",
                "tele_station_name": "บ้านวังหมัน",
                "waterlevel_datetime": "2025-10-04 11:00",
                "waterlevel_msl": "134.57",
                "discharge": "180.00",
                "storage_percent": "67.77",
                "agency": "ชป.",
                "basin": "ลุ่มน้ำวัง",
                "province": "ตาก",
                "amphoe": "สามเงา",
                "tumbon": "วังหมัน",
                "river_name": "แม่น้ำวัง"
            }
        },
        {
            "type": "Feature",
            "geometry": {
                "type": "Point",
                "coordinates": [
                    100.69319,
                    6.738061
                ]
            },
            "properties": {
                "id": 1144484773,
                "station_name": "นาทวี",
                "tele_station_oldcode": "JNA002",
                "tele_station_name": "นาทวี",
                "waterlevel_datetime": "2025-10-04 12:00",
                "waterlevel_msl": "21.11",
                "discharge": null,
                "storage_percent": "67.74",
                "agency": "สสน.",
                "basin": "ลุ่มน้ำทะเลสาบสงขลา",
                "province": "สงขลา",
                "amphoe": "นาทวี",
                "tumbon": "นาทวี",
                "river_name": "คลองนาทวี"
            }
        },
        {
            "type": "Feature",
            "geometry": {
                "type": "Point",
                "coordinates": [
                    99.098465,
                    10.231191
                ]
            },
            "properties": {
                "id": 1144485014,
                "station_name": "สวี 1",
                "tele_station_oldcode": "SVI001",
                "tele_station_name": "สวี 1",
                "waterlevel_datetime": "2025-10-04 12:00",
                "waterlevel_msl": "0.89",
                "discharge": null,
                "storage_percent": "67.72",
                "agency": "สสน.",
                "basin": "ลุ่มน้ำภาคใต้ฝั่งตะวันออกตอนบน",
                "province": "ชุมพร",
                "amphoe": "สวี",
                "tumbon": "นาโพธิ์",
                "river_name": "คลองสวี"
            }
        },
        {
            "type": "Feature",
            "geometry": {
                "type": "Point",
                "coordinates": [
                    98.919251,
                    9.24312
                ]
            },
            "properties": {
                "id": 1144470621,
                "station_name": "สะพานสิริกฤตานุกุล์ (บ้านท่านหญิง)อ.วิภาวดี ",
                "tele_station_oldcode": "RPBRPBD07",
                "tele_station_name": "สะพานสิริกฤตานุกุล์ (บ้านท่านหญิง)อ.วิภาวดี ",
                "waterlevel_datetime": "2025-10-04 11:00",
                "waterlevel_msl": "32.82",
                "discharge": null,
                "storage_percent": "67.34",
                "agency": "กฟผ.",
                "basin": "ลุ่มน้ำภาคใต้ฝั่งตะวันออกตอนบน",
                "province": "สุราษฎร์ธานี",
                "amphoe": "วิภาวดี",
                "tumbon": "ตะกุกเหนือ",
                "river_name": null
            }
        },
        {
            "type": "Feature",
            "geometry": {
                "type": "Point",
                "coordinates": [
                    100.047485,
                    7.817578
                ]
            },
            "properties": {
                "id": 1144484471,
                "station_name": "สะพานบ้านแหลมโตนด",
                "tele_station_oldcode": "FOP038",
                "tele_station_name": "สะพานบ้านแหลมโตนด",
                "waterlevel_datetime": "2025-10-04 12:00",
                "waterlevel_msl": "2.74",
                "discharge": null,
                "storage_percent": "67.21",
                "agency": "พพภ",
                "basin": "ลุ่มน้ำทะเลสาบสงขลา",
                "province": "พัทลุง",
                "amphoe": "ควนขนุน",
                "tumbon": "แหลมโตนด",
                "river_name": "คลองคุ้ง"
            }
        },
        {
            "type": "Feature",
            "geometry": {
                "type": "Point",
                "coordinates": [
                    100.071487,
                    6.77741
                ]
            },
            "properties": {
                "id": 1144450220,
                "station_name": "บ้านปันจอร์",
                "tele_station_oldcode": "X.279",
                "tele_station_name": "บ้านปันจอร์",
                "waterlevel_datetime": "2025-10-04 09:00",
                "waterlevel_msl": "21.45",
                "discharge": "37.13",
                "storage_percent": "67.13",
                "agency": "ชป.",
                "basin": "ลุ่มน้ำภาคใต้ฝั่งตะวันตก",
                "province": "สตูล",
                "amphoe": "ควนโดน",
                "tumbon": "ย่านซื่อ",
                "river_name": "คลองดุสน"
            }
        },
        {
            "type": "Feature",
            "geometry": {
                "type": "Point",
                "coordinates": [
                    101.014427,
                    14.62918
                ]
            },
            "properties": {
                "id": 1144479448,
                "station_name": "บ้านป่า",
                "tele_station_oldcode": "S.9",
                "tele_station_name": "บ้านป่า",
                "waterlevel_datetime": "2025-10-04 11:00",
                "waterlevel_msl": "15.15",
                "discharge": "520.00",
                "storage_percent": "67.06",
                "agency": "ชป.",
                "basin": "ลุ่มน้ำป่าสัก",
                "province": "สระบุรี",
                "amphoe": "แก่งคอย",
                "tumbon": "บ้านป่า",
                "river_name": "แม่น้ำป่าสัก"
            }
        },
        {
            "type": "Feature",
            "geometry": {
                "type": "Point",
                "coordinates": [
                    101.971772,
                    16.309406
                ]
            },
            "properties": {
                "id": 1144471855,
                "station_name": "น้ำพรม อ.เกษตรสมบูรณ์",
                "tele_station_oldcode": "URTU09",
                "tele_station_name": "น้ำพรม อ.เกษตรสมบูรณ์",
                "waterlevel_datetime": "2025-10-04 11:00",
                "waterlevel_msl": "224.21",
                "discharge": "11.50",
                "storage_percent": "66.98",
                "agency": "กฟผ.",
                "basin": "ลุ่มน้ำชี",
                "province": "ชัยภูมิ",
                "amphoe": "เกษตรสมบูรณ์",
                "tumbon": "บ้านยาง",
                "river_name": "น้ำพรม"
            }
        },
        {
            "type": "Feature",
            "geometry": {
                "type": "Point",
                "coordinates": [
                    99.06441,
                    18.653326
                ]
            },
            "properties": {
                "id": 1144484459,
                "station_name": "ลำน้ำกวงสะพานศรีดอนชัย",
                "tele_station_oldcode": "FOP015",
                "tele_station_name": "ลำน้ำกวงสะพานศรีดอนชัย",
                "waterlevel_datetime": "2025-10-04 12:00",
                "waterlevel_msl": "292.18",
                "discharge": null,
                "storage_percent": "66.86",
                "agency": "พพภ",
                "basin": "ลุ่มน้ำปิง",
                "province": "ลำพูน",
                "amphoe": "บ้านธิ",
                "tumbon": "บ้านธิ",
                "river_name": "น้ำแม่กวง"
            }
        },
        {
            "type": "Feature",
            "geometry": {
                "type": "Point",
                "coordinates": [
                    99.605652,
                    17.90118
                ]
            },
            "properties": {
                "id": 1144478322,
                "station_name": "บ้านวังชิ้น",
                "tele_station_oldcode": "Y.37",
                "tele_station_name": "บ้านวังชิ้น",
                "waterlevel_datetime": "2025-10-04 11:00",
                "waterlevel_msl": "99.53",
                "discharge": "531.50",
                "storage_percent": "66.84",
                "agency": "ชป.",
                "basin": "ลุ่มน้ำยม",
                "province": "แพร่",
                "amphoe": "วังชิ้น",
                "tumbon": "วังชิ้น",
                "river_name": "แม่น้ำยม"
            }
        },
        {
            "type": "Feature",
            "geometry": {
                "type": "Point",
                "coordinates": [
                    100.057068,
                    15.41085
                ]
            },
            "properties": {
                "id": 1144479438,
                "station_name": "บ้านหาดทนง",
                "tele_station_oldcode": "Ct.2A",
                "tele_station_name": "บ้านหาดทนง",
                "waterlevel_datetime": "2025-10-04 11:00",
                "waterlevel_msl": "18.01",
                "discharge": null,
                "storage_percent": "66.83",
                "agency": "ชป.",
                "basin": "ลุ่มน้ำสะแกกรัง",
                "province": "อุทัยธานี",
                "amphoe": "เมืองอุทัยธานี",
                "tumbon": "สะแกกรัง",
                "river_name": "แม่น้ำสะแกกรัง"
            }
        },
        {
            "type": "Feature",
            "geometry": {
                "type": "Point",
                "coordinates": [
                    99.18398,
                    16.78657
                ]
            },
            "properties": {
                "id": 1144484917,
                "station_name": "เมืองตาก",
                "tele_station_oldcode": "PIN002",
                "tele_station_name": "เมืองตาก",
                "waterlevel_datetime": "2025-10-04 12:00",
                "waterlevel_msl": "100.45",
                "discharge": null,
                "storage_percent": "66.64",
                "agency": "สสน.",
                "basin": "ลุ่มน้ำปิง",
                "province": "ตาก",
                "amphoe": "วังเจ้า",
                "tumbon": "ประดาง",
                "river_name": "แม่น้ำปิง"
            }
        },
        {
            "type": "Feature",
            "geometry": {
                "type": "Point",
                "coordinates": [
                    102.114113,
                    12.61359
                ]
            },
            "properties": {
                "id": 1144480789,
                "station_name": "สะพานวัดจันทนาราม",
                "tele_station_oldcode": "Z.57",
                "tele_station_name": "สะพานวัดจันทนาราม",
                "waterlevel_datetime": "2025-10-04 11:00",
                "waterlevel_msl": "0.65",
                "discharge": null,
                "storage_percent": "66.59",
                "agency": "ชป.",
                "basin": "ลุ่มน้ำชายฝั่งทะเลตะวันออก",
                "province": "จันทบุรี",
                "amphoe": "เมืองจันทบุรี",
                "tumbon": "จันทนิมิต",
                "river_name": "คลองจันทบุรี"
            }
        },
        {
            "type": "Feature",
            "geometry": {
                "type": "Point",
                "coordinates": [
                    99.19886,
                    8.84753
                ]
            },
            "properties": {
                "id": 1144450216,
                "station_name": "บ้านเคียนซา",
                "tele_station_oldcode": "X.217",
                "tele_station_name": "บ้านเคียนซา",
                "waterlevel_datetime": "2025-10-04 09:00",
                "waterlevel_msl": "1.35",
                "discharge": "160.25",
                "storage_percent": "66.48",
                "agency": "ชป.",
                "basin": "ลุ่มน้ำภาคใต้ฝั่งตะวันออกตอนบน",
                "province": "สุราษฎร์ธานี",
                "amphoe": "เคียนซา",
                "tumbon": "เคียนซา",
                "river_name": "แม่น้ำตาปี"
            }
        },
        {
            "type": "Feature",
            "geometry": {
                "type": "Point",
                "coordinates": [
                    99.59781,
                    7.964069
                ]
            },
            "properties": {
                "id": 1144485058,
                "station_name": "รัษฎา",
                "tele_station_oldcode": "TNG006",
                "tele_station_name": "รัษฎา",
                "waterlevel_datetime": "2025-10-04 12:00",
                "waterlevel_msl": "21.97",
                "discharge": null,
                "storage_percent": "66.30",
                "agency": "สสน.",
                "basin": "ลุ่มน้ำภาคใต้ฝั่งตะวันตก",
                "province": "ตรัง",
                "amphoe": "รัษฎา",
                "tumbon": "ควนเมา",
                "river_name": "แม่น้ำตรัง"
            }
        },
        {
            "type": "Feature",
            "geometry": {
                "type": "Point",
                "coordinates": [
                    100.588043,
                    17.12855
                ]
            },
            "properties": {
                "id": 1144479529,
                "station_name": "บ้านแก่งบัวคำ",
                "tele_station_oldcode": "N.81",
                "tele_station_name": "บ้านแก่งบัวคำ",
                "waterlevel_datetime": "2025-10-04 11:00",
                "waterlevel_msl": "164.69",
                "discharge": "292.00",
                "storage_percent": "66.24",
                "agency": "ชป.",
                "basin": "ลุ่มน้ำน่าน",
                "province": "พิษณุโลก",
                "amphoe": "ชาติตระการ",
                "tumbon": "สวนเมี่ยง",
                "river_name": "น้ำแควน้อย"
            }
        },
        {
            "type": "Feature",
            "geometry": {
                "type": "Point",
                "coordinates": [
                    100.27416,
                    13.8078
                ]
            },
            "properties": {
                "id": 1144485072,
                "station_name": "ศาลาดิน",
                "tele_station_oldcode": "VLGE20",
                "tele_station_name": "ศาลาดิน",
                "waterlevel_datetime": "2025-10-04 12:00",
                "waterlevel_msl": "0.82",
                "discharge": null,
                "storage_percent": "65.46",
                "agency": "สสน.",
                "basin": "ลุ่มน้ำท่าจีน",
                "province": "นครปฐม",
                "amphoe": "พุทธมณฑล",
                "tumbon": "มหาสวัสดิ์",
                "river_name": "คลองหม่อมเจ้าเฉลิมศรี"
            }
        },
        {
            "type": "Feature",
            "geometry": {
                "type": "Point",
                "coordinates": [
                    103.96229,
                    16.60361
                ]
            },
            "properties": {
                "id": 1144485028,
                "station_name": "ห้วยยัง",
                "tele_station_oldcode": "TBW026",
                "tele_station_name": "ห้วยยัง",
                "waterlevel_datetime": "2025-10-04 12:00",
                "waterlevel_msl": "159.74",
                "discharge": null,
                "storage_percent": "65.25",
                "agency": "สสน.",
                "basin": "ลุ่มน้ำชี",
                "province": "กาฬสินธุ์",
                "amphoe": "ห้วยผึ้ง",
                "tumbon": "ไค้นุ่น",
                "river_name": "ลำพะยัง"
            }
        },
        {
            "type": "Feature",
            "geometry": {
                "type": "Point",
                "coordinates": [
                    99.894669,
                    15.53929
                ]
            },
            "properties": {
                "id": 1144479441,
                "station_name": "บ้านโคกหม้อ",
                "tele_station_oldcode": "Ct.8",
                "tele_station_name": "บ้านโคกหม้อ",
                "waterlevel_datetime": "2025-10-04 11:00",
                "waterlevel_msl": "30.75",
                "discharge": "31.00",
                "storage_percent": "65.01",
                "agency": "ชป.",
                "basin": "ลุ่มน้ำสะแกกรัง",
                "province": "อุทัยธานี",
                "amphoe": "ทัพทัน",
                "tumbon": "โคกหม้อ",
                "river_name": "น้ำตากแดด"
            }
        },
        {
            "type": "Feature",
            "geometry": {
                "type": "Point",
                "coordinates": [
                    102.17911,
                    18.151169
                ]
            },
            "properties": {
                "id": 1144466842,
                "station_name": "สะพานห้วยน้ำฮวย",
                "tele_station_oldcode": "AIT003",
                "tele_station_name": "สะพานห้วยน้ำฮวย",
                "waterlevel_datetime": "2025-10-04 10:50",
                "waterlevel_msl": "172.43",
                "discharge": null,
                "storage_percent": "64.98",
                "agency": "สสน.",
                "basin": "ลุ่มน้ำโขงตะวันออกเฉียงเหนือ",
                "province": "หนองคาย",
                "amphoe": "สังคม",
                "tumbon": "บ้านม่วง",
                "river_name": "ห้วยน้ำฮวย"
            }
        },
        {
            "type": "Feature",
            "geometry": {
                "type": "Point",
                "coordinates": [
                    100.258949,
                    18.94628
                ]
            },
            "properties": {
                "id": 1144478320,
                "station_name": "บ้านทุ่งหนอง",
                "tele_station_oldcode": "Y.31",
                "tele_station_name": "บ้านทุ่งหนอง",
                "waterlevel_datetime": "2025-10-04 11:00",
                "waterlevel_msl": "260.77",
                "discharge": "109.90",
                "storage_percent": "64.55",
                "agency": "ชป.",
                "basin": "ลุ่มน้ำยม",
                "province": "พะเยา",
                "amphoe": "เชียงม่วน",
                "tumbon": "สระ",
                "river_name": "แม่น้ำยม"
            }
        },
        {
            "type": "Feature",
            "geometry": {
                "type": "Point",
                "coordinates": [
                    102.50981,
                    12.238075
                ]
            },
            "properties": {
                "id": 1144485066,
                "station_name": "บางพระ",
                "tele_station_oldcode": "TRD004",
                "tele_station_name": "บางพระ",
                "waterlevel_datetime": "2025-10-04 12:00",
                "waterlevel_msl": "0.18",
                "discharge": null,
                "storage_percent": "64.46",
                "agency": "สสน.",
                "basin": "ลุ่มน้ำชายฝั่งทะเลตะวันออก",
                "province": "ตราด",
                "amphoe": "เมืองตราด",
                "tumbon": "บางพระ",
                "river_name": "คลองบางพระ"
            }
        },
        {
            "type": "Feature",
            "geometry": {
                "type": "Point",
                "coordinates": [
                    99.093328,
                    9.063301
                ]
            },
            "properties": {
                "id": 1144470627,
                "station_name": "สะพานท่าผาก อ.พุนพิน จ.สุราษฎร์ธานี",
                "tele_station_oldcode": "RPBRPBD09",
                "tele_station_name": "สะพานท่าผาก อ.พุนพิน จ.สุราษฎร์ธานี",
                "waterlevel_datetime": "2025-10-04 11:00",
                "waterlevel_msl": "1.49",
                "discharge": null,
                "storage_percent": "64.28",
                "agency": "กฟผ.",
                "basin": "ลุ่มน้ำภาคใต้ฝั่งตะวันออกตอนบน",
                "province": "สุราษฎร์ธานี",
                "amphoe": "พุนพิน",
                "tumbon": "น้ำรอบ",
                "river_name": null
            }
        },
        {
            "type": "Feature",
            "geometry": {
                "type": "Point",
                "coordinates": [
                    99.25004,
                    18.546862
                ]
            },
            "properties": {
                "id": 1144484922,
                "station_name": "สะพานแม่น้ำทา",
                "tele_station_oldcode": "PIN007",
                "tele_station_name": "สะพานแม่น้ำทา",
                "waterlevel_datetime": "2025-10-04 12:00",
                "waterlevel_msl": "440.20",
                "discharge": null,
                "storage_percent": "64.17",
                "agency": "สสน.",
                "basin": "ลุ่มน้ำปิง",
                "province": "ลำพูน",
                "amphoe": "แม่ทา",
                "tumbon": "ทาปลาดุก",
                "river_name": "น้ำแม่ทา"
            }
        },
        {
            "type": "Feature",
            "geometry": {
                "type": "Point",
                "coordinates": [
                    100.30723,
                    14.16479
                ]
            },
            "properties": {
                "id": 1144484718,
                "station_name": "คลองพระยาบรรลือ",
                "tele_station_oldcode": "CPY016",
                "tele_station_name": "คลองพระยาบรรลือ",
                "waterlevel_datetime": "2025-10-04 12:00",
                "waterlevel_msl": "1.72",
                "discharge": null,
                "storage_percent": "64.15",
                "agency": "สสน.",
                "basin": "ลุ่มน้ำเจ้าพระยา",
                "province": "พระนครศรีอยุธยา",
                "amphoe": "ลาดบัวหลวง",
                "tumbon": "สามเมือง",
                "river_name": "คลองพระยาบรรลือ"
            }
        },
        {
            "type": "Feature",
            "geometry": {
                "type": "Point",
                "coordinates": [
                    98.630519,
                    18.178275
                ]
            },
            "properties": {
                "id": 1144470301,
                "station_name": "แม่น้ำปิงที่ อ.ฮอด",
                "tele_station_oldcode": "BBBBU02",
                "tele_station_name": "แม่น้ำปิงที่ อ.ฮอด",
                "waterlevel_datetime": "2025-10-04 11:00",
                "waterlevel_msl": "259.07",
                "discharge": null,
                "storage_percent": "64.11",
                "agency": "กฟผ.",
                "basin": "ลุ่มน้ำปิง",
                "province": "เชียงใหม่",
                "amphoe": "ฮอด",
                "tumbon": "บ้านตาล",
                "river_name": null
            }
        },
        {
            "type": "Feature",
            "geometry": {
                "type": "Point",
                "coordinates": [
                    99.896286,
                    7.954537
                ]
            },
            "properties": {
                "id": 1144484468,
                "station_name": "สะพานข้ามคลองวังเคียน",
                "tele_station_oldcode": "FOP035",
                "tele_station_name": "สะพานข้ามคลองวังเคียน",
                "waterlevel_datetime": "2025-10-04 12:00",
                "waterlevel_msl": "13.32",
                "discharge": null,
                "storage_percent": "63.94",
                "agency": "พพภ",
                "basin": "ลุ่มน้ำภาคใต้ฝั่งตะวันออกตอนบน",
                "province": "นครศรีธรรมราช",
                "amphoe": "ชะอวด",
                "tumbon": "วังอ่าง",
                "river_name": "คลองวังเคียน"
            }
        },
        {
            "type": "Feature",
            "geometry": {
                "type": "Point",
                "coordinates": [
                    99.223751,
                    9.113061
                ]
            },
            "properties": {
                "id": 1144470640,
                "station_name": "สะพานจุลจอมเกล้า อ.พุนพิน (X.5C)",
                "tele_station_oldcode": "RPBRPBD14",
                "tele_station_name": "สะพานจุลจอมเกล้า อ.พุนพิน (X.5C)",
                "waterlevel_datetime": "2025-10-04 11:00",
                "waterlevel_msl": "0.33",
                "discharge": null,
                "storage_percent": "63.68",
                "agency": "กฟผ.",
                "basin": "ลุ่มน้ำภาคใต้ฝั่งตะวันออกตอนบน",
                "province": "สุราษฎร์ธานี",
                "amphoe": "พุนพิน",
                "tumbon": "ท่าข้าม",
                "river_name": null
            }
        },
        {
            "type": "Feature",
            "geometry": {
                "type": "Point",
                "coordinates": [
                    101.734467,
                    17.494881
                ]
            },
            "properties": {
                "id": 1144481248,
                "station_name": "บ้านฟากเลย",
                "tele_station_oldcode": "Kh.58A",
                "tele_station_name": "บ้านฟากเลย",
                "waterlevel_datetime": "2025-10-04 11:00",
                "waterlevel_msl": "234.71",
                "discharge": "224.05",
                "storage_percent": "63.67",
                "agency": "ชป.",
                "basin": "ลุ่มน้ำโขงตะวันออกเฉียงเหนือ",
                "province": "เลย",
                "amphoe": "เมืองเลย",
                "tumbon": "กุดป่อง",
                "river_name": "แม่น้ำเลย"
            }
        },
        {
            "type": "Feature",
            "geometry": {
                "type": "Point",
                "coordinates": [
                    99.25393,
                    8.571061
                ]
            },
            "properties": {
                "id": 1144485062,
                "station_name": "เวียงสระ",
                "tele_station_oldcode": "TPI005",
                "tele_station_name": "เวียงสระ",
                "waterlevel_datetime": "2025-10-04 12:00",
                "waterlevel_msl": "7.13",
                "discharge": null,
                "storage_percent": "63.59",
                "agency": "สสน.",
                "basin": "ลุ่มน้ำภาคใต้ฝั่งตะวันออกตอนบน",
                "province": "สุราษฎร์ธานี",
                "amphoe": "เวียงสระ",
                "tumbon": "ทุ่งหลวง",
                "river_name": "แม่น้ำตาปี"
            }
        },
        {
            "type": "Feature",
            "geometry": {
                "type": "Point",
                "coordinates": [
                    101.084297,
                    14.83464
                ]
            },
            "properties": {
                "id": 1144479453,
                "station_name": "ท้ายเขื่อนป่าสักชลสิทธิ์",
                "tele_station_oldcode": "S.28",
                "tele_station_name": "ท้ายเขื่อนป่าสักชลสิทธิ์",
                "waterlevel_datetime": "2025-10-04 11:00",
                "waterlevel_msl": "25.48",
                "discharge": "476.00",
                "storage_percent": "63.56",
                "agency": "ชป.",
                "basin": "ลุ่มน้ำป่าสัก",
                "province": "ลพบุรี",
                "amphoe": "พัฒนานิคม",
                "tumbon": "หนองบัว",
                "river_name": "แม่น้ำป่าสัก"
            }
        },
        {
            "type": "Feature",
            "geometry": {
                "type": "Point",
                "coordinates": [
                    104.2901,
                    17.1422
                ]
            },
            "properties": {
                "id": 1144481262,
                "station_name": "บ้านบึงศาลา",
                "tele_station_oldcode": "Kh.9A",
                "tele_station_name": "บ้านบึงศาลา",
                "waterlevel_datetime": "2025-10-04 11:00",
                "waterlevel_msl": "154.61",
                "discharge": "58.03",
                "storage_percent": "63.37",
                "agency": "ชป.",
                "basin": "ลุ่มน้ำโขงตะวันออกเฉียงเหนือ",
                "province": "สกลนคร",
                "amphoe": "เมืองสกลนคร",
                "tumbon": "โคกก่อง",
                "river_name": "ลำน้ำกำ"
            }
        },
        {
            "type": "Feature",
            "geometry": {
                "type": "Point",
                "coordinates": [
                    99.50745,
                    19.72628
                ]
            },
            "properties": {
                "id": 1144475940,
                "station_name": "สะพานน้ำแม่สรวย",
                "tele_station_oldcode": "MOU167",
                "tele_station_name": "สะพานน้ำแม่สรวย",
                "waterlevel_datetime": "2025-10-04 11:30",
                "waterlevel_msl": "508.78",
                "discharge": null,
                "storage_percent": "63.28",
                "agency": "พพภ",
                "basin": "ลุ่มน้ำโขงเหนือ",
                "province": "เชียงราย",
                "amphoe": "แม่สรวย",
                "tumbon": "วาวี",
                "river_name": null
            }
        },
        {
            "type": "Feature",
            "geometry": {
                "type": "Point",
                "coordinates": [
                    98.88985,
                    9.314678
                ]
            },
            "properties": {
                "id": 1144484482,
                "station_name": "บ้านคลองใส หมู่ที่ 8",
                "tele_station_oldcode": "FOP062",
                "tele_station_name": "บ้านคลองใส หมู่ที่ 8",
                "waterlevel_datetime": "2025-10-04 12:00",
                "waterlevel_msl": "121.84",
                "discharge": null,
                "storage_percent": "63.25",
                "agency": "พพภ",
                "basin": "ลุ่มน้ำภาคใต้ฝั่งตะวันออกตอนบน",
                "province": "สุราษฎร์ธานี",
                "amphoe": "วิภาวดี",
                "tumbon": "ตะกุกเหนือ",
                "river_name": "คลองวาย"
            }
        },
        {
            "type": "Feature",
            "geometry": {
                "type": "Point",
                "coordinates": [
                    100.742714,
                    14.650724
                ]
            },
            "properties": {
                "id": 1144484770,
                "station_name": "สะพานคลองส่งน้ำชลประทาน บ้านสร่างโศก",
                "tele_station_oldcode": "HDA011",
                "tele_station_name": "สะพานคลองส่งน้ำชลประทาน บ้านสร่างโศก",
                "waterlevel_datetime": "2025-10-04 12:00",
                "waterlevel_msl": "8.62",
                "discharge": null,
                "storage_percent": "63.02",
                "agency": "สสน.",
                "basin": "ลุ่มน้ำป่าสัก",
                "province": "สระบุรี",
                "amphoe": "บ้านหมอ",
                "tumbon": "สร่างโศก",
                "river_name": null
            }
        },
        {
            "type": "Feature",
            "geometry": {
                "type": "Point",
                "coordinates": [
                    99.98423,
                    19.56656
                ]
            },
            "properties": {
                "id": 1144485025,
                "station_name": "คลองแม่พุง",
                "tele_station_oldcode": "TBW023",
                "tele_station_name": "คลองแม่พุง",
                "waterlevel_datetime": "2025-10-04 12:00",
                "waterlevel_msl": "382.56",
                "discharge": null,
                "storage_percent": "63.00",
                "agency": "สสน.",
                "basin": "ลุ่มน้ำโขงเหนือ",
                "province": "เชียงราย",
                "amphoe": "ป่าแดด",
                "tumbon": "ป่าแงะ",
                "river_name": "น้ำแม่พุง"
            }
        },
        {
            "type": "Feature",
            "geometry": {
                "type": "Point",
                "coordinates": [
                    104.52514,
                    16.96218
                ]
            },
            "properties": {
                "id": 1144484882,
                "station_name": "ปตร.บ้านนาคู่-เหนือน้ำ",
                "tele_station_oldcode": "ONE011",
                "tele_station_name": "ปตร.บ้านนาคู่-เหนือน้ำ",
                "waterlevel_datetime": "2025-10-04 12:00",
                "waterlevel_msl": "141.46",
                "discharge": null,
                "storage_percent": "63.00",
                "agency": "สสน.",
                "basin": "ลุ่มน้ำโขงตะวันออกเฉียงเหนือ",
                "province": "นครพนม",
                "amphoe": "นาแก",
                "tumbon": "นาคู่",
                "river_name": "ลำน้ำกำ"
            }
        },
        {
            "type": "Feature",
            "geometry": {
                "type": "Point",
                "coordinates": [
                    100.779694,
                    18.774879
                ]
            },
            "properties": {
                "id": 1144446063,
                "station_name": "หน้าสำนักงานป่าไม้",
                "tele_station_oldcode": "N.1",
                "tele_station_name": "หน้าสำนักงานป่าไม้",
                "waterlevel_datetime": "2025-10-04 09:00",
                "waterlevel_msl": "195.36",
                "discharge": "324.40",
                "storage_percent": "62.72",
                "agency": "ชป.",
                "basin": "ลุ่มน้ำน่าน",
                "province": "น่าน",
                "amphoe": "ภูเพียง",
                "tumbon": "ฝายแก้ว",
                "river_name": "แม่น้ำน่าน"
            }
        },
        {
            "type": "Feature",
            "geometry": {
                "type": "Point",
                "coordinates": [
                    99.86226,
                    20.44352
                ]
            },
            "properties": {
                "id": 1144483140,
                "station_name": "บ้านดอยต่อคำ",
                "tele_station_oldcode": "MYA002",
                "tele_station_name": "บ้านดอยต่อคำ",
                "waterlevel_datetime": "2025-10-04 11:50",
                "waterlevel_msl": "403.18",
                "discharge": null,
                "storage_percent": "62.69",
                "agency": "พพภ",
                "basin": "นอกประเทศไทย",
                "province": "สาธารณรัฐแห่งสหภาพเมียนมา",
                "amphoe": "",
                "tumbon": "",
                "river_name": null
            }
        },
        {
            "type": "Feature",
            "geometry": {
                "type": "Point",
                "coordinates": [
                    104.00489,
                    16.288441
                ]
            },
            "properties": {
                "id": 1144481236,
                "station_name": "บ้านกุดก่วง",
                "tele_station_oldcode": "E.70",
                "tele_station_name": "บ้านกุดก่วง",
                "waterlevel_datetime": "2025-10-04 11:00",
                "waterlevel_msl": "136.16",
                "discharge": "181.20",
                "storage_percent": "62.63",
                "agency": "ชป.",
                "basin": "ลุ่มน้ำชี",
                "province": "ร้อยเอ็ด",
                "amphoe": "โพนทอง",
                "tumbon": "วังสามัคคี",
                "river_name": "ลำน้ำยัง"
            }
        },
        {
            "type": "Feature",
            "geometry": {
                "type": "Point",
                "coordinates": [
                    100.92671,
                    18.923967
                ]
            },
            "properties": {
                "id": 1144484457,
                "station_name": "สะพานน้ำมวบ (บ้านภูแยง)",
                "tele_station_oldcode": "FOP011",
                "tele_station_name": "สะพานน้ำมวบ (บ้านภูแยง)",
                "waterlevel_datetime": "2025-10-04 12:00",
                "waterlevel_msl": "262.88",
                "discharge": null,
                "storage_percent": "62.59",
                "agency": "พพภ",
                "basin": "ลุ่มน้ำน่าน",
                "province": "น่าน",
                "amphoe": "สันติสุข",
                "tumbon": "ดู่พงษ์",
                "river_name": "น้ำมวบ"
            }
        },
        {
            "type": "Feature",
            "geometry": {
                "type": "Point",
                "coordinates": [
                    99.266945,
                    20.01403
                ]
            },
            "properties": {
                "id": 1144484491,
                "station_name": "สะพานห้วยแม่สาว",
                "tele_station_oldcode": "MOU015",
                "tele_station_name": "สะพานห้วยแม่สาว",
                "waterlevel_datetime": "2025-10-04 12:00",
                "waterlevel_msl": "460.00",
                "discharge": null,
                "storage_percent": "62.55",
                "agency": "พพภ",
                "basin": "ลุ่มน้ำโขงเหนือ",
                "province": "เชียงใหม่",
                "amphoe": "แม่อาย",
                "tumbon": "แม่สาว",
                "river_name": "น้ำแม่สาว"
            }
        },
        {
            "type": "Feature",
            "geometry": {
                "type": "Point",
                "coordinates": [
                    99.223457,
                    8.54373
                ]
            },
            "properties": {
                "id": 1144416537,
                "station_name": "บ้านอาพาธ",
                "tele_station_oldcode": "X.260",
                "tele_station_name": "บ้านอาพาธ",
                "waterlevel_datetime": "2025-10-04 06:00",
                "waterlevel_msl": "8.68",
                "discharge": "60.00",
                "storage_percent": "62.50",
                "agency": "ชป.",
                "basin": "ลุ่มน้ำภาคใต้ฝั่งตะวันออกตอนบน",
                "province": "สุราษฎร์ธานี",
                "amphoe": "พระแสง",
                "tumbon": "สินปุน",
                "river_name": "คลองอิปัน"
            }
        },
        {
            "type": "Feature",
            "geometry": {
                "type": "Point",
                "coordinates": [
                    100.972626,
                    6.825131
                ]
            },
            "properties": {
                "id": 1144484897,
                "station_name": "สะพานเทพาสันติสุข",
                "tele_station_oldcode": "ONE036",
                "tele_station_name": "สะพานเทพาสันติสุข",
                "waterlevel_datetime": "2025-10-04 12:00",
                "waterlevel_msl": "0.17",
                "discharge": null,
                "storage_percent": "62.13",
                "agency": "สสน.",
                "basin": "ลุ่มน้ำทะเลสาบสงขลา",
                "province": "สงขลา",
                "amphoe": "เทพา",
                "tumbon": "เทพา",
                "river_name": "คลองเทพา"
            }
        },
        {
            "type": "Feature",
            "geometry": {
                "type": "Point",
                "coordinates": [
                    99.113007,
                    17.36661
                ]
            },
            "properties": {
                "id": 1144479456,
                "station_name": "บ้านแม่เชียงราย",
                "tele_station_oldcode": "W.23",
                "tele_station_name": "บ้านแม่เชียงราย",
                "waterlevel_datetime": "2025-10-04 11:00",
                "waterlevel_msl": "144.82",
                "discharge": "179.70",
                "storage_percent": "62.11",
                "agency": "ชป.",
                "basin": "ลุ่มน้ำวัง",
                "province": "ลำปาง",
                "amphoe": "แม่พริก",
                "tumbon": "แม่พริก",
                "river_name": "แม่น้ำวัง"
            }
        },
        {
            "type": "Feature",
            "geometry": {
                "type": "Point",
                "coordinates": [
                    99.253815,
                    9.191665
                ]
            },
            "properties": {
                "id": 1144485071,
                "station_name": "ชุมชนลีเล็ด",
                "tele_station_oldcode": "VLGE16",
                "tele_station_name": "ชุมชนลีเล็ด",
                "waterlevel_datetime": "2025-10-04 12:00",
                "waterlevel_msl": "0.15",
                "discharge": null,
                "storage_percent": "61.95",
                "agency": "สสน.",
                "basin": "ลุ่มน้ำภาคใต้ฝั่งตะวันออกตอนบน",
                "province": "สุราษฎร์ธานี",
                "amphoe": "พุนพิน",
                "tumbon": "ลีเล็ด",
                "river_name": "คลองลีเล็ด"
            }
        },
        {
            "type": "Feature",
            "geometry": {
                "type": "Point",
                "coordinates": [
                    102.11407,
                    12.613584
                ]
            },
            "properties": {
                "id": 1144484698,
                "station_name": "เมืองจันทบุรี",
                "tele_station_oldcode": "CHN001",
                "tele_station_name": "เมืองจันทบุรี",
                "waterlevel_datetime": "2025-10-04 12:00",
                "waterlevel_msl": "0.56",
                "discharge": null,
                "storage_percent": "61.92",
                "agency": "สสน.",
                "basin": "ลุ่มน้ำชายฝั่งทะเลตะวันออก",
                "province": "จันทบุรี",
                "amphoe": "เมืองจันทบุรี",
                "tumbon": "จันทนิมิต",
                "river_name": "คลองจันทบุรี"
            }
        },
        {
            "type": "Feature",
            "geometry": {
                "type": "Point",
                "coordinates": [
                    100.18758,
                    19.68822
                ]
            },
            "properties": {
                "id": 1144484702,
                "station_name": "เทิง",
                "tele_station_oldcode": "CHR002",
                "tele_station_name": "เทิง",
                "waterlevel_datetime": "2025-10-04 12:00",
                "waterlevel_msl": "362.78",
                "discharge": null,
                "storage_percent": "61.61",
                "agency": "สสน.",
                "basin": "ลุ่มน้ำโขงเหนือ",
                "province": "เชียงราย",
                "amphoe": "เทิง",
                "tumbon": "เวียง",
                "river_name": "แม่น้ำอิง"
            }
        },
        {
            "type": "Feature",
            "geometry": {
                "type": "Point",
                "coordinates": [
                    102.437897,
                    12.35731
                ]
            },
            "properties": {
                "id": 1144480790,
                "station_name": "สะพานอำเภอเขาสมิง",
                "tele_station_oldcode": "Z.58",
                "tele_station_name": "สะพานอำเภอเขาสมิง",
                "waterlevel_datetime": "2025-10-04 11:00",
                "waterlevel_msl": "0.93",
                "discharge": null,
                "storage_percent": "61.57",
                "agency": "ชป.",
                "basin": "ลุ่มน้ำชายฝั่งทะเลตะวันออก",
                "province": "ตราด",
                "amphoe": "เขาสมิง",
                "tumbon": "เขาสมิง",
                "river_name": "แม่น้ำเขาสมิง"
            }
        },
        {
            "type": "Feature",
            "geometry": {
                "type": "Point",
                "coordinates": [
                    99.170044,
                    9.085804
                ]
            },
            "properties": {
                "id": 1144483642,
                "station_name": "พุนพิน 2",
                "tele_station_oldcode": "TPI002",
                "tele_station_name": "พุนพิน 2",
                "waterlevel_datetime": "2025-10-04 11:50",
                "waterlevel_msl": "0.20",
                "discharge": null,
                "storage_percent": "61.43",
                "agency": "สสน.",
                "basin": "ลุ่มน้ำภาคใต้ฝั่งตะวันออกตอนบน",
                "province": "สุราษฎร์ธานี",
                "amphoe": "พุนพิน",
                "tumbon": "หนองไทร",
                "river_name": "แม่น้ำพุมดวง"
            }
        },
        {
            "type": "Feature",
            "geometry": {
                "type": "Point",
                "coordinates": [
                    99.077217,
                    17.32165
                ]
            },
            "properties": {
                "id": 1144479458,
                "station_name": "บ้านท่าไผ่",
                "tele_station_oldcode": "W.24",
                "tele_station_name": "บ้านท่าไผ่",
                "waterlevel_datetime": "2025-10-04 11:00",
                "waterlevel_msl": "140.80",
                "discharge": "179.30",
                "storage_percent": "61.11",
                "agency": "ชป.",
                "basin": "ลุ่มน้ำวัง",
                "province": "ตาก",
                "amphoe": "สามเงา",
                "tumbon": "ยกกระบัตร",
                "river_name": "แม่น้ำวัง"
            }
        },
        {
            "type": "Feature",
            "geometry": {
                "type": "Point",
                "coordinates": [
                    104.59141,
                    16.993048
                ]
            },
            "properties": {
                "id": 1144484884,
                "station_name": "สะพานมิตรภาพท่าลาดปากบัง",
                "tele_station_oldcode": "ONE013",
                "tele_station_name": "สะพานมิตรภาพท่าลาดปากบัง",
                "waterlevel_datetime": "2025-10-04 12:00",
                "waterlevel_msl": "139.43",
                "discharge": null,
                "storage_percent": "60.93",
                "agency": "สสน.",
                "basin": "ลุ่มน้ำโขงตะวันออกเฉียงเหนือ",
                "province": "นครพนม",
                "amphoe": "เรณูนคร",
                "tumbon": "ท่าลาด",
                "river_name": "ลำน้ำกำ"
            }
        },
        {
            "type": "Feature",
            "geometry": {
                "type": "Point",
                "coordinates": [
                    100.302086,
                    7.7699
                ]
            },
            "properties": {
                "id": 1144484899,
                "station_name": "สะพานข้ามคลองระโนด",
                "tele_station_oldcode": "ONE039",
                "tele_station_name": "สะพานข้ามคลองระโนด",
                "waterlevel_datetime": "2025-10-04 12:00",
                "waterlevel_msl": "0.20",
                "discharge": null,
                "storage_percent": "60.81",
                "agency": "สสน.",
                "basin": "ลุ่มน้ำทะเลสาบสงขลา",
                "province": "สงขลา",
                "amphoe": "ระโนด",
                "tumbon": "ระโนด",
                "river_name": "คลองระโนด"
            }
        },
        {
            "type": "Feature",
            "geometry": {
                "type": "Point",
                "coordinates": [
                    98.942291,
                    18.519119
                ]
            },
            "properties": {
                "id": 1144478312,
                "station_name": "บ้านป่าซาง",
                "tele_station_oldcode": "P.87",
                "tele_station_name": "บ้านป่าซาง",
                "waterlevel_datetime": "2025-10-04 11:00",
                "waterlevel_msl": "290.82",
                "discharge": "12.85",
                "storage_percent": "60.60",
                "agency": "ชป.",
                "basin": "ลุ่มน้ำปิง",
                "province": "ลำพูน",
                "amphoe": "ป่าซาง",
                "tumbon": "ป่าซาง",
                "river_name": "น้ำแม่ทา"
            }
        },
        {
            "type": "Feature",
            "geometry": {
                "type": "Point",
                "coordinates": [
                    99.66436,
                    17.050398
                ]
            },
            "properties": {
                "id": 1144483096,
                "station_name": "คลองแม่รำพัน 1",
                "tele_station_oldcode": "MOU074",
                "tele_station_name": "คลองแม่รำพัน 1",
                "waterlevel_datetime": "2025-10-04 11:50",
                "waterlevel_msl": "61.58",
                "discharge": null,
                "storage_percent": "60.27",
                "agency": "พพภ",
                "basin": "ลุ่มน้ำยม",
                "province": "สุโขทัย",
                "amphoe": "เมืองสุโขทัย",
                "tumbon": "เมืองเก่า",
                "river_name": "คลองแม่รำพัน"
            }
        },
        {
            "type": "Feature",
            "geometry": {
                "type": "Point",
                "coordinates": [
                    101.875816,
                    16.31431
                ]
            },
            "properties": {
                "id": 1144448185,
                "station_name": "บ้านยาง",
                "tele_station_oldcode": "E.93",
                "tele_station_name": "บ้านยาง",
                "waterlevel_datetime": "2025-10-04 09:00",
                "waterlevel_msl": "229.04",
                "discharge": "24.13",
                "storage_percent": "60.12",
                "agency": "ชป.",
                "basin": "ลุ่มน้ำชี",
                "province": "ชัยภูมิ",
                "amphoe": "เกษตรสมบูรณ์",
                "tumbon": "โนนทอง",
                "river_name": "ห้วยหิน"
            }
        },
        {
            "type": "Feature",
            "geometry": {
                "type": "Point",
                "coordinates": [
                    100.29086,
                    13.88211
                ]
            },
            "properties": {
                "id": 1144484682,
                "station_name": "คลองนราภิรมย์ (บางเลน)",
                "tele_station_oldcode": "BKK019",
                "tele_station_name": "คลองนราภิรมย์ (บางเลน)",
                "waterlevel_datetime": "2025-10-04 12:00",
                "waterlevel_msl": "1.74",
                "discharge": null,
                "storage_percent": "60.05",
                "agency": "สสน.",
                "basin": "ลุ่มน้ำเจ้าพระยา",
                "province": "นครปฐม",
                "amphoe": "บางเลน",
                "tumbon": "นราภิรมย์",
                "river_name": "คลองนราภิรมย์"
            }
        },
        {
            "type": "Feature",
            "geometry": {
                "type": "Point",
                "coordinates": [
                    99.57821,
                    7.5559
                ]
            },
            "properties": {
                "id": 1144485054,
                "station_name": "เมืองตรัง",
                "tele_station_oldcode": "TNG002",
                "tele_station_name": "เมืองตรัง",
                "waterlevel_datetime": "2025-10-04 12:00",
                "waterlevel_msl": "1.19",
                "discharge": null,
                "storage_percent": "59.89",
                "agency": "สสน.",
                "basin": "ลุ่มน้ำภาคใต้ฝั่งตะวันตก",
                "province": "ตรัง",
                "amphoe": "เมืองตรัง",
                "tumbon": "บางรัก",
                "river_name": "แม่น้ำตรัง"
            }
        },
        {
            "type": "Feature",
            "geometry": {
                "type": "Point",
                "coordinates": [
                    103.0809,
                    18.016796
                ]
            },
            "properties": {
                "id": 1142676637,
                "station_name": "สะพานห้วยหลวง",
                "tele_station_oldcode": "AIT004",
                "tele_station_name": "สะพานห้วยหลวง",
                "waterlevel_datetime": "2025-09-30 08:20",
                "waterlevel_msl": "158.81",
                "discharge": null,
                "storage_percent": "59.80",
                "agency": "สสน.",
                "basin": "ลุ่มน้ำโขงตะวันออกเฉียงเหนือ",
                "province": "หนองคาย",
                "amphoe": "โพนพิสัย",
                "tumbon": "วัดหลวง",
                "river_name": "ห้วยหลวง"
            }
        },
        {
            "type": "Feature",
            "geometry": {
                "type": "Point",
                "coordinates": [
                    100.277504,
                    19.148237
                ]
            },
            "properties": {
                "id": 1144485090,
                "station_name": "ปง",
                "tele_station_oldcode": "YOM001",
                "tele_station_name": "ปง",
                "waterlevel_datetime": "2025-10-04 12:00",
                "waterlevel_msl": "290.74",
                "discharge": null,
                "storage_percent": "59.79",
                "agency": "สสน.",
                "basin": "ลุ่มน้ำยม",
                "province": "พะเยา",
                "amphoe": "ปง",
                "tumbon": "ปง",
                "river_name": "แม่น้ำยม"
            }
        },
        {
            "type": "Feature",
            "geometry": {
                "type": "Point",
                "coordinates": [
                    100.36583,
                    13.58185
                ]
            },
            "properties": {
                "id": 1144484676,
                "station_name": "คลองมหาชัย วัดพันท้ายนรสิงห์",
                "tele_station_oldcode": "BKK006",
                "tele_station_name": "คลองมหาชัย วัดพันท้ายนรสิงห์",
                "waterlevel_datetime": "2025-10-04 12:00",
                "waterlevel_msl": "-0.30",
                "discharge": null,
                "storage_percent": "59.67",
                "agency": "สสน.",
                "basin": "ลุ่มน้ำท่าจีน",
                "province": "สมุทรสาคร",
                "amphoe": "เมืองสมุทรสาคร",
                "tumbon": "พันท้ายนรสิงห์",
                "river_name": "คลองสนามชัย"
            }
        },
        {
            "type": "Feature",
            "geometry": {
                "type": "Point",
                "coordinates": [
                    104.41203,
                    17.029024
                ]
            },
            "properties": {
                "id": 1144485031,
                "station_name": "ลำน้ำก่ำ",
                "tele_station_oldcode": "TBW032",
                "tele_station_name": "ลำน้ำก่ำ",
                "waterlevel_datetime": "2025-10-04 12:00",
                "waterlevel_msl": "148.29",
                "discharge": null,
                "storage_percent": "59.31",
                "agency": "สสน.",
                "basin": "ลุ่มน้ำโขงตะวันออกเฉียงเหนือ",
                "province": "นครพนม",
                "amphoe": "นาแก",
                "tumbon": "หนองบ่อ",
                "river_name": "ลำน้ำกำ"
            }
        },
        {
            "type": "Feature",
            "geometry": {
                "type": "Point",
                "coordinates": [
                    104.52583,
                    16.96175
                ]
            },
            "properties": {
                "id": 1144484883,
                "station_name": "ปตร. บ้านนาคู่-ท้ายน้ำ",
                "tele_station_oldcode": "ONE012",
                "tele_station_name": "ปตร. บ้านนาคู่-ท้ายน้ำ",
                "waterlevel_datetime": "2025-10-04 12:00",
                "waterlevel_msl": "141.33",
                "discharge": null,
                "storage_percent": "58.94",
                "agency": "สสน.",
                "basin": "ลุ่มน้ำโขงตะวันออกเฉียงเหนือ",
                "province": "นครพนม",
                "amphoe": "นาแก",
                "tumbon": "นาคู่",
                "river_name": "ลำน้ำกำ"
            }
        },
        {
            "type": "Feature",
            "geometry": {
                "type": "Point",
                "coordinates": [
                    102.27328,
                    17.575733
                ]
            },
            "properties": {
                "id": 1144484777,
                "station_name": "สุวรรณคูหา",
                "tele_station_oldcode": "KON003",
                "tele_station_name": "สุวรรณคูหา",
                "waterlevel_datetime": "2025-10-04 12:00",
                "waterlevel_msl": "198.08",
                "discharge": null,
                "storage_percent": "58.82",
                "agency": "สสน.",
                "basin": "ลุ่มน้ำโขงตะวันออกเฉียงเหนือ",
                "province": "หนองบัวลำภู",
                "amphoe": "สุวรรณคูหา",
                "tumbon": "นาสี",
                "river_name": "ห้วยโค่โล่"
            }
        },
        {
            "type": "Feature",
            "geometry": {
                "type": "Point",
                "coordinates": [
                    101.744179,
                    14.10461
                ]
            },
            "properties": {
                "id": 1144480763,
                "station_name": "บ้านวังหมัน",
                "tele_station_oldcode": "Kgt.34",
                "tele_station_name": "บ้านวังหมัน",
                "waterlevel_datetime": "2025-10-04 11:00",
                "waterlevel_msl": "7.18",
                "discharge": "93.80",
                "storage_percent": "58.72",
                "agency": "ชป.",
                "basin": "ลุ่มน้ำบางปะกง",
                "province": "ปราจีนบุรี",
                "amphoe": "นาดี",
                "tumbon": "สะพานหิน",
                "river_name": "แควหนุมาน"
            }
        },
        {
            "type": "Feature",
            "geometry": {
                "type": "Point",
                "coordinates": [
                    101.7366,
                    17.509333
                ]
            },
            "properties": {
                "id": 1144484776,
                "station_name": "เมืองเลย",
                "tele_station_oldcode": "KON002",
                "tele_station_name": "เมืองเลย",
                "waterlevel_datetime": "2025-10-04 12:00",
                "waterlevel_msl": "234.09",
                "discharge": null,
                "storage_percent": "58.55",
                "agency": "สสน.",
                "basin": "ลุ่มน้ำโขงตะวันออกเฉียงเหนือ",
                "province": "เลย",
                "amphoe": "เมืองเลย",
                "tumbon": "ชัยพฤกษ์",
                "river_name": "แม่น้ำเลย"
            }
        },
        {
            "type": "Feature",
            "geometry": {
                "type": "Point",
                "coordinates": [
                    100.1496,
                    18.599714
                ]
            },
            "properties": {
                "id": 1144485100,
                "station_name": "ศาลเจ้าพ่อพญาอ้น",
                "tele_station_oldcode": "YOM013",
                "tele_station_name": "ศาลเจ้าพ่อพญาอ้น",
                "waterlevel_datetime": "2025-10-04 12:00",
                "waterlevel_msl": "186.41",
                "discharge": null,
                "storage_percent": "58.41",
                "agency": "สสน.",
                "basin": "ลุ่มน้ำยม",
                "province": "แพร่",
                "amphoe": "สอง",
                "tumbon": "เตาปูน",
                "river_name": "แม่น้ำยม"
            }
        },
        {
            "type": "Feature",
            "geometry": {
                "type": "Point",
                "coordinates": [
                    102.05429,
                    13.809581
                ]
            },
            "properties": {
                "id": 1144484996,
                "station_name": "เมืองสระแก้ว",
                "tele_station_oldcode": "SKE002",
                "tele_station_name": "เมืองสระแก้ว",
                "waterlevel_datetime": "2025-10-04 12:00",
                "waterlevel_msl": "30.39",
                "discharge": null,
                "storage_percent": "58.27",
                "agency": "สสน.",
                "basin": "ลุ่มน้ำบางปะกง",
                "province": "สระแก้ว",
                "amphoe": "เมืองสระแก้ว",
                "tumbon": "สระขวัญ",
                "river_name": "คลองพระสะทึง"
            }
        },
        {
            "type": "Feature",
            "geometry": {
                "type": "Point",
                "coordinates": [
                    100.553085,
                    13.676162
                ]
            },
            "properties": {
                "id": 1144484667,
                "station_name": "ปตร. คลองลัดบางยอ 1",
                "tele_station_oldcode": "BKC003",
                "tele_station_name": "ปตร. คลองลัดบางยอ 1",
                "waterlevel_datetime": "2025-10-04 12:00",
                "waterlevel_msl": "0.50",
                "discharge": null,
                "storage_percent": "58.14",
                "agency": "สสน.",
                "basin": "ลุ่มน้ำเจ้าพระยา",
                "province": "สมุทรปราการ",
                "amphoe": "พระประแดง",
                "tumbon": "บางยอ",
                "river_name": "แม่น้ำเจ้าพระยา"
            }
        },
        {
            "type": "Feature",
            "geometry": {
                "type": "Point",
                "coordinates": [
                    98.37616,
                    18.6844
                ]
            },
            "properties": {
                "id": 1144484508,
                "station_name": "สะพานน้ำแม่แจ่ม",
                "tele_station_oldcode": "MOU300",
                "tele_station_name": "สะพานน้ำแม่แจ่ม",
                "waterlevel_datetime": "2025-10-04 12:00",
                "waterlevel_msl": "527.29",
                "discharge": null,
                "storage_percent": "57.95",
                "agency": "พพภ",
                "basin": "ลุ่มน้ำปิง",
                "province": "เชียงใหม่",
                "amphoe": "แม่แจ่ม",
                "tumbon": "แม่นาจร",
                "river_name": null
            }
        },
        {
            "type": "Feature",
            "geometry": {
                "type": "Point",
                "coordinates": [
                    98.614441,
                    18.20228
                ]
            },
            "properties": {
                "id": 1144435624,
                "station_name": "สะพานท่าข้าม",
                "tele_station_oldcode": "P.14A",
                "tele_station_name": "สะพานท่าข้าม",
                "waterlevel_datetime": "2025-10-04 06:00",
                "waterlevel_msl": "263.06",
                "discharge": "283.50",
                "storage_percent": "57.88",
                "agency": "ชป.",
                "basin": "ลุ่มน้ำปิง",
                "province": "เชียงใหม่",
                "amphoe": "ฮอด",
                "tumbon": "หางดง",
                "river_name": "น้ำแม่แจ่ม"
            }
        },
        {
            "type": "Feature",
            "geometry": {
                "type": "Point",
                "coordinates": [
                    99.86268,
                    19.218225
                ]
            },
            "properties": {
                "id": 1144484940,
                "station_name": "สะพานบ้านต๋ำ",
                "tele_station_oldcode": "PYO003",
                "tele_station_name": "สะพานบ้านต๋ำ",
                "waterlevel_datetime": "2025-10-04 12:00",
                "waterlevel_msl": "391.45",
                "discharge": null,
                "storage_percent": "57.86",
                "agency": "สสน.",
                "basin": "ลุ่มน้ำโขงเหนือ",
                "province": "พะเยา",
                "amphoe": "เมืองพะเยา",
                "tumbon": "บ้านต๊ำ",
                "river_name": "ห้วยเคียน"
            }
        },
        {
            "type": "Feature",
            "geometry": {
                "type": "Point",
                "coordinates": [
                    99.872917,
                    6.94082
                ]
            },
            "properties": {
                "id": 1144450207,
                "station_name": "บ้านวังพระเคียน",
                "tele_station_oldcode": "X.150",
                "tele_station_name": "บ้านวังพระเคียน",
                "waterlevel_datetime": "2025-10-04 09:00",
                "waterlevel_msl": "9.31",
                "discharge": "102.30",
                "storage_percent": "57.85",
                "agency": "ชป.",
                "basin": "ลุ่มน้ำภาคใต้ฝั่งตะวันตก",
                "province": "สตูล",
                "amphoe": "มะนัง",
                "tumbon": "นิคมพัฒนา",
                "river_name": "คลองละงู"
            }
        },
        {
            "type": "Feature",
            "geometry": {
                "type": "Point",
                "coordinates": [
                    100.15168,
                    18.465958
                ]
            },
            "properties": {
                "id": 1144485101,
                "station_name": "สะพานหนองจันทร์",
                "tele_station_oldcode": "YOM014",
                "tele_station_name": "สะพานหนองจันทร์",
                "waterlevel_datetime": "2025-10-04 12:00",
                "waterlevel_msl": "174.47",
                "discharge": null,
                "storage_percent": "57.83",
                "agency": "สสน.",
                "basin": "ลุ่มน้ำยม",
                "province": "แพร่",
                "amphoe": "สอง",
                "tumbon": "บ้านหนุน",
                "river_name": "แม่น้ำยม"
            }
        },
        {
            "type": "Feature",
            "geometry": {
                "type": "Point",
                "coordinates": [
                    100.17179,
                    16.70818
                ]
            },
            "properties": {
                "id": 1144485096,
                "station_name": "บางระกำ",
                "tele_station_oldcode": "YOM008",
                "tele_station_name": "บางระกำ",
                "waterlevel_datetime": "2025-10-04 12:00",
                "waterlevel_msl": "36.21",
                "discharge": null,
                "storage_percent": "57.74",
                "agency": "สสน.",
                "basin": "ลุ่มน้ำยม",
                "province": "พิษณุโลก",
                "amphoe": "บางระกำ",
                "tumbon": "บางระกำ",
                "river_name": "แม่น้ำยม"
            }
        },
        {
            "type": "Feature",
            "geometry": {
                "type": "Point",
                "coordinates": [
                    99.678329,
                    15.78585
                ]
            },
            "properties": {
                "id": 1144479439,
                "station_name": "บ้านศาลเจ้าไก่ต่อ",
                "tele_station_oldcode": "Ct.4",
                "tele_station_name": "บ้านศาลเจ้าไก่ต่อ",
                "waterlevel_datetime": "2025-10-04 11:00",
                "waterlevel_msl": "68.76",
                "discharge": "19.00",
                "storage_percent": "57.50",
                "agency": "ชป.",
                "basin": "ลุ่มน้ำสะแกกรัง",
                "province": "นครสวรรค์",
                "amphoe": "ลาดยาว",
                "tumbon": "ศาลเจ้าไก่ต่อ",
                "river_name": "แม่น้ำวังม้า"
            }
        },
        {
            "type": "Feature",
            "geometry": {
                "type": "Point",
                "coordinates": [
                    101.295937,
                    12.78358
                ]
            },
            "properties": {
                "id": 1144480792,
                "station_name": "บ้านค่าย",
                "tele_station_oldcode": "Z.62",
                "tele_station_name": "บ้านค่าย",
                "waterlevel_datetime": "2025-10-04 11:00",
                "waterlevel_msl": "7.14",
                "discharge": "31.20",
                "storage_percent": "57.16",
                "agency": "ชป.",
                "basin": "ลุ่มน้ำชายฝั่งทะเลตะวันออก",
                "province": "ระยอง",
                "amphoe": "บ้านค่าย",
                "tumbon": "บ้านค่าย",
                "river_name": "คลองใหญ่"
            }
        },
        {
            "type": "Feature",
            "geometry": {
                "type": "Point",
                "coordinates": [
                    99.249878,
                    8.41453
                ]
            },
            "properties": {
                "id": 1144450189,
                "station_name": "บ้านบางรูป",
                "tele_station_oldcode": "X.198",
                "tele_station_name": "บ้านบางรูป",
                "waterlevel_datetime": "2025-10-04 09:00",
                "waterlevel_msl": "13.20",
                "discharge": "31.00",
                "storage_percent": "57.13",
                "agency": "ชป.",
                "basin": "ลุ่มน้ำภาคใต้ฝั่งตะวันออกตอนบน",
                "province": "สุราษฎร์ธานี",
                "amphoe": "พระแสง",
                "tumbon": "สินเจริญ",
                "river_name": "คลองสินปุน"
            }
        },
        {
            "type": "Feature",
            "geometry": {
                "type": "Point",
                "coordinates": [
                    100.291382,
                    18.882099
                ]
            },
            "properties": {
                "id": 1144478294,
                "station_name": "บ้านมาง",
                "tele_station_oldcode": "Y.24",
                "tele_station_name": "บ้านมาง",
                "waterlevel_datetime": "2025-10-04 11:00",
                "waterlevel_msl": "260.87",
                "discharge": "55.90",
                "storage_percent": "57.07",
                "agency": "ชป.",
                "basin": "ลุ่มน้ำยม",
                "province": "พะเยา",
                "amphoe": "เชียงม่วน",
                "tumbon": "เชียงม่วน",
                "river_name": "น้ำปี้"
            }
        },
        {
            "type": "Feature",
            "geometry": {
                "type": "Point",
                "coordinates": [
                    99.68576,
                    20.3913
                ]
            },
            "properties": {
                "id": 1144483139,
                "station_name": "บ้านโจตาดา",
                "tele_station_oldcode": "MYA001",
                "tele_station_name": "บ้านโจตาดา",
                "waterlevel_datetime": "2025-10-04 11:50",
                "waterlevel_msl": "513.24",
                "discharge": null,
                "storage_percent": "57.04",
                "agency": "พพภ",
                "basin": "นอกประเทศไทย",
                "province": "สาธารณรัฐแห่งสหภาพเมียนมา",
                "amphoe": "",
                "tumbon": "",
                "river_name": null
            }
        },
        {
            "type": "Feature",
            "geometry": {
                "type": "Point",
                "coordinates": [
                    101.884697,
                    14.63599
                ]
            },
            "properties": {
                "id": 1144478813,
                "station_name": "บ้านท่าเยี่ยม",
                "tele_station_oldcode": "M.180",
                "tele_station_name": "บ้านท่าเยี่ยม",
                "waterlevel_datetime": "2025-10-04 11:00",
                "waterlevel_msl": "222.38",
                "discharge": null,
                "storage_percent": "56.88",
                "agency": "ชป.",
                "basin": "ลุ่มน้ำมูล",
                "province": "นครราชสีมา",
                "amphoe": "ปักธงชัย",
                "tumbon": "บ่อปลาทอง",
                "river_name": "ลำพระเพลิง"
            }
        },
        {
            "type": "Feature",
            "geometry": {
                "type": "Point",
                "coordinates": [
                    98.939774,
                    18.92746
                ]
            },
            "properties": {
                "id": 1144478301,
                "station_name": "บ้านริมใต้",
                "tele_station_oldcode": "P.21",
                "tele_station_name": "บ้านริมใต้",
                "waterlevel_datetime": "2025-10-04 11:00",
                "waterlevel_msl": "321.50",
                "discharge": "14.55",
                "storage_percent": "56.80",
                "agency": "ชป.",
                "basin": "ลุ่มน้ำปิง",
                "province": "เชียงใหม่",
                "amphoe": "แม่ริม",
                "tumbon": "ริมเหนือ",
                "river_name": "น้ำเหมือง"
            }
        },
        {
            "type": "Feature",
            "geometry": {
                "type": "Point",
                "coordinates": [
                    100.24581,
                    16.67167
                ]
            },
            "properties": {
                "id": 1144484722,
                "station_name": "คลองผันน้ำยม-น่าน4",
                "tele_station_oldcode": "DIV004",
                "tele_station_name": "คลองผันน้ำยม-น่าน4",
                "waterlevel_datetime": "2025-10-04 12:00",
                "waterlevel_msl": "39.41",
                "discharge": null,
                "storage_percent": "56.79",
                "agency": "สสน.",
                "basin": "ลุ่มน้ำยม",
                "province": "พิษณุโลก",
                "amphoe": "เมืองพิษณุโลก",
                "tumbon": "งิ้วงาม",
                "river_name": "แม่น้ำน่าน"
            }
        },
        {
            "type": "Feature",
            "geometry": {
                "type": "Point",
                "coordinates": [
                    100.780212,
                    19.015169
                ]
            },
            "properties": {
                "id": 1144478325,
                "station_name": "บ้านผาขวาง",
                "tele_station_oldcode": "N.64",
                "tele_station_name": "บ้านผาขวาง",
                "waterlevel_datetime": "2025-10-04 11:00",
                "waterlevel_msl": "216.25",
                "discharge": "407.50",
                "storage_percent": "56.73",
                "agency": "ชป.",
                "basin": "ลุ่มน้ำน่าน",
                "province": "น่าน",
                "amphoe": "เมืองน่าน",
                "tumbon": "ปอ",
                "river_name": "แม่น้ำน่าน"
            }
        },
        {
            "type": "Feature",
            "geometry": {
                "type": "Point",
                "coordinates": [
                    101.35296,
                    13.726651
                ]
            },
            "properties": {
                "id": 1144484685,
                "station_name": "พนมสารคาม",
                "tele_station_oldcode": "BPK004",
                "tele_station_name": "พนมสารคาม",
                "waterlevel_datetime": "2025-10-04 12:00",
                "waterlevel_msl": "2.34",
                "discharge": null,
                "storage_percent": "56.70",
                "agency": "สสน.",
                "basin": "ลุ่มน้ำบางปะกง",
                "province": "ฉะเชิงเทรา",
                "amphoe": "พนมสารคาม",
                "tumbon": "เกาะขนุน",
                "river_name": "คลองท่าลาด"
            }
        },
        {
            "type": "Feature",
            "geometry": {
                "type": "Point",
                "coordinates": [
                    102.37169,
                    12.511344
                ]
            },
            "properties": {
                "id": 1144483649,
                "station_name": "คลองประณีต บ.ตลุง",
                "tele_station_oldcode": "TRD005",
                "tele_station_name": "คลองประณีต บ.ตลุง",
                "waterlevel_datetime": "2025-10-04 11:50",
                "waterlevel_msl": "3.36",
                "discharge": null,
                "storage_percent": "56.68",
                "agency": "สสน.",
                "basin": "ลุ่มน้ำชายฝั่งทะเลตะวันออก",
                "province": "ตราด",
                "amphoe": "เขาสมิง",
                "tumbon": "ประณีต",
                "river_name": "คลองประณีต"
            }
        },
        {
            "type": "Feature",
            "geometry": {
                "type": "Point",
                "coordinates": [
                    99.87286,
                    6.940753
                ]
            },
            "properties": {
                "id": 1144485012,
                "station_name": "มะนัง",
                "tele_station_oldcode": "STU003",
                "tele_station_name": "มะนัง",
                "waterlevel_datetime": "2025-10-04 12:00",
                "waterlevel_msl": "9.09",
                "discharge": null,
                "storage_percent": "56.59",
                "agency": "สสน.",
                "basin": "ลุ่มน้ำภาคใต้ฝั่งตะวันตก",
                "province": "สตูล",
                "amphoe": "มะนัง",
                "tumbon": "นิคมพัฒนา",
                "river_name": "คลองละงู"
            }
        },
        {
            "type": "Feature",
            "geometry": {
                "type": "Point",
                "coordinates": [
                    99.79429,
                    12.81334
                ]
            },
            "properties": {
                "id": 1144484915,
                "station_name": "ท่ายาง",
                "tele_station_oldcode": "PCH003",
                "tele_station_name": "ท่ายาง",
                "waterlevel_datetime": "2025-10-04 12:00",
                "waterlevel_msl": "24.24",
                "discharge": null,
                "storage_percent": "56.43",
                "agency": "สสน.",
                "basin": "ลุ่มน้ำเพชรบุรี-ประจวบคีรีขันธ์",
                "province": "เพชรบุรี",
                "amphoe": "ท่ายาง",
                "tumbon": "กลัดหลวง",
                "river_name": "แม่น้ำเพชรบุรี"
            }
        },
        {
            "type": "Feature",
            "geometry": {
                "type": "Point",
                "coordinates": [
                    99.65104,
                    7.568062
                ]
            },
            "properties": {
                "id": 1144485055,
                "station_name": "คลองนางน้อย",
                "tele_station_oldcode": "TNG003",
                "tele_station_name": "คลองนางน้อย",
                "waterlevel_datetime": "2025-10-04 12:00",
                "waterlevel_msl": "15.59",
                "discharge": null,
                "storage_percent": "56.36",
                "agency": "สสน.",
                "basin": "ลุ่มน้ำภาคใต้ฝั่งตะวันตก",
                "province": "ตรัง",
                "amphoe": "เมืองตรัง",
                "tumbon": "นาโยงใต้",
                "river_name": "คลองนางน้อย"
            }
        },
        {
            "type": "Feature",
            "geometry": {
                "type": "Point",
                "coordinates": [
                    98.847214,
                    19.220449
                ]
            },
            "properties": {
                "id": 1144478313,
                "station_name": "บ้านเมืองกึ๊ด",
                "tele_station_oldcode": "P.92",
                "tele_station_name": "บ้านเมืองกึ๊ด",
                "waterlevel_datetime": "2025-10-04 11:00",
                "waterlevel_msl": "442.43",
                "discharge": "121.30",
                "storage_percent": "56.32",
                "agency": "ชป.",
                "basin": "ลุ่มน้ำปิง",
                "province": "เชียงใหม่",
                "amphoe": "แม่แตง",
                "tumbon": "กื้ดช้าง",
                "river_name": "แม่น้ำแม่แตง"
            }
        },
        {
            "type": "Feature",
            "geometry": {
                "type": "Point",
                "coordinates": [
                    100.442337,
                    6.79663
                ]
            },
            "properties": {
                "id": 1144450185,
                "station_name": "บ้านม่วงก็อง",
                "tele_station_oldcode": "X.173A",
                "tele_station_name": "บ้านม่วงก็อง",
                "waterlevel_datetime": "2025-10-04 09:00",
                "waterlevel_msl": "10.71",
                "discharge": "16.65",
                "storage_percent": "56.23",
                "agency": "ชป.",
                "basin": "ลุ่มน้ำทะเลสาบสงขลา",
                "province": "สงขลา",
                "amphoe": "สะเดา",
                "tumbon": "พังลา",
                "river_name": "คลองอู่ตะเภา"
            }
        },
        {
            "type": "Feature",
            "geometry": {
                "type": "Point",
                "coordinates": [
                    98.36924,
                    8.82934
                ]
            },
            "properties": {
                "id": 1144450211,
                "station_name": "บ้านตลาดเก่า",
                "tele_station_oldcode": "X.186",
                "tele_station_name": "บ้านตลาดเก่า",
                "waterlevel_datetime": "2025-10-04 09:00",
                "waterlevel_msl": "-0.02",
                "discharge": null,
                "storage_percent": "56.04",
                "agency": "ชป.",
                "basin": "ลุ่มน้ำภาคใต้ฝั่งตะวันตก",
                "province": "พังงา",
                "amphoe": "ตะกั่วป่า",
                "tumbon": "โคกเคียน",
                "river_name": "คลองตะกั่วป่า"
            }
        },
        {
            "type": "Feature",
            "geometry": {
                "type": "Point",
                "coordinates": [
                    101.228401,
                    12.73796
                ]
            },
            "properties": {
                "id": 1144480787,
                "station_name": "บ้านเขาโบสถ์",
                "tele_station_oldcode": "Z.38",
                "tele_station_name": "บ้านเขาโบสถ์",
                "waterlevel_datetime": "2025-10-04 11:00",
                "waterlevel_msl": "9.03",
                "discharge": "8.25",
                "storage_percent": "55.97",
                "agency": "ชป.",
                "basin": "ลุ่มน้ำชายฝั่งทะเลตะวันออก",
                "province": "ระยอง",
                "amphoe": "เมืองระยอง",
                "tumbon": "ทับมา",
                "river_name": "คลองกระเฉด"
            }
        },
        {
            "type": "Feature",
            "geometry": {
                "type": "Point",
                "coordinates": [
                    99.058197,
                    14.21513
                ]
            },
            "properties": {
                "id": 1144485869,
                "station_name": "บ้านปากแซง",
                "tele_station_oldcode": "K.58",
                "tele_station_name": "บ้านปากแซง",
                "waterlevel_datetime": "2025-10-04 12:00",
                "waterlevel_msl": "41.77",
                "discharge": "140.62",
                "storage_percent": "55.91",
                "agency": "ชป.",
                "basin": "ลุ่มน้ำแม่กลอง",
                "province": "กาญจนบุรี",
                "amphoe": "ไทรโยค",
                "tumbon": "ท่าเสา",
                "river_name": "แม่น้ำแควน้อย"
            }
        },
        {
            "type": "Feature",
            "geometry": {
                "type": "Point",
                "coordinates": [
                    98.955154,
                    18.471647
                ]
            },
            "properties": {
                "id": 1144484923,
                "station_name": "แม่น้ำทา",
                "tele_station_oldcode": "PIN008",
                "tele_station_name": "แม่น้ำทา",
                "waterlevel_datetime": "2025-10-04 12:00",
                "waterlevel_msl": "304.35",
                "discharge": null,
                "storage_percent": "55.88",
                "agency": "สสน.",
                "basin": "ลุ่มน้ำปิง",
                "province": "ลำพูน",
                "amphoe": "เมืองลำพูน",
                "tumbon": "เหมืองจี้",
                "river_name": "น้ำแม่ทา"
            }
        },
        {
            "type": "Feature",
            "geometry": {
                "type": "Point",
                "coordinates": [
                    100.05206,
                    15.85051
                ]
            },
            "properties": {
                "id": 1144484920,
                "station_name": "เก้าเลี้ยว",
                "tele_station_oldcode": "PIN005",
                "tele_station_name": "เก้าเลี้ยว",
                "waterlevel_datetime": "2025-10-04 12:00",
                "waterlevel_msl": "29.22",
                "discharge": null,
                "storage_percent": "55.78",
                "agency": "สสน.",
                "basin": "ลุ่มน้ำปิง",
                "province": "นครสวรรค์",
                "amphoe": "เก้าเลี้ยว",
                "tumbon": "หัวดง",
                "river_name": "แม่น้ำปิง"
            }
        },
        {
            "type": "Feature",
            "geometry": {
                "type": "Point",
                "coordinates": [
                    99.396873,
                    18.19154
                ]
            },
            "properties": {
                "id": 1144419109,
                "station_name": "บ้านเกาะคา",
                "tele_station_oldcode": "W.5A",
                "tele_station_name": "บ้านเกาะคา",
                "waterlevel_datetime": "2025-10-04 06:00",
                "waterlevel_msl": "216.96",
                "discharge": null,
                "storage_percent": "55.50",
                "agency": "ชป.",
                "basin": "ลุ่มน้ำวัง",
                "province": "ลำปาง",
                "amphoe": "เกาะคา",
                "tumbon": "ท่าผา",
                "river_name": "แม่น้ำวัง"
            }
        },
        {
            "type": "Feature",
            "geometry": {
                "type": "Point",
                "coordinates": [
                    100.74266,
                    18.57183
                ]
            },
            "properties": {
                "id": 1144484867,
                "station_name": "แม่น้ำสา",
                "tele_station_oldcode": "NAN015",
                "tele_station_name": "แม่น้ำสา",
                "waterlevel_datetime": "2025-10-04 12:00",
                "waterlevel_msl": "186.53",
                "discharge": null,
                "storage_percent": "55.44",
                "agency": "สสน.",
                "basin": "ลุ่มน้ำน่าน",
                "province": "น่าน",
                "amphoe": "เวียงสา",
                "tumbon": "กลางเวียง",
                "river_name": "แม่น้ำสา"
            }
        },
        {
            "type": "Feature",
            "geometry": {
                "type": "Point",
                "coordinates": [
                    98.86751,
                    9.36854
                ]
            },
            "properties": {
                "id": 1144484481,
                "station_name": "บ้านคลองวาย หมู่ที่ 7",
                "tele_station_oldcode": "FOP061",
                "tele_station_name": "บ้านคลองวาย หมู่ที่ 7",
                "waterlevel_datetime": "2025-10-04 12:00",
                "waterlevel_msl": "152.73",
                "discharge": null,
                "storage_percent": "55.28",
                "agency": "พพภ",
                "basin": "ลุ่มน้ำภาคใต้ฝั่งตะวันออกตอนบน",
                "province": "สุราษฎร์ธานี",
                "amphoe": "วิภาวดี",
                "tumbon": "ตะกุกเหนือ",
                "river_name": "คลองบางจิก"
            }
        },
        {
            "type": "Feature",
            "geometry": {
                "type": "Point",
                "coordinates": [
                    99.94006,
                    18.889069
                ]
            },
            "properties": {
                "id": 1144484518,
                "station_name": "สะพานน้ำงาว",
                "tele_station_oldcode": "MOU342",
                "tele_station_name": "สะพานน้ำงาว",
                "waterlevel_datetime": "2025-10-04 12:00",
                "waterlevel_msl": "332.93",
                "discharge": null,
                "storage_percent": "55.22",
                "agency": "พพภ",
                "basin": "ลุ่มน้ำยม",
                "province": "ลำปาง",
                "amphoe": "งาว",
                "tumbon": "บ้านร้อง",
                "river_name": null
            }
        },
        {
            "type": "Feature",
            "geometry": {
                "type": "Point",
                "coordinates": [
                    99.65321,
                    15.7832
                ]
            },
            "properties": {
                "id": 1144485002,
                "station_name": "คลองกลาง",
                "tele_station_oldcode": "SKG007",
                "tele_station_name": "คลองกลาง",
                "waterlevel_datetime": "2025-10-04 12:00",
                "waterlevel_msl": "72.40",
                "discharge": null,
                "storage_percent": "55.17",
                "agency": "สสน.",
                "basin": "ลุ่มน้ำสะแกกรัง",
                "province": "นครสวรรค์",
                "amphoe": "ลาดยาว",
                "tumbon": "ศาลเจ้าไก่ต่อ",
                "river_name": "คลองตะกวด"
            }
        },
        {
            "type": "Feature",
            "geometry": {
                "type": "Point",
                "coordinates": [
                    101.4595,
                    14.5501
                ]
            },
            "properties": {
                "id": 1144484503,
                "station_name": "สะพานน้ำลำตะคอง",
                "tele_station_oldcode": "MOU246",
                "tele_station_name": "สะพานน้ำลำตะคอง",
                "waterlevel_datetime": "2025-10-04 12:00",
                "waterlevel_msl": "346.51",
                "discharge": null,
                "storage_percent": "55.16",
                "agency": "พพภ",
                "basin": "ลุ่มน้ำมูล",
                "province": "นครราชสีมา",
                "amphoe": "ปากช่อง",
                "tumbon": "หมูสี",
                "river_name": null
            }
        },
        {
            "type": "Feature",
            "geometry": {
                "type": "Point",
                "coordinates": [
                    100.151337,
                    18.58613
                ]
            },
            "properties": {
                "id": 1144478319,
                "station_name": "บ้านห้วยสัก",
                "tele_station_oldcode": "Y.20",
                "tele_station_name": "บ้านห้วยสัก",
                "waterlevel_datetime": "2025-10-04 11:00",
                "waterlevel_msl": "185.13",
                "discharge": "251.25",
                "storage_percent": "55.07",
                "agency": "ชป.",
                "basin": "ลุ่มน้ำยม",
                "province": "แพร่",
                "amphoe": "สอง",
                "tumbon": "เตาปูน",
                "river_name": "แม่น้ำยม"
            }
        },
        {
            "type": "Feature",
            "geometry": {
                "type": "Point",
                "coordinates": [
                    99.721062,
                    16.213989
                ]
            },
            "properties": {
                "id": 1144479444,
                "station_name": "หน้าวัดศรีภิรมย์",
                "tele_station_oldcode": "P.15",
                "tele_station_name": "หน้าวัดศรีภิรมย์",
                "waterlevel_datetime": "2025-10-04 11:00",
                "waterlevel_msl": "53.96",
                "discharge": null,
                "storage_percent": "54.93",
                "agency": "ชป.",
                "basin": "ลุ่มน้ำปิง",
                "province": "กำแพงเพชร",
                "amphoe": "คลองขลุง",
                "tumbon": "คลองขลุง",
                "river_name": "แม่น้ำปิง"
            }
        },
        {
            "type": "Feature",
            "geometry": {
                "type": "Point",
                "coordinates": [
                    100.42788,
                    7.079437
                ]
            },
            "properties": {
                "id": 1144485009,
                "station_name": "บางกล่ำ",
                "tele_station_oldcode": "SLA007",
                "tele_station_name": "บางกล่ำ",
                "waterlevel_datetime": "2025-10-04 12:00",
                "waterlevel_msl": "0.09",
                "discharge": null,
                "storage_percent": "54.91",
                "agency": "สสน.",
                "basin": "ลุ่มน้ำทะเลสาบสงขลา",
                "province": "สงขลา",
                "amphoe": "บางกล่ำ",
                "tumbon": "ท่าช้าง",
                "river_name": "คลองบางกล่ำ"
            }
        },
        {
            "type": "Feature",
            "geometry": {
                "type": "Point",
                "coordinates": [
                    99.22589,
                    9.51646
                ]
            },
            "properties": {
                "id": 1144484937,
                "station_name": "สะพานคลองท่าชนะ ชุมชนบ้านหาดสมบูรณ์",
                "tele_station_oldcode": "PTT004",
                "tele_station_name": "สะพานคลองท่าชนะ ชุมชนบ้านหาดสมบูรณ์",
                "waterlevel_datetime": "2025-10-04 12:00",
                "waterlevel_msl": "0.14",
                "discharge": null,
                "storage_percent": "54.70",
                "agency": "สสน.",
                "basin": "ลุ่มน้ำภาคใต้ฝั่งตะวันออกตอนบน",
                "province": "สุราษฎร์ธานี",
                "amphoe": "ท่าชนะ",
                "tumbon": "วัง",
                "river_name": null
            }
        },
        {
            "type": "Feature",
            "geometry": {
                "type": "Point",
                "coordinates": [
                    98.90551,
                    8.109218
                ]
            },
            "properties": {
                "id": 1144484874,
                "station_name": "สะพานท่าน้ำ",
                "tele_station_oldcode": "ONE001",
                "tele_station_name": "สะพานท่าน้ำ",
                "waterlevel_datetime": "2025-10-04 12:00",
                "waterlevel_msl": "2.40",
                "discharge": null,
                "storage_percent": "54.68",
                "agency": "สสน.",
                "basin": "ลุ่มน้ำภาคใต้ฝั่งตะวันตก",
                "province": "กระบี่",
                "amphoe": "เมืองกระบี่",
                "tumbon": "ปากน้ำ",
                "river_name": "คลองกระบี่ใหญ่"
            }
        },
        {
            "type": "Feature",
            "geometry": {
                "type": "Point",
                "coordinates": [
                    98.969101,
                    19.369551
                ]
            },
            "properties": {
                "id": 1144478300,
                "station_name": "บ้านเชียงดาว",
                "tele_station_oldcode": "P.20",
                "tele_station_name": "บ้านเชียงดาว",
                "waterlevel_datetime": "2025-10-04 11:00",
                "waterlevel_msl": "380.84",
                "discharge": "53.10",
                "storage_percent": "54.63",
                "agency": "ชป.",
                "basin": "ลุ่มน้ำปิง",
                "province": "เชียงใหม่",
                "amphoe": "เชียงดาว",
                "tumbon": "เชียงดาว",
                "river_name": "ห้วยแม่มาด"
            }
        },
        {
            "type": "Feature",
            "geometry": {
                "type": "Point",
                "coordinates": [
                    100.706482,
                    17.74482
                ]
            },
            "properties": {
                "id": 1144479490,
                "station_name": "ต.น้ำปาด",
                "tele_station_oldcode": "N.84",
                "tele_station_name": "ต.น้ำปาด",
                "waterlevel_datetime": "2025-10-04 11:00",
                "waterlevel_msl": "139.22",
                "discharge": "68.08",
                "storage_percent": "54.61",
                "agency": "ชป.",
                "basin": "ลุ่มน้ำน่าน",
                "province": "อุตรดิตถ์",
                "amphoe": "น้ำปาด",
                "tumbon": "บ้านฝาย",
                "river_name": "น้ำปาด"
            }
        },
        {
            "type": "Feature",
            "geometry": {
                "type": "Point",
                "coordinates": [
                    101.904798,
                    16.293755
                ]
            },
            "properties": {
                "id": 1144471863,
                "station_name": "น้ำพรม บ้านกุดเลาะ    ",
                "tele_station_oldcode": "URCD02",
                "tele_station_name": "น้ำพรม บ้านกุดเลาะ    ",
                "waterlevel_datetime": "2025-10-04 11:00",
                "waterlevel_msl": "230.87",
                "discharge": null,
                "storage_percent": "54.54",
                "agency": "กฟผ.",
                "basin": "ลุ่มน้ำชี",
                "province": "ชัยภูมิ",
                "amphoe": "เกษตรสมบูรณ์",
                "tumbon": "บ้านยาง",
                "river_name": "น้ำพรม"
            }
        },
        {
            "type": "Feature",
            "geometry": {
                "type": "Point",
                "coordinates": [
                    99.8603,
                    16.06475
                ]
            },
            "properties": {
                "id": 1144484919,
                "station_name": "ขาณุวรลักษบุรี",
                "tele_station_oldcode": "PIN004",
                "tele_station_name": "ขาณุวรลักษบุรี",
                "waterlevel_datetime": "2025-10-04 12:00",
                "waterlevel_msl": "42.43",
                "discharge": null,
                "storage_percent": "54.25",
                "agency": "สสน.",
                "basin": "ลุ่มน้ำปิง",
                "province": "กำแพงเพชร",
                "amphoe": "ขาณุวรลักษบุรี",
                "tumbon": "ป่าพุทรา",
                "river_name": "แม่น้ำปิง"
            }
        },
        {
            "type": "Feature",
            "geometry": {
                "type": "Point",
                "coordinates": [
                    99.538017,
                    19.652571
                ]
            },
            "properties": {
                "id": 1144478328,
                "station_name": "บ้านโป่งปูเฟือง",
                "tele_station_oldcode": "G.10",
                "tele_station_name": "บ้านโป่งปูเฟือง",
                "waterlevel_datetime": "2025-10-04 11:00",
                "waterlevel_msl": "434.80",
                "discharge": "72.50",
                "storage_percent": "54.12",
                "agency": "ชป.",
                "basin": "ลุ่มน้ำโขงเหนือ",
                "province": "เชียงราย",
                "amphoe": "แม่สรวย",
                "tumbon": "แม่สรวย",
                "river_name": "น้ำแม่ลาว"
            }
        },
        {
            "type": "Feature",
            "geometry": {
                "type": "Point",
                "coordinates": [
                    99.85571,
                    17.341562
                ]
            },
            "properties": {
                "id": 1144484902,
                "station_name": "สะพานคลองแม่น้ำเก่า",
                "tele_station_oldcode": "ONE042",
                "tele_station_name": "สะพานคลองแม่น้ำเก่า",
                "waterlevel_datetime": "2025-10-04 12:00",
                "waterlevel_msl": "57.91",
                "discharge": null,
                "storage_percent": "53.82",
                "agency": "สสน.",
                "basin": "ลุ่มน้ำยม",
                "province": "สุโขทัย",
                "amphoe": "สวรรคโลก",
                "tumbon": "ในเมือง",
                "river_name": "คลองแม่น้ำเก่า"
            }
        },
        {
            "type": "Feature",
            "geometry": {
                "type": "Point",
                "coordinates": [
                    99.253868,
                    8.57098
                ]
            },
            "properties": {
                "id": 1144450201,
                "station_name": "บ้านย่านดินแดง",
                "tele_station_oldcode": "X.37A",
                "tele_station_name": "บ้านย่านดินแดง",
                "waterlevel_datetime": "2025-10-04 09:00",
                "waterlevel_msl": "7.62",
                "discharge": "173.20",
                "storage_percent": "53.79",
                "agency": "ชป.",
                "basin": "ลุ่มน้ำภาคใต้ฝั่งตะวันออกตอนบน",
                "province": "สุราษฎร์ธานี",
                "amphoe": "เวียงสระ",
                "tumbon": "ทุ่งหลวง",
                "river_name": "แม่น้ำตาปี"
            }
        },
        {
            "type": "Feature",
            "geometry": {
                "type": "Point",
                "coordinates": [
                    102.543365,
                    12.36929
                ]
            },
            "properties": {
                "id": 1144485064,
                "station_name": "ห้วยแร้ง",
                "tele_station_oldcode": "TRD002",
                "tele_station_name": "ห้วยแร้ง",
                "waterlevel_datetime": "2025-10-04 12:00",
                "waterlevel_msl": "-0.10",
                "discharge": null,
                "storage_percent": "53.51",
                "agency": "สสน.",
                "basin": "ลุ่มน้ำชายฝั่งทะเลตะวันออก",
                "province": "ตราด",
                "amphoe": "เมืองตราด",
                "tumbon": "ห้วยแร้ง",
                "river_name": "คลองห้วยแร้ง"
            }
        },
        {
            "type": "Feature",
            "geometry": {
                "type": "Point",
                "coordinates": [
                    98.98318,
                    9.068123
                ]
            },
            "properties": {
                "id": 1144470623,
                "station_name": "สะพานบ้านปากคู่(วัดนิลาราม)อ.คีรีรัฐนิคม ท. 220903",
                "tele_station_oldcode": "RPBRPBD08",
                "tele_station_name": "สะพานบ้านปากคู่(วัดนิลาราม)อ.คีรีรัฐนิคม ท. 220903",
                "waterlevel_datetime": "2025-10-04 11:00",
                "waterlevel_msl": "9.36",
                "discharge": null,
                "storage_percent": "53.38",
                "agency": "กฟผ.",
                "basin": "ลุ่มน้ำภาคใต้ฝั่งตะวันออกตอนบน",
                "province": "สุราษฎร์ธานี",
                "amphoe": "คีรีรัฐนิคม",
                "tumbon": "บ้านยาง",
                "river_name": null
            }
        },
        {
            "type": "Feature",
            "geometry": {
                "type": "Point",
                "coordinates": [
                    98.635262,
                    19.638411
                ]
            },
            "properties": {
                "id": 1144098982,
                "station_name": "บ้านม่วงป๊อก",
                "tele_station_oldcode": "P.65",
                "tele_station_name": "บ้านม่วงป๊อก",
                "waterlevel_datetime": "2025-10-03 13:00",
                "waterlevel_msl": "743.43",
                "discharge": "22.55",
                "storage_percent": "53.35",
                "agency": "ชป.",
                "basin": "ลุ่มน้ำปิง",
                "province": "เชียงใหม่",
                "amphoe": "เวียงแหง",
                "tumbon": "เปียงหลวง",
                "river_name": "ห้วยมะยมเหม็น"
            }
        },
        {
            "type": "Feature",
            "geometry": {
                "type": "Point",
                "coordinates": [
                    100.74901,
                    17.790916
                ]
            },
            "properties": {
                "id": 1144484862,
                "station_name": "น้ำปาด",
                "tele_station_oldcode": "NAN010",
                "tele_station_name": "น้ำปาด",
                "waterlevel_datetime": "2025-10-04 12:00",
                "waterlevel_msl": "156.16",
                "discharge": null,
                "storage_percent": "53.11",
                "agency": "สสน.",
                "basin": "ลุ่มน้ำน่าน",
                "province": "อุตรดิตถ์",
                "amphoe": "น้ำปาด",
                "tumbon": "บ้านฝาย",
                "river_name": "น้ำปาด"
            }
        },
        {
            "type": "Feature",
            "geometry": {
                "type": "Point",
                "coordinates": [
                    99.51841,
                    16.479271
                ]
            },
            "properties": {
                "id": 1144479499,
                "station_name": "ต.ในเมือง",
                "tele_station_oldcode": "P.7A",
                "tele_station_name": "ต.ในเมือง",
                "waterlevel_datetime": "2025-10-04 11:00",
                "waterlevel_msl": "73.60",
                "discharge": "595.03",
                "storage_percent": "52.98",
                "agency": "ชป.",
                "basin": "ลุ่มน้ำปิง",
                "province": "กำแพงเพชร",
                "amphoe": "เมืองกำแพงเพชร",
                "tumbon": "ในเมือง",
                "river_name": "แม่น้ำปิง"
            }
        },
        {
            "type": "Feature",
            "geometry": {
                "type": "Point",
                "coordinates": [
                    100.20636,
                    18.22003
                ]
            },
            "properties": {
                "id": 1144478321,
                "station_name": "บ้านแม่หล่าย",
                "tele_station_oldcode": "Y.34",
                "tele_station_name": "บ้านแม่หล่าย",
                "waterlevel_datetime": "2025-10-04 11:00",
                "waterlevel_msl": "159.52",
                "discharge": "17.50",
                "storage_percent": "52.96",
                "agency": "ชป.",
                "basin": "ลุ่มน้ำยม",
                "province": "แพร่",
                "amphoe": "เมืองแพร่",
                "tumbon": "แม่หล่าย",
                "river_name": "น้ำแม่หล่าย"
            }
        },
        {
            "type": "Feature",
            "geometry": {
                "type": "Point",
                "coordinates": [
                    100.656853,
                    16.696329
                ]
            },
            "properties": {
                "id": 1144479523,
                "station_name": "บ้านชมพู",
                "tele_station_oldcode": "N.43A",
                "tele_station_name": "บ้านชมพู",
                "waterlevel_datetime": "2025-10-04 11:00",
                "waterlevel_msl": "55.27",
                "discharge": "33.06",
                "storage_percent": "52.82",
                "agency": "ชป.",
                "basin": "ลุ่มน้ำน่าน",
                "province": "พิษณุโลก",
                "amphoe": "เนินมะปราง",
                "tumbon": "ชมพู",
                "river_name": "คลองชมพู"
            }
        },
        {
            "type": "Feature",
            "geometry": {
                "type": "Point",
                "coordinates": [
                    99.860191,
                    16.064671
                ]
            },
            "properties": {
                "id": 1144479503,
                "station_name": "บ้านแสนตอ",
                "tele_station_oldcode": "P.16",
                "tele_station_name": "บ้านแสนตอ",
                "waterlevel_datetime": "2025-10-04 11:00",
                "waterlevel_msl": "42.45",
                "discharge": null,
                "storage_percent": "52.55",
                "agency": "ชป.",
                "basin": "ลุ่มน้ำปิง",
                "province": "กำแพงเพชร",
                "amphoe": "ขาณุวรลักษบุรี",
                "tumbon": "แสนตอ",
                "river_name": "แม่น้ำปิง"
            }
        },
        {
            "type": "Feature",
            "geometry": {
                "type": "Point",
                "coordinates": [
                    100.12458,
                    18.13367
                ]
            },
            "properties": {
                "id": 1144485098,
                "station_name": "เมืองแพร่",
                "tele_station_oldcode": "YOM010",
                "tele_station_name": "เมืองแพร่",
                "waterlevel_datetime": "2025-10-04 12:00",
                "waterlevel_msl": "147.02",
                "discharge": null,
                "storage_percent": "52.50",
                "agency": "สสน.",
                "basin": "ลุ่มน้ำยม",
                "province": "แพร่",
                "amphoe": "เมืองแพร่",
                "tumbon": "ป่าแมต",
                "river_name": "แม่น้ำยม"
            }
        },
        {
            "type": "Feature",
            "geometry": {
                "type": "Point",
                "coordinates": [
                    100.56083,
                    16.835382
                ]
            },
            "properties": {
                "id": 1144484532,
                "station_name": "สะพานน้ำเข็ก",
                "tele_station_oldcode": "MOU386",
                "tele_station_name": "สะพานน้ำเข็ก",
                "waterlevel_datetime": "2025-10-04 12:00",
                "waterlevel_msl": "65.11",
                "discharge": null,
                "storage_percent": "52.49",
                "agency": "พพภ",
                "basin": "ลุ่มน้ำน่าน",
                "province": "พิษณุโลก",
                "amphoe": "วังทอง",
                "tumbon": "วังนกแอ่น",
                "river_name": null
            }
        },
        {
            "type": "Feature",
            "geometry": {
                "type": "Point",
                "coordinates": [
                    102.054382,
                    13.8096
                ]
            },
            "properties": {
                "id": 1144480772,
                "station_name": "บ้านสระขวัญ",
                "tele_station_oldcode": "Kgt.10",
                "tele_station_name": "บ้านสระขวัญ",
                "waterlevel_datetime": "2025-10-04 11:00",
                "waterlevel_msl": "29.98",
                "discharge": "26.60",
                "storage_percent": "52.34",
                "agency": "ชป.",
                "basin": "ลุ่มน้ำบางปะกง",
                "province": "สระแก้ว",
                "amphoe": "เมืองสระแก้ว",
                "tumbon": "สระขวัญ",
                "river_name": "คลองพระสะทึง"
            }
        },
        {
            "type": "Feature",
            "geometry": {
                "type": "Point",
                "coordinates": [
                    100.587265,
                    13.854033
                ]
            },
            "properties": {
                "id": 1144484683,
                "station_name": "คลองลาดพร้าว วัดบางบัว",
                "tele_station_oldcode": "BKK021",
                "tele_station_name": "คลองลาดพร้าว วัดบางบัว",
                "waterlevel_datetime": "2025-10-04 12:00",
                "waterlevel_msl": "0.99",
                "discharge": null,
                "storage_percent": "52.13",
                "agency": "สสน.",
                "basin": "ลุ่มน้ำเจ้าพระยา",
                "province": "กรุงเทพมหานคร",
                "amphoe": "บางเขน",
                "tumbon": "อนุสาวรีย์",
                "river_name": "คลองบางบัว"
            }
        },
        {
            "type": "Feature",
            "geometry": {
                "type": "Point",
                "coordinates": [
                    99.75878,
                    17.51711
                ]
            },
            "properties": {
                "id": 1144485093,
                "station_name": "ศรีสัชนาลัย",
                "tele_station_oldcode": "YOM005",
                "tele_station_name": "ศรีสัชนาลัย",
                "waterlevel_datetime": "2025-10-04 12:00",
                "waterlevel_msl": "65.44",
                "discharge": null,
                "storage_percent": "51.98",
                "agency": "สสน.",
                "basin": "ลุ่มน้ำยม",
                "province": "สุโขทัย",
                "amphoe": "ศรีสัชนาลัย",
                "tumbon": "หาดเสี้ยว",
                "river_name": "แม่น้ำยม"
            }
        },
        {
            "type": "Feature",
            "geometry": {
                "type": "Point",
                "coordinates": [
                    99.198984,
                    8.847581
                ]
            },
            "properties": {
                "id": 1144470636,
                "station_name": "สะพานเคียนซา (ปาล์มพาราวุ้ด) อ.เคียนซา (X.217)",
                "tele_station_oldcode": "RPBRPBD12",
                "tele_station_name": "สะพานเคียนซา (ปาล์มพาราวุ้ด) อ.เคียนซา (X.217)",
                "waterlevel_datetime": "2025-10-04 11:00",
                "waterlevel_msl": "1.33",
                "discharge": null,
                "storage_percent": "51.84",
                "agency": "กฟผ.",
                "basin": "ลุ่มน้ำภาคใต้ฝั่งตะวันออกตอนบน",
                "province": "สุราษฎร์ธานี",
                "amphoe": "เคียนซา",
                "tumbon": "เคียนซา",
                "river_name": null
            }
        },
        {
            "type": "Feature",
            "geometry": {
                "type": "Point",
                "coordinates": [
                    99.7957,
                    7.32009
                ]
            },
            "properties": {
                "id": 1144450206,
                "station_name": "บ้านปะเหลียนใน",
                "tele_station_oldcode": "X.139A",
                "tele_station_name": "บ้านปะเหลียนใน",
                "waterlevel_datetime": "2025-10-04 09:00",
                "waterlevel_msl": "21.27",
                "discharge": "17.05",
                "storage_percent": "51.80",
                "agency": "ชป.",
                "basin": "ลุ่มน้ำภาคใต้ฝั่งตะวันตก",
                "province": "ตรัง",
                "amphoe": "ปะเหลียน",
                "tumbon": "ปะเหลียน",
                "river_name": "คลองปะเหลียน"
            }
        },
        {
            "type": "Feature",
            "geometry": {
                "type": "Point",
                "coordinates": [
                    99.24981,
                    8.414556
                ]
            },
            "properties": {
                "id": 1144484870,
                "station_name": "ทุ่งใหญ่",
                "tele_station_oldcode": "NKO004",
                "tele_station_name": "ทุ่งใหญ่",
                "waterlevel_datetime": "2025-10-04 12:00",
                "waterlevel_msl": "13.01",
                "discharge": null,
                "storage_percent": "51.21",
                "agency": "สสน.",
                "basin": "ลุ่มน้ำภาคใต้ฝั่งตะวันออกตอนบน",
                "province": "นครศรีธรรมราช",
                "amphoe": "ทุ่งใหญ่",
                "tumbon": "บางรูป",
                "river_name": "คลองสินปุน"
            }
        },
        {
            "type": "Feature",
            "geometry": {
                "type": "Point",
                "coordinates": [
                    100.017395,
                    14.320748
                ]
            },
            "properties": {
                "id": 1144485038,
                "station_name": "ทุ่งโพธิ์พระยา",
                "tele_station_oldcode": "TCP007",
                "tele_station_name": "ทุ่งโพธิ์พระยา",
                "waterlevel_datetime": "2025-10-04 12:00",
                "waterlevel_msl": "-0.22",
                "discharge": null,
                "storage_percent": "51.20",
                "agency": "สสน.",
                "basin": "ลุ่มน้ำท่าจีน",
                "province": "สุพรรณบุรี",
                "amphoe": "บางปลาม้า",
                "tumbon": "วัดโบสถ์",
                "river_name": "คลองดอนต้นคาง"
            }
        },
        {
            "type": "Feature",
            "geometry": {
                "type": "Point",
                "coordinates": [
                    99.469788,
                    14.48943
                ]
            },
            "properties": {
                "id": 1144485867,
                "station_name": "บ้านยางสูง",
                "tele_station_oldcode": "K.49",
                "tele_station_name": "บ้านยางสูง",
                "waterlevel_datetime": "2025-10-04 12:00",
                "waterlevel_msl": "101.13",
                "discharge": null,
                "storage_percent": "51.17",
                "agency": "ชป.",
                "basin": "ลุ่มน้ำแม่กลอง",
                "province": "กาญจนบุรี",
                "amphoe": "บ่อพลอย",
                "tumbon": "หลุมรัง",
                "river_name": "ลำตะเพิน"
            }
        },
        {
            "type": "Feature",
            "geometry": {
                "type": "Point",
                "coordinates": [
                    99.408463,
                    18.14444
                ]
            },
            "properties": {
                "id": 1144446261,
                "station_name": "บ้านวังพร้าว",
                "tele_station_oldcode": "W.22",
                "tele_station_name": "บ้านวังพร้าว",
                "waterlevel_datetime": "2025-10-04 05:00",
                "waterlevel_msl": "216.05",
                "discharge": null,
                "storage_percent": "51.11",
                "agency": "ชป.",
                "basin": "ลุ่มน้ำวัง",
                "province": "ลำปาง",
                "amphoe": "เกาะคา",
                "tumbon": "วังพร้าว",
                "river_name": "แม่น้ำจาง"
            }
        },
        {
            "type": "Feature",
            "geometry": {
                "type": "Point",
                "coordinates": [
                    101.883057,
                    14.16131
                ]
            },
            "properties": {
                "id": 1144480774,
                "station_name": "บ้านทุ่งแฝก",
                "tele_station_oldcode": "Kgt.14A",
                "tele_station_name": "บ้านทุ่งแฝก",
                "waterlevel_datetime": "2025-10-04 11:00",
                "waterlevel_msl": "36.84",
                "discharge": "19.20",
                "storage_percent": "50.94",
                "agency": "ชป.",
                "basin": "ลุ่มน้ำบางปะกง",
                "province": "ปราจีนบุรี",
                "amphoe": "นาดี",
                "tumbon": "ทุ่งโพธิ์",
                "river_name": "ห้วยยาง"
            }
        },
        {
            "type": "Feature",
            "geometry": {
                "type": "Point",
                "coordinates": [
                    98.96884,
                    19.36728
                ]
            },
            "properties": {
                "id": 1144484696,
                "station_name": "เชียงดาว",
                "tele_station_oldcode": "CHM004",
                "tele_station_name": "เชียงดาว",
                "waterlevel_datetime": "2025-10-04 12:00",
                "waterlevel_msl": "379.91",
                "discharge": null,
                "storage_percent": "50.92",
                "agency": "สสน.",
                "basin": "ลุ่มน้ำปิง",
                "province": "เชียงใหม่",
                "amphoe": "เชียงดาว",
                "tumbon": "เชียงดาว",
                "river_name": "แม่น้ำปิง"
            }
        },
        {
            "type": "Feature",
            "geometry": {
                "type": "Point",
                "coordinates": [
                    99.25391,
                    8.57104
                ]
            },
            "properties": {
                "id": 1144470628,
                "station_name": "สะพานอิปัน อ.พระแสง (X.37A)",
                "tele_station_oldcode": "RPBRPBD11",
                "tele_station_name": "สะพานอิปัน อ.พระแสง (X.37A)",
                "waterlevel_datetime": "2025-10-04 11:00",
                "waterlevel_msl": "7.73",
                "discharge": null,
                "storage_percent": "50.82",
                "agency": "กฟผ.",
                "basin": "ลุ่มน้ำภาคใต้ฝั่งตะวันออกตอนบน",
                "province": "สุราษฎร์ธานี",
                "amphoe": "เวียงสระ",
                "tumbon": "ทุ่งหลวง",
                "river_name": null
            }
        },
        {
            "type": "Feature",
            "geometry": {
                "type": "Point",
                "coordinates": [
                    99.84369,
                    17.3662
                ]
            },
            "properties": {
                "id": 1144484720,
                "station_name": "คลองผันน้ำยม-น่าน1",
                "tele_station_oldcode": "DIV001",
                "tele_station_name": "คลองผันน้ำยม-น่าน1",
                "waterlevel_datetime": "2025-10-04 12:00",
                "waterlevel_msl": "58.62",
                "discharge": null,
                "storage_percent": "50.75",
                "agency": "สสน.",
                "basin": "ลุ่มน้ำยม",
                "province": "สุโขทัย",
                "amphoe": "สวรรคโลก",
                "tumbon": "ในเมือง",
                "river_name": "คลองแม่น้ำเก่า"
            }
        },
        {
            "type": "Feature",
            "geometry": {
                "type": "Point",
                "coordinates": [
                    99.972557,
                    18.76083
                ]
            },
            "properties": {
                "id": 1144478318,
                "station_name": "บ้านหลวงเหนือ",
                "tele_station_oldcode": "Y.13A",
                "tele_station_name": "บ้านหลวงเหนือ",
                "waterlevel_datetime": "2025-10-04 11:00",
                "waterlevel_msl": "269.71",
                "discharge": "11.45",
                "storage_percent": "50.71",
                "agency": "ชป.",
                "basin": "ลุ่มน้ำยม",
                "province": "ลำปาง",
                "amphoe": "งาว",
                "tumbon": "นาแก",
                "river_name": "น้ำแม่งาว"
            }
        },
        {
            "type": "Feature",
            "geometry": {
                "type": "Point",
                "coordinates": [
                    99.145744,
                    10.57441
                ]
            },
            "properties": {
                "id": 1144394574,
                "station_name": "เมืองชุมพร",
                "tele_station_oldcode": "CMP001",
                "tele_station_name": "เมืองชุมพร",
                "waterlevel_datetime": "2025-10-04 06:20",
                "waterlevel_msl": "4.14",
                "discharge": null,
                "storage_percent": "50.68",
                "agency": "สสน.",
                "basin": "ลุ่มน้ำภาคใต้ฝั่งตะวันออกตอนบน",
                "province": "ชุมพร",
                "amphoe": "เมืองชุมพร",
                "tumbon": "หาดพันไกร",
                "river_name": "คลองท่าตะเภา"
            }
        },
        {
            "type": "Feature",
            "geometry": {
                "type": "Point",
                "coordinates": [
                    103.648331,
                    16.772221
                ]
            },
            "properties": {
                "id": 1144481259,
                "station_name": "เนินยางใต้",
                "tele_station_oldcode": "E.90",
                "tele_station_name": "เนินยางใต้",
                "waterlevel_datetime": "2025-10-04 11:00",
                "waterlevel_msl": "163.75",
                "discharge": "3.42",
                "storage_percent": "50.22",
                "agency": "ชป.",
                "basin": "ลุ่มน้ำชี",
                "province": "กาฬสินธุ์",
                "amphoe": "สหัสขันธ์",
                "tumbon": "โนนศิลา",
                "river_name": "ห้วยสังเคียบ"
            }
        },
        {
            "type": "Feature",
            "geometry": {
                "type": "Point",
                "coordinates": [
                    98.772102,
                    18.366421
                ]
            },
            "properties": {
                "id": 1144478311,
                "station_name": "บ้านหล่ายแก้ว",
                "tele_station_oldcode": "P.85",
                "tele_station_name": "บ้านหล่ายแก้ว",
                "waterlevel_datetime": "2025-10-04 11:00",
                "waterlevel_msl": "290.65",
                "discharge": "26.93",
                "storage_percent": "49.84",
                "agency": "ชป.",
                "basin": "ลุ่มน้ำปิง",
                "province": "ลำพูน",
                "amphoe": "บ้านโฮ่ง",
                "tumbon": "เหล่ายาว",
                "river_name": "น้ำแม่ลี้"
            }
        },
        {
            "type": "Feature",
            "geometry": {
                "type": "Point",
                "coordinates": [
                    98.685661,
                    18.65423
                ]
            },
            "properties": {
                "id": 1144478309,
                "station_name": "บ้านสบวิน",
                "tele_station_oldcode": "P.82",
                "tele_station_name": "บ้านสบวิน",
                "waterlevel_datetime": "2025-10-04 11:00",
                "waterlevel_msl": "401.76",
                "discharge": "21.42",
                "storage_percent": "49.55",
                "agency": "ชป.",
                "basin": "ลุ่มน้ำปิง",
                "province": "เชียงใหม่",
                "amphoe": "แม่วาง",
                "tumbon": "แม่วิน",
                "river_name": "น้ำแม่วาง"
            }
        },
        {
            "type": "Feature",
            "geometry": {
                "type": "Point",
                "coordinates": [
                    99.91124,
                    8.786922
                ]
            },
            "properties": {
                "id": 1144484871,
                "station_name": "ท่าศาลา",
                "tele_station_oldcode": "NPI001",
                "tele_station_name": "ท่าศาลา",
                "waterlevel_datetime": "2025-10-04 12:00",
                "waterlevel_msl": "-0.06",
                "discharge": null,
                "storage_percent": "49.42",
                "agency": "สสน.",
                "basin": "ลุ่มน้ำภาคใต้ฝั่งตะวันออกตอนบน",
                "province": "นครศรีธรรมราช",
                "amphoe": "ท่าศาลา",
                "tumbon": "สระแก้ว",
                "river_name": "คลองกลาย"
            }
        },
        {
            "type": "Feature",
            "geometry": {
                "type": "Point",
                "coordinates": [
                    101.951889,
                    14.93281
                ]
            },
            "properties": {
                "id": 1144478850,
                "station_name": "บ้านโคกกรวด",
                "tele_station_oldcode": "M.191",
                "tele_station_name": "บ้านโคกกรวด",
                "waterlevel_datetime": "2025-10-04 11:00",
                "waterlevel_msl": "193.46",
                "discharge": "2.99",
                "storage_percent": "49.31",
                "agency": "ชป.",
                "basin": "ลุ่มน้ำมูล",
                "province": "นครราชสีมา",
                "amphoe": "เมืองนครราชสีมา",
                "tumbon": "โคกกรวด",
                "river_name": "คลองมอญ"
            }
        },
        {
            "type": "Feature",
            "geometry": {
                "type": "Point",
                "coordinates": [
                    98.409027,
                    8.70251
                ]
            },
            "properties": {
                "id": 1144450188,
                "station_name": "บ้านท่านา",
                "tele_station_oldcode": "X.196",
                "tele_station_name": "บ้านท่านา",
                "waterlevel_datetime": "2025-10-04 09:00",
                "waterlevel_msl": "15.21",
                "discharge": "14.25",
                "storage_percent": "49.24",
                "agency": "ชป.",
                "basin": "ลุ่มน้ำภาคใต้ฝั่งตะวันตก",
                "province": "พังงา",
                "amphoe": "กะปง",
                "tumbon": "ท่านา",
                "river_name": "คลองกะปง"
            }
        },
        {
            "type": "Feature",
            "geometry": {
                "type": "Point",
                "coordinates": [
                    100.10913,
                    15.32773
                ]
            },
            "properties": {
                "id": 1144484709,
                "station_name": "ปตร.มโนรมย์",
                "tele_station_oldcode": "CPY003",
                "tele_station_name": "ปตร.มโนรมย์",
                "waterlevel_datetime": "2025-10-04 12:00",
                "waterlevel_msl": "15.28",
                "discharge": null,
                "storage_percent": "49.06",
                "agency": "สสน.",
                "basin": "ลุ่มน้ำเจ้าพระยา",
                "province": "ชัยนาท",
                "amphoe": "มโนรมย์",
                "tumbon": "วัดโคก",
                "river_name": "แม่น้ำเจ้าพระยา"
            }
        },
        {
            "type": "Feature",
            "geometry": {
                "type": "Point",
                "coordinates": [
                    99.469345,
                    17.774937
                ]
            },
            "properties": {
                "id": 1144484461,
                "station_name": "คลองสรอย วัดแม่ขมวก",
                "tele_station_oldcode": "FOP019",
                "tele_station_name": "คลองสรอย วัดแม่ขมวก",
                "waterlevel_datetime": "2025-10-04 12:00",
                "waterlevel_msl": "155.67",
                "discharge": null,
                "storage_percent": "48.99",
                "agency": "พพภ",
                "basin": "ลุ่มน้ำยม",
                "province": "แพร่",
                "amphoe": "วังชิ้น",
                "tumbon": "สรอย",
                "river_name": "ห้วยแม่สรอย"
            }
        },
        {
            "type": "Feature",
            "geometry": {
                "type": "Point",
                "coordinates": [
                    100.66681,
                    16.85502
                ]
            },
            "properties": {
                "id": 1144484857,
                "station_name": "แม่น้ำเข็ก (ว้งทอง)",
                "tele_station_oldcode": "NAN005",
                "tele_station_name": "แม่น้ำเข็ก (ว้งทอง)",
                "waterlevel_datetime": "2025-10-04 12:00",
                "waterlevel_msl": "136.96",
                "discharge": null,
                "storage_percent": "48.97",
                "agency": "สสน.",
                "basin": "ลุ่มน้ำน่าน",
                "province": "พิษณุโลก",
                "amphoe": "วังทอง",
                "tumbon": "วังนกแอ่น",
                "river_name": "น้ำเข็ก"
            }
        },
        {
            "type": "Feature",
            "geometry": {
                "type": "Point",
                "coordinates": [
                    99.85966,
                    20.15754
                ]
            },
            "properties": {
                "id": 1144484703,
                "station_name": "แม่จัน",
                "tele_station_oldcode": "CHR003",
                "tele_station_name": "แม่จัน",
                "waterlevel_datetime": "2025-10-04 12:00",
                "waterlevel_msl": "409.96",
                "discharge": null,
                "storage_percent": "48.91",
                "agency": "สสน.",
                "basin": "ลุ่มน้ำโขงเหนือ",
                "province": "เชียงราย",
                "amphoe": "แม่จัน",
                "tumbon": "แม่จัน",
                "river_name": "น้ำแม่จัน"
            }
        },
        {
            "type": "Feature",
            "geometry": {
                "type": "Point",
                "coordinates": [
                    99.770569,
                    12.80623
                ]
            },
            "properties": {
                "id": 1144485882,
                "station_name": "บ้านสาระเห็ด",
                "tele_station_oldcode": "B.9",
                "tele_station_name": "บ้านสาระเห็ด",
                "waterlevel_datetime": "2025-10-04 12:00",
                "waterlevel_msl": "28.11",
                "discharge": "32.63",
                "storage_percent": "48.83",
                "agency": "ชป.",
                "basin": "ลุ่มน้ำเพชรบุรี-ประจวบคีรีขันธ์",
                "province": "เพชรบุรี",
                "amphoe": "ท่ายาง",
                "tumbon": "กลัดหลวง",
                "river_name": "แม่น้ำเพชรบุรี"
            }
        },
        {
            "type": "Feature",
            "geometry": {
                "type": "Point",
                "coordinates": [
                    98.944412,
                    19.122181
                ]
            },
            "properties": {
                "id": 1144478298,
                "station_name": "บ้านแม่แตง",
                "tele_station_oldcode": "P.4A",
                "tele_station_name": "บ้านแม่แตง",
                "waterlevel_datetime": "2025-10-04 11:00",
                "waterlevel_msl": "334.98",
                "discharge": "104.45",
                "storage_percent": "48.57",
                "agency": "ชป.",
                "basin": "ลุ่มน้ำปิง",
                "province": "เชียงใหม่",
                "amphoe": "แม่แตง",
                "tumbon": "สันมหาพน",
                "river_name": "แม่น้ำแม่แตง"
            }
        },
        {
            "type": "Feature",
            "geometry": {
                "type": "Point",
                "coordinates": [
                    99.859596,
                    20.15753
                ]
            },
            "properties": {
                "id": 1144478330,
                "station_name": "บ้านหัวสะพาน",
                "tele_station_oldcode": "Kh.89",
                "tele_station_name": "บ้านหัวสะพาน",
                "waterlevel_datetime": "2025-10-04 11:00",
                "waterlevel_msl": "407.45",
                "discharge": "14.25",
                "storage_percent": "48.53",
                "agency": "ชป.",
                "basin": "ลุ่มน้ำโขงเหนือ",
                "province": "เชียงราย",
                "amphoe": "แม่จัน",
                "tumbon": "ป่าซาง",
                "river_name": "น้ำแม่จัน"
            }
        },
        {
            "type": "Feature",
            "geometry": {
                "type": "Point",
                "coordinates": [
                    100.124641,
                    18.133909
                ]
            },
            "properties": {
                "id": 1144478317,
                "station_name": "บ้านน้ำโค้ง",
                "tele_station_oldcode": "Y.1C",
                "tele_station_name": "บ้านน้ำโค้ง",
                "waterlevel_datetime": "2025-10-04 11:00",
                "waterlevel_msl": "147.23",
                "discharge": "293.55",
                "storage_percent": "48.44",
                "agency": "ชป.",
                "basin": "ลุ่มน้ำยม",
                "province": "แพร่",
                "amphoe": "เมืองแพร่",
                "tumbon": "ป่าแมต",
                "river_name": "แม่น้ำยม"
            }
        },
        {
            "type": "Feature",
            "geometry": {
                "type": "Point",
                "coordinates": [
                    99.906487,
                    8.2801
                ]
            },
            "properties": {
                "id": 1144450182,
                "station_name": "บ้านเสาธง",
                "tele_station_oldcode": "X.167",
                "tele_station_name": "บ้านเสาธง",
                "waterlevel_datetime": "2025-10-04 09:00",
                "waterlevel_msl": "9.02",
                "discharge": "17.47",
                "storage_percent": "48.43",
                "agency": "ชป.",
                "basin": "ลุ่มน้ำภาคใต้ฝั่งตะวันออกตอนบน",
                "province": "นครศรีธรรมราช",
                "amphoe": "ร่อนพิบูลย์",
                "tumbon": "เสาธง",
                "river_name": "คลองเสาธง"
            }
        },
        {
            "type": "Feature",
            "geometry": {
                "type": "Point",
                "coordinates": [
                    99.5379,
                    19.65259
                ]
            },
            "properties": {
                "id": 1144484704,
                "station_name": "แม่สรวย",
                "tele_station_oldcode": "CHR004",
                "tele_station_name": "แม่สรวย",
                "waterlevel_datetime": "2025-10-04 12:00",
                "waterlevel_msl": "452.18",
                "discharge": null,
                "storage_percent": "48.36",
                "agency": "สสน.",
                "basin": "ลุ่มน้ำโขงเหนือ",
                "province": "เชียงราย",
                "amphoe": "แม่สรวย",
                "tumbon": "แม่สรวย",
                "river_name": "น้ำแม่ลาว"
            }
        },
        {
            "type": "Feature",
            "geometry": {
                "type": "Point",
                "coordinates": [
                    99.48326,
                    14.06046
                ]
            },
            "properties": {
                "id": 1144484780,
                "station_name": "เมืองกาญจนบุรี",
                "tele_station_oldcode": "KRN001",
                "tele_station_name": "เมืองกาญจนบุรี",
                "waterlevel_datetime": "2025-10-04 12:00",
                "waterlevel_msl": "22.89",
                "discharge": null,
                "storage_percent": "48.33",
                "agency": "สสน.",
                "basin": "ลุ่มน้ำแม่กลอง",
                "province": "กาญจนบุรี",
                "amphoe": "เมืองกาญจนบุรี",
                "tumbon": "แก่งเสี้ยน",
                "river_name": "แม่น้ำแควใหญ่"
            }
        },
        {
            "type": "Feature",
            "geometry": {
                "type": "Point",
                "coordinates": [
                    99.856987,
                    20.218361
                ]
            },
            "properties": {
                "id": 1144478329,
                "station_name": "บ้านแม่คำหลักเจ็ด",
                "tele_station_oldcode": "Kh.72",
                "tele_station_name": "บ้านแม่คำหลักเจ็ด",
                "waterlevel_datetime": "2025-10-04 11:00",
                "waterlevel_msl": "395.80",
                "discharge": "39.00",
                "storage_percent": "48.21",
                "agency": "ชป.",
                "basin": "ลุ่มน้ำโขงเหนือ",
                "province": "เชียงราย",
                "amphoe": "แม่จัน",
                "tumbon": "ศรีค้ำ",
                "river_name": "แม่น้ำคำ"
            }
        },
        {
            "type": "Feature",
            "geometry": {
                "type": "Point",
                "coordinates": [
                    99.085129,
                    18.43327
                ]
            },
            "properties": {
                "id": 1144478307,
                "station_name": "บ้านสบแม่สะป๊วด",
                "tele_station_oldcode": "P.77",
                "tele_station_name": "บ้านสบแม่สะป๊วด",
                "waterlevel_datetime": "2025-10-04 11:00",
                "waterlevel_msl": "367.33",
                "discharge": "8.70",
                "storage_percent": "48.08",
                "agency": "ชป.",
                "basin": "ลุ่มน้ำปิง",
                "province": "ลำพูน",
                "amphoe": "แม่ทา",
                "tumbon": "ทาสบเส้า",
                "river_name": "น้ำแม่ทา"
            }
        },
        {
            "type": "Feature",
            "geometry": {
                "type": "Point",
                "coordinates": [
                    98.776932,
                    10.40327
                ]
            },
            "properties": {
                "id": 1144450243,
                "station_name": "บ้านน้ำจืด",
                "tele_station_oldcode": "X.207A",
                "tele_station_name": "บ้านน้ำจืด",
                "waterlevel_datetime": "2025-10-04 09:00",
                "waterlevel_msl": "1.73",
                "discharge": null,
                "storage_percent": "48.06",
                "agency": "ชป.",
                "basin": "ลุ่มน้ำภาคใต้ฝั่งตะวันตก",
                "province": "ระนอง",
                "amphoe": "กระบุรี",
                "tumbon": "น้ำจืด",
                "river_name": "คลองทรายปู"
            }
        },
        {
            "type": "Feature",
            "geometry": {
                "type": "Point",
                "coordinates": [
                    100.808617,
                    18.548229
                ]
            },
            "properties": {
                "id": 1144478296,
                "station_name": "สะพานท่าลี่",
                "tele_station_oldcode": "N.75",
                "tele_station_name": "สะพานท่าลี่",
                "waterlevel_datetime": "2025-10-04 11:00",
                "waterlevel_msl": "186.83",
                "discharge": "160.80",
                "storage_percent": "47.97",
                "agency": "ชป.",
                "basin": "ลุ่มน้ำน่าน",
                "province": "น่าน",
                "amphoe": "เวียงสา",
                "tumbon": "ไหล่น่าน",
                "river_name": "แม่น้ำน้ำว้า"
            }
        },
        {
            "type": "Feature",
            "geometry": {
                "type": "Point",
                "coordinates": [
                    104.6595,
                    14.64329
                ]
            },
            "properties": {
                "id": 1144478792,
                "station_name": "บ้านวังชมภู",
                "tele_station_oldcode": "M.66",
                "tele_station_name": "บ้านวังชมภู",
                "waterlevel_datetime": "2025-10-04 11:00",
                "waterlevel_msl": "145.01",
                "discharge": "39.53",
                "storage_percent": "47.72",
                "agency": "ชป.",
                "basin": "ลุ่มน้ำมูล",
                "province": "ศรีสะเกษ",
                "amphoe": "กันทรลักษ์",
                "tumbon": "น้ำอ้อม",
                "river_name": "ห้วยขะยุง"
            }
        },
        {
            "type": "Feature",
            "geometry": {
                "type": "Point",
                "coordinates": [
                    98.95978,
                    19.00977
                ]
            },
            "properties": {
                "id": 1144484693,
                "station_name": "สันทราย",
                "tele_station_oldcode": "CHM001",
                "tele_station_name": "สันทราย",
                "waterlevel_datetime": "2025-10-04 12:00",
                "waterlevel_msl": "316.98",
                "discharge": null,
                "storage_percent": "47.46",
                "agency": "สสน.",
                "basin": "ลุ่มน้ำปิง",
                "province": "เชียงใหม่",
                "amphoe": "สันทราย",
                "tumbon": "แม่แฝก",
                "river_name": "แม่น้ำปิง"
            }
        },
        {
            "type": "Feature",
            "geometry": {
                "type": "Point",
                "coordinates": [
                    100.481857,
                    6.98637
                ]
            },
            "properties": {
                "id": 1144450208,
                "station_name": "บ้านคลองหวะ",
                "tele_station_oldcode": "X.174",
                "tele_station_name": "บ้านคลองหวะ",
                "waterlevel_datetime": "2025-10-04 09:00",
                "waterlevel_msl": "4.21",
                "discharge": "1.10",
                "storage_percent": "47.41",
                "agency": "ชป.",
                "basin": "ลุ่มน้ำทะเลสาบสงขลา",
                "province": "สงขลา",
                "amphoe": "หาดใหญ่",
                "tumbon": "คอหงส์",
                "river_name": "คลองหวะ"
            }
        },
        {
            "type": "Feature",
            "geometry": {
                "type": "Point",
                "coordinates": [
                    101.672096,
                    12.95677
                ]
            },
            "properties": {
                "id": 1144414840,
                "station_name": "บ้านซำฆ้อ",
                "tele_station_oldcode": "Z.18",
                "tele_station_name": "บ้านซำฆ้อ",
                "waterlevel_datetime": "2025-10-04 06:00",
                "waterlevel_msl": "29.98",
                "discharge": "0.00",
                "storage_percent": "47.32",
                "agency": "ชป.",
                "basin": "ลุ่มน้ำชายฝั่งทะเลตะวันออก",
                "province": "ระยอง",
                "amphoe": "เขาชะเมา",
                "tumbon": "ชำฆ้อ",
                "river_name": "คลองโพล้"
            }
        },
        {
            "type": "Feature",
            "geometry": {
                "type": "Point",
                "coordinates": [
                    98.832075,
                    8.822734
                ]
            },
            "properties": {
                "id": 1144470614,
                "station_name": "สะพานเชี่ยวไทร อ.พนม",
                "tele_station_oldcode": "RPBRPBD04",
                "tele_station_name": "สะพานเชี่ยวไทร อ.พนม",
                "waterlevel_datetime": "2025-10-04 11:00",
                "waterlevel_msl": "13.17",
                "discharge": null,
                "storage_percent": "46.92",
                "agency": "กฟผ.",
                "basin": "ลุ่มน้ำภาคใต้ฝั่งตะวันออกตอนบน",
                "province": "สุราษฎร์ธานี",
                "amphoe": "พนม",
                "tumbon": "พนม",
                "river_name": null
            }
        },
        {
            "type": "Feature",
            "geometry": {
                "type": "Point",
                "coordinates": [
                    100.0588,
                    18.0208
                ]
            },
            "properties": {
                "id": 1144485092,
                "station_name": "เด่นชัย",
                "tele_station_oldcode": "YOM004",
                "tele_station_name": "เด่นชัย",
                "waterlevel_datetime": "2025-10-04 12:00",
                "waterlevel_msl": "141.46",
                "discharge": null,
                "storage_percent": "46.89",
                "agency": "สสน.",
                "basin": "ลุ่มน้ำยม",
                "province": "แพร่",
                "amphoe": "เด่นชัย",
                "tumbon": "เด่นชัย",
                "river_name": "แม่น้ำยม"
            }
        },
        {
            "type": "Feature",
            "geometry": {
                "type": "Point",
                "coordinates": [
                    99.502373,
                    15.92832
                ]
            },
            "properties": {
                "id": 1144479440,
                "station_name": "บ้านปางมะค่า",
                "tele_station_oldcode": "Ct.5A",
                "tele_station_name": "บ้านปางมะค่า",
                "waterlevel_datetime": "2025-10-04 11:00",
                "waterlevel_msl": "104.39",
                "discharge": "27.00",
                "storage_percent": "46.88",
                "agency": "ชป.",
                "basin": "ลุ่มน้ำสะแกกรัง",
                "province": "นครสวรรค์",
                "amphoe": "แม่วงก์",
                "tumbon": "เขาชนกัน",
                "river_name": "แม่น้ำแม่วงก์"
            }
        },
        {
            "type": "Feature",
            "geometry": {
                "type": "Point",
                "coordinates": [
                    99.078751,
                    18.69521
                ]
            },
            "properties": {
                "id": 1144478308,
                "station_name": "บ้านโป่ง",
                "tele_station_oldcode": "P.81",
                "tele_station_name": "บ้านโป่ง",
                "waterlevel_datetime": "2025-10-04 11:00",
                "waterlevel_msl": "292.76",
                "discharge": "25.86",
                "storage_percent": "46.86",
                "agency": "ชป.",
                "basin": "ลุ่มน้ำปิง",
                "province": "เชียงใหม่",
                "amphoe": "สารภี",
                "tumbon": "ชมภู",
                "river_name": "น้ำแม่กวง"
            }
        },
        {
            "type": "Feature",
            "geometry": {
                "type": "Point",
                "coordinates": [
                    102.0756,
                    13.66804
                ]
            },
            "properties": {
                "id": 1144480771,
                "station_name": "บ้านเขาฉกรรจ์",
                "tele_station_oldcode": "Kgt.9",
                "tele_station_name": "บ้านเขาฉกรรจ์",
                "waterlevel_datetime": "2025-10-04 11:00",
                "waterlevel_msl": "43.96",
                "discharge": "50.20",
                "storage_percent": "46.45",
                "agency": "ชป.",
                "basin": "ลุ่มน้ำบางปะกง",
                "province": "สระแก้ว",
                "amphoe": "เขาฉกรรจ์",
                "tumbon": "หนองหว้า",
                "river_name": "คลองพระสะทึง"
            }
        },
        {
            "type": "Feature",
            "geometry": {
                "type": "Point",
                "coordinates": [
                    101.974892,
                    6.02261
                ]
            },
            "properties": {
                "id": 1144450205,
                "station_name": "บริเวณสะพานลันตู",
                "tele_station_oldcode": "X.119A",
                "tele_station_name": "บริเวณสะพานลันตู",
                "waterlevel_datetime": "2025-10-04 09:00",
                "waterlevel_msl": "4.31",
                "discharge": "34.30",
                "storage_percent": "46.34",
                "agency": "ชป.",
                "basin": "ลุ่มน้ำภาคใต้ฝั่งตะวันออกตอนล่าง",
                "province": "นราธิวาส",
                "amphoe": "สุไหงโก-ลก",
                "tumbon": "สุไหงโก-ลก",
                "river_name": "แม่น้ำโก-ลก"
            }
        },
        {
            "type": "Feature",
            "geometry": {
                "type": "Point",
                "coordinates": [
                    101.772461,
                    17.31229
                ]
            },
            "properties": {
                "id": 1144481246,
                "station_name": "บ้านนาหลัก",
                "tele_station_oldcode": "Kh.28A",
                "tele_station_name": "บ้านนาหลัก",
                "waterlevel_datetime": "2025-10-04 11:00",
                "waterlevel_msl": "242.92",
                "discharge": "83.80",
                "storage_percent": "46.30",
                "agency": "ชป.",
                "basin": "ลุ่มน้ำโขงตะวันออกเฉียงเหนือ",
                "province": "เลย",
                "amphoe": "วังสะพุง",
                "tumbon": "ศรีสงคราม",
                "river_name": "แม่น้ำเลย"
            }
        },
        {
            "type": "Feature",
            "geometry": {
                "type": "Point",
                "coordinates": [
                    99.59726,
                    16.18206
                ]
            },
            "properties": {
                "id": 1144479451,
                "station_name": "บ้านสามเรือน",
                "tele_station_oldcode": "P.78",
                "tele_station_name": "บ้านสามเรือน",
                "waterlevel_datetime": "2025-10-04 11:00",
                "waterlevel_msl": "68.11",
                "discharge": "17.18",
                "storage_percent": "46.18",
                "agency": "ชป.",
                "basin": "ลุ่มน้ำปิง",
                "province": "กำแพงเพชร",
                "amphoe": "คลองขลุง",
                "tumbon": "วังไทร",
                "river_name": "คลองขลุง"
            }
        },
        {
            "type": "Feature",
            "geometry": {
                "type": "Point",
                "coordinates": [
                    99.18049,
                    19.238924
                ]
            },
            "properties": {
                "id": 1144484509,
                "station_name": "สะพานน้ำแม่งัด",
                "tele_station_oldcode": "MOU301",
                "tele_station_name": "สะพานน้ำแม่งัด",
                "waterlevel_datetime": "2025-10-04 12:00",
                "waterlevel_msl": "399.13",
                "discharge": null,
                "storage_percent": "46.09",
                "agency": "พพภ",
                "basin": "ลุ่มน้ำปิง",
                "province": "เชียงใหม่",
                "amphoe": "พร้าว",
                "tumbon": "แม่ปั๋ง",
                "river_name": null
            }
        },
        {
            "type": "Feature",
            "geometry": {
                "type": "Point",
                "coordinates": [
                    99.066017,
                    17.049092
                ]
            },
            "properties": {
                "id": 1144470337,
                "station_name": "แม่น้ำปิงที่ อ.บ้านตาก",
                "tele_station_oldcode": "BBBBD02",
                "tele_station_name": "แม่น้ำปิงที่ อ.บ้านตาก",
                "waterlevel_datetime": "2025-10-04 11:00",
                "waterlevel_msl": "119.82",
                "discharge": null,
                "storage_percent": "46.03",
                "agency": "กฟผ.",
                "basin": "ลุ่มน้ำปิง",
                "province": "ตาก",
                "amphoe": "บ้านตาก",
                "tumbon": "ตากออก",
                "river_name": null
            }
        },
        {
            "type": "Feature",
            "geometry": {
                "type": "Point",
                "coordinates": [
                    99.630409,
                    18.785219
                ]
            },
            "properties": {
                "id": 1144478315,
                "station_name": "บ้านไฮ",
                "tele_station_oldcode": "W.16A",
                "tele_station_name": "บ้านไฮ",
                "waterlevel_datetime": "2025-10-04 11:00",
                "waterlevel_msl": "305.32",
                "discharge": "2.74",
                "storage_percent": "46.01",
                "agency": "ชป.",
                "basin": "ลุ่มน้ำวัง",
                "province": "ลำปาง",
                "amphoe": "แจ้ห่ม",
                "tumbon": "ปงดอน",
                "river_name": "แม่น้ำวัง"
            }
        },
        {
            "type": "Feature",
            "geometry": {
                "type": "Point",
                "coordinates": [
                    99.720608,
                    16.21715
                ]
            },
            "properties": {
                "id": 1144470326,
                "station_name": "แม่น้ำปิงที่ อ.คลองขลุง (P.15)",
                "tele_station_oldcode": "BBBBD08",
                "tele_station_name": "แม่น้ำปิงที่ อ.คลองขลุง (P.15)",
                "waterlevel_datetime": "2025-10-04 11:00",
                "waterlevel_msl": "53.98",
                "discharge": null,
                "storage_percent": "45.82",
                "agency": "กฟผ.",
                "basin": "ลุ่มน้ำปิง",
                "province": "กำแพงเพชร",
                "amphoe": "คลองขลุง",
                "tumbon": "คลองขลุง",
                "river_name": null
            }
        },
        {
            "type": "Feature",
            "geometry": {
                "type": "Point",
                "coordinates": [
                    102.138039,
                    12.76323
                ]
            },
            "properties": {
                "id": 1144480783,
                "station_name": "บ้านปึก",
                "tele_station_oldcode": "Z.13",
                "tele_station_name": "บ้านปึก",
                "waterlevel_datetime": "2025-10-04 11:00",
                "waterlevel_msl": "8.81",
                "discharge": "80.35",
                "storage_percent": "45.75",
                "agency": "ชป.",
                "basin": "ลุ่มน้ำชายฝั่งทะเลตะวันออก",
                "province": "จันทบุรี",
                "amphoe": "มะขาม",
                "tumbon": "วังแซ้ม",
                "river_name": "คลองจันทบุรี"
            }
        },
        {
            "type": "Feature",
            "geometry": {
                "type": "Point",
                "coordinates": [
                    99.43525,
                    11.24043
                ]
            },
            "properties": {
                "id": 1144484686,
                "station_name": "คลองขนาน",
                "tele_station_oldcode": "BSP002",
                "tele_station_name": "คลองขนาน",
                "waterlevel_datetime": "2025-10-04 12:00",
                "waterlevel_msl": "13.48",
                "discharge": null,
                "storage_percent": "45.67",
                "agency": "สสน.",
                "basin": "ลุ่มน้ำเพชรบุรี-ประจวบคีรีขันธ์",
                "province": "ประจวบคีรีขันธ์",
                "amphoe": "บางสะพาน",
                "tumbon": "ร่อนทอง",
                "river_name": "คลองบางสะพาน"
            }
        },
        {
            "type": "Feature",
            "geometry": {
                "type": "Point",
                "coordinates": [
                    98.969635,
                    9.029423
                ]
            },
            "properties": {
                "id": 1144485061,
                "station_name": "ท่าขนอม",
                "tele_station_oldcode": "TPI004",
                "tele_station_name": "ท่าขนอม",
                "waterlevel_datetime": "2025-10-04 12:00",
                "waterlevel_msl": "5.54",
                "discharge": null,
                "storage_percent": "45.66",
                "agency": "สสน.",
                "basin": "ลุ่มน้ำภาคใต้ฝั่งตะวันออกตอนบน",
                "province": "สุราษฎร์ธานี",
                "amphoe": "คีรีรัฐนิคม",
                "tumbon": "ท่าขนอน",
                "river_name": "แม่น้ำพุมดวง"
            }
        },
        {
            "type": "Feature",
            "geometry": {
                "type": "Point",
                "coordinates": [
                    101.35289,
                    17.004061
                ]
            },
            "properties": {
                "id": 1144479492,
                "station_name": "ต.ตาดกลอย",
                "tele_station_oldcode": "S.33",
                "tele_station_name": "ต.ตาดกลอย",
                "waterlevel_datetime": "2025-10-04 11:00",
                "waterlevel_msl": "194.58",
                "discharge": "45.14",
                "storage_percent": "45.62",
                "agency": "ชป.",
                "basin": "ลุ่มน้ำป่าสัก",
                "province": "เพชรบูรณ์",
                "amphoe": "หล่มเก่า",
                "tumbon": "ตาดกลอย",
                "river_name": "แม่น้ำป่าสัก"
            }
        },
        {
            "type": "Feature",
            "geometry": {
                "type": "Point",
                "coordinates": [
                    99.518691,
                    16.478139
                ]
            },
            "properties": {
                "id": 1144470323,
                "station_name": "แม่น้ำปิงที่ อ.เมืองก้าแพงเพชร (P.7A) ",
                "tele_station_oldcode": "BBBBD07",
                "tele_station_name": "แม่น้ำปิงที่ อ.เมืองก้าแพงเพชร (P.7A) ",
                "waterlevel_datetime": "2025-10-04 11:00",
                "waterlevel_msl": "73.54",
                "discharge": null,
                "storage_percent": "45.50",
                "agency": "กฟผ.",
                "basin": "ลุ่มน้ำปิง",
                "province": "กำแพงเพชร",
                "amphoe": "เมืองกำแพงเพชร",
                "tumbon": "ในเมือง",
                "river_name": null
            }
        },
        {
            "type": "Feature",
            "geometry": {
                "type": "Point",
                "coordinates": [
                    98.36931,
                    8.829423
                ]
            },
            "properties": {
                "id": 1144484787,
                "station_name": "ตลาดเก่าตะกั่วป่า",
                "tele_station_oldcode": "MDC001",
                "tele_station_name": "ตลาดเก่าตะกั่วป่า",
                "waterlevel_datetime": "2025-10-04 12:00",
                "waterlevel_msl": "0.28",
                "discharge": null,
                "storage_percent": "45.17",
                "agency": "สสน.",
                "basin": "ลุ่มน้ำภาคใต้ฝั่งตะวันตก",
                "province": "พังงา",
                "amphoe": "ตะกั่วป่า",
                "tumbon": "โคกเคียน",
                "river_name": "คลองตะกั่วป่า"
            }
        },
        {
            "type": "Feature",
            "geometry": {
                "type": "Point",
                "coordinates": [
                    99.416252,
                    13.93906
                ]
            },
            "properties": {
                "id": 1144482598,
                "station_name": "บ้านวังเย็น",
                "tele_station_oldcode": "K.37",
                "tele_station_name": "บ้านวังเย็น",
                "waterlevel_datetime": "2025-10-04 11:00",
                "waterlevel_msl": "24.25",
                "discharge": "233.00",
                "storage_percent": "45.12",
                "agency": "ชป.",
                "basin": "ลุ่มน้ำแม่กลอง",
                "province": "กาญจนบุรี",
                "amphoe": "ด่านมะขามเตี้ย",
                "tumbon": "กลอนโด",
                "river_name": "แม่น้ำแควน้อย"
            }
        },
        {
            "type": "Feature",
            "geometry": {
                "type": "Point",
                "coordinates": [
                    99.45944,
                    7.668927
                ]
            },
            "properties": {
                "id": 1144485057,
                "station_name": "วังวิเศษ",
                "tele_station_oldcode": "TNG005",
                "tele_station_name": "วังวิเศษ",
                "waterlevel_datetime": "2025-10-04 12:00",
                "waterlevel_msl": "11.03",
                "discharge": null,
                "storage_percent": "45.08",
                "agency": "สสน.",
                "basin": "ลุ่มน้ำภาคใต้ฝั่งตะวันตก",
                "province": "ตรัง",
                "amphoe": "วังวิเศษ",
                "tumbon": "เขาวิเศษ",
                "river_name": "คลองยวนปลา"
            }
        },
        {
            "type": "Feature",
            "geometry": {
                "type": "Point",
                "coordinates": [
                    101.27481,
                    14.245718
                ]
            },
            "properties": {
                "id": 1144484873,
                "station_name": "สะพานเขานางบวช",
                "tele_station_oldcode": "NYK008",
                "tele_station_name": "สะพานเขานางบวช",
                "waterlevel_datetime": "2025-10-04 12:00",
                "waterlevel_msl": "5.46",
                "discharge": null,
                "storage_percent": "44.98",
                "agency": "สสน.",
                "basin": "ลุ่มน้ำบางปะกง",
                "province": "นครนายก",
                "amphoe": "เมืองนครนายก",
                "tumbon": "ศรีนาวา",
                "river_name": "แม่น้ำนครนายก"
            }
        },
        {
            "type": "Feature",
            "geometry": {
                "type": "Point",
                "coordinates": [
                    101.743996,
                    15.310615
                ]
            },
            "properties": {
                "id": 1144484888,
                "station_name": "คลองสามบาท บ้านกุดพิมาน",
                "tele_station_oldcode": "ONE022",
                "tele_station_name": "คลองสามบาท บ้านกุดพิมาน",
                "waterlevel_datetime": "2025-10-04 12:00",
                "waterlevel_msl": "201.22",
                "discharge": null,
                "storage_percent": "44.90",
                "agency": "สสน.",
                "basin": "ลุ่มน้ำมูล",
                "province": "นครราชสีมา",
                "amphoe": "ด่านขุนทด",
                "tumbon": "กุดพิมาน",
                "river_name": "ห้วยสามบาท"
            }
        },
        {
            "type": "Feature",
            "geometry": {
                "type": "Point",
                "coordinates": [
                    99.920143,
                    8.39629
                ]
            },
            "properties": {
                "id": 1144450192,
                "station_name": "บ้านนาป่า",
                "tele_station_oldcode": "X.203",
                "tele_station_name": "บ้านนาป่า",
                "waterlevel_datetime": "2025-10-04 09:00",
                "waterlevel_msl": "8.76",
                "discharge": "6.62",
                "storage_percent": "44.85",
                "agency": "ชป.",
                "basin": "ลุ่มน้ำภาคใต้ฝั่งตะวันออกตอนบน",
                "province": "นครศรีธรรมราช",
                "amphoe": "เมืองนครศรีธรรมราช",
                "tumbon": "ไชยมนตรี",
                "river_name": "คลองท่าดี"
            }
        },
        {
            "type": "Feature",
            "geometry": {
                "type": "Point",
                "coordinates": [
                    101.943603,
                    16.847333
                ]
            },
            "properties": {
                "id": 1144471854,
                "station_name": "น้ำพอง บ้านผานกเค้า (E.29)",
                "tele_station_oldcode": "URTU07",
                "tele_station_name": "น้ำพอง บ้านผานกเค้า (E.29)",
                "waterlevel_datetime": "2025-10-04 11:00",
                "waterlevel_msl": "230.82",
                "discharge": "47.69",
                "storage_percent": "44.83",
                "agency": "กฟผ.",
                "basin": "ลุ่มน้ำชี",
                "province": "เลย",
                "amphoe": "ภูกระดึง",
                "tumbon": "ผานกเค้า",
                "river_name": "น้ำพอง"
            }
        },
        {
            "type": "Feature",
            "geometry": {
                "type": "Point",
                "coordinates": [
                    101.922638,
                    14.06587
                ]
            },
            "properties": {
                "id": 1144480775,
                "station_name": "บ้านแก่งดินสอ",
                "tele_station_oldcode": "Kgt.15B",
                "tele_station_name": "บ้านแก่งดินสอ",
                "waterlevel_datetime": "2025-10-04 11:00",
                "waterlevel_msl": "16.12",
                "discharge": "32.00",
                "storage_percent": "44.76",
                "agency": "ชป.",
                "basin": "ลุ่มน้ำบางปะกง",
                "province": "ปราจีนบุรี",
                "amphoe": "นาดี",
                "tumbon": "แก่งดินสอ",
                "river_name": "แควโขมง"
            }
        },
        {
            "type": "Feature",
            "geometry": {
                "type": "Point",
                "coordinates": [
                    103.369171,
                    16.83222
                ]
            },
            "properties": {
                "id": 1144415123,
                "station_name": "บ้านดงสวรรค์",
                "tele_station_oldcode": "E.88",
                "tele_station_name": "บ้านดงสวรรค์",
                "waterlevel_datetime": "2025-10-04 06:00",
                "waterlevel_msl": "165.11",
                "discharge": "1.20",
                "storage_percent": "44.70",
                "agency": "ชป.",
                "basin": "ลุ่มน้ำชี",
                "province": "กาฬสินธุ์",
                "amphoe": "หนองกุงศรี",
                "tumbon": "หนองหิน",
                "river_name": "ห้วยมูล"
            }
        },
        {
            "type": "Feature",
            "geometry": {
                "type": "Point",
                "coordinates": [
                    102.477867,
                    12.4765
                ]
            },
            "properties": {
                "id": 1144480781,
                "station_name": "บ้านศรีบัวทอง",
                "tele_station_oldcode": "Z.10",
                "tele_station_name": "บ้านศรีบัวทอง",
                "waterlevel_datetime": "2025-10-04 11:00",
                "waterlevel_msl": "7.41",
                "discharge": "108.85",
                "storage_percent": "44.59",
                "agency": "ชป.",
                "basin": "ลุ่มน้ำชายฝั่งทะเลตะวันออก",
                "province": "ตราด",
                "amphoe": "เขาสมิง",
                "tumbon": "เทพนิมิต",
                "river_name": "แม่น้ำเขาสมิง"
            }
        },
        {
            "type": "Feature",
            "geometry": {
                "type": "Point",
                "coordinates": [
                    100.959114,
                    19.180199
                ]
            },
            "properties": {
                "id": 1144484455,
                "station_name": "ลำน้ำขว้าง (ฝายจ้าว)",
                "tele_station_oldcode": "FOP005",
                "tele_station_name": "ลำน้ำขว้าง (ฝายจ้าว)",
                "waterlevel_datetime": "2025-10-04 12:00",
                "waterlevel_msl": "294.56",
                "discharge": null,
                "storage_percent": "44.49",
                "agency": "พพภ",
                "basin": "ลุ่มน้ำน่าน",
                "province": "น่าน",
                "amphoe": "ปัว",
                "tumbon": "ศิลาแลง",
                "river_name": "น้ำขว้าง"
            }
        },
        {
            "type": "Feature",
            "geometry": {
                "type": "Point",
                "coordinates": [
                    99.23951,
                    18.045242
                ]
            },
            "properties": {
                "id": 1144484514,
                "station_name": "สะพานน้ำแม่ต๋ำ",
                "tele_station_oldcode": "MOU324",
                "tele_station_name": "สะพานน้ำแม่ต๋ำ",
                "waterlevel_datetime": "2025-10-04 12:00",
                "waterlevel_msl": "233.12",
                "discharge": null,
                "storage_percent": "44.30",
                "agency": "พพภ",
                "basin": "ลุ่มน้ำวัง",
                "province": "ลำปาง",
                "amphoe": "เสริมงาม",
                "tumbon": "ทุ่งงาม",
                "river_name": null
            }
        },
        {
            "type": "Feature",
            "geometry": {
                "type": "Point",
                "coordinates": [
                    98.467658,
                    17.387731
                ]
            },
            "properties": {
                "id": 1144470303,
                "station_name": "ห้วยแม่ตื่นที่ อ.อมก๋อย",
                "tele_station_oldcode": "BBBBU04",
                "tele_station_name": "ห้วยแม่ตื่นที่ อ.อมก๋อย",
                "waterlevel_datetime": "2025-10-04 11:00",
                "waterlevel_msl": "421.51",
                "discharge": null,
                "storage_percent": "44.22",
                "agency": "กฟผ.",
                "basin": "ลุ่มน้ำปิง",
                "province": "เชียงใหม่",
                "amphoe": "อมก๋อย",
                "tumbon": "ม่อนจอง",
                "river_name": null
            }
        },
        {
            "type": "Feature",
            "geometry": {
                "type": "Point",
                "coordinates": [
                    98.648537,
                    9.95839
                ]
            },
            "properties": {
                "id": 1144450236,
                "station_name": "คลองหาดส้มแป้น",
                "tele_station_oldcode": "X.209",
                "tele_station_name": "คลองหาดส้มแป้น",
                "waterlevel_datetime": "2025-10-04 09:00",
                "waterlevel_msl": "8.24",
                "discharge": "20.20",
                "storage_percent": "44.11",
                "agency": "ชป.",
                "basin": "ลุ่มน้ำภาคใต้ฝั่งตะวันตก",
                "province": "ระนอง",
                "amphoe": "เมืองระนอง",
                "tumbon": "บางริ้น",
                "river_name": "คลองหาดส้มแป้น"
            }
        },
        {
            "type": "Feature",
            "geometry": {
                "type": "Point",
                "coordinates": [
                    101.85744,
                    14.13648
                ]
            },
            "properties": {
                "id": 1144484774,
                "station_name": "คลองห้วยยาง",
                "tele_station_oldcode": "KIZ003",
                "tele_station_name": "คลองห้วยยาง",
                "waterlevel_datetime": "2025-10-04 12:00",
                "waterlevel_msl": "31.80",
                "discharge": null,
                "storage_percent": "43.92",
                "agency": "สสน.",
                "basin": "ลุ่มน้ำบางปะกง",
                "province": "ปราจีนบุรี",
                "amphoe": "นาดี",
                "tumbon": "ทุ่งโพธิ์",
                "river_name": "ห้วยยาง"
            }
        },
        {
            "type": "Feature",
            "geometry": {
                "type": "Point",
                "coordinates": [
                    99.677246,
                    7.372003
                ]
            },
            "properties": {
                "id": 1144485056,
                "station_name": "ปะเหลียน",
                "tele_station_oldcode": "TNG004",
                "tele_station_name": "ปะเหลียน",
                "waterlevel_datetime": "2025-10-04 12:00",
                "waterlevel_msl": "1.62",
                "discharge": null,
                "storage_percent": "43.66",
                "agency": "สสน.",
                "basin": "ลุ่มน้ำภาคใต้ฝั่งตะวันตก",
                "province": "ตรัง",
                "amphoe": "ปะเหลียน",
                "tumbon": "ท่าพญา",
                "river_name": "คลองปะเหลียน"
            }
        },
        {
            "type": "Feature",
            "geometry": {
                "type": "Point",
                "coordinates": [
                    100.72958,
                    6.916774
                ]
            },
            "properties": {
                "id": 1144484772,
                "station_name": "จะนะ",
                "tele_station_oldcode": "JNA001",
                "tele_station_name": "จะนะ",
                "waterlevel_datetime": "2025-10-04 12:00",
                "waterlevel_msl": "3.59",
                "discharge": null,
                "storage_percent": "43.66",
                "agency": "สสน.",
                "basin": "ลุ่มน้ำทะเลสาบสงขลา",
                "province": "สงขลา",
                "amphoe": "จะนะ",
                "tumbon": "บ้านนา",
                "river_name": "คลองลึก"
            }
        },
        {
            "type": "Feature",
            "geometry": {
                "type": "Point",
                "coordinates": [
                    100.63437,
                    13.92243
                ]
            },
            "properties": {
                "id": 1144484672,
                "station_name": "คลองลาดพร้าว ท้ายปตร.คลอง2",
                "tele_station_oldcode": "BKK001",
                "tele_station_name": "คลองลาดพร้าว ท้ายปตร.คลอง2",
                "waterlevel_datetime": "2025-10-04 12:00",
                "waterlevel_msl": "0.05",
                "discharge": null,
                "storage_percent": "43.63",
                "agency": "สสน.",
                "basin": "ลุ่มน้ำเจ้าพระยา",
                "province": "กรุงเทพมหานคร",
                "amphoe": "สายไหม",
                "tumbon": "สายไหม",
                "river_name": "คลองหกวา"
            }
        },
        {
            "type": "Feature",
            "geometry": {
                "type": "Point",
                "coordinates": [
                    99.178993,
                    14.09243
                ]
            },
            "properties": {
                "id": 1144482593,
                "station_name": "บ้านลุ่มสุ่ม",
                "tele_station_oldcode": "K.10",
                "tele_station_name": "บ้านลุ่มสุ่ม",
                "waterlevel_datetime": "2025-10-04 11:00",
                "waterlevel_msl": "33.32",
                "discharge": "188.57",
                "storage_percent": "43.58",
                "agency": "ชป.",
                "basin": "ลุ่มน้ำแม่กลอง",
                "province": "กาญจนบุรี",
                "amphoe": "ไทรโยค",
                "tumbon": "ลุ่มสุ่ม",
                "river_name": "แม่น้ำแควน้อย"
            }
        },
        {
            "type": "Feature",
            "geometry": {
                "type": "Point",
                "coordinates": [
                    99.77892,
                    19.82637
                ]
            },
            "properties": {
                "id": 1144484701,
                "station_name": "เมืองเชียงราย",
                "tele_station_oldcode": "CHR001",
                "tele_station_name": "เมืองเชียงราย",
                "waterlevel_datetime": "2025-10-04 12:00",
                "waterlevel_msl": "402.34",
                "discharge": null,
                "storage_percent": "43.38",
                "agency": "สสน.",
                "basin": "ลุ่มน้ำโขงเหนือ",
                "province": "เชียงราย",
                "amphoe": "เมืองเชียงราย",
                "tumbon": "ป่าอ้อดอนชัย",
                "river_name": "น้ำแม่ลาว"
            }
        },
        {
            "type": "Feature",
            "geometry": {
                "type": "Point",
                "coordinates": [
                    98.30672,
                    19.073076
                ]
            },
            "properties": {
                "id": 1144484476,
                "station_name": "ห้วยแม่แจ่ม",
                "tele_station_oldcode": "FOP052",
                "tele_station_name": "ห้วยแม่แจ่ม",
                "waterlevel_datetime": "2025-10-04 12:00",
                "waterlevel_msl": "950.79",
                "discharge": null,
                "storage_percent": "43.35",
                "agency": "พพภ",
                "basin": "ลุ่มน้ำปิง",
                "province": "เชียงใหม่",
                "amphoe": "กัลยาณิวัฒนา",
                "tumbon": "แจ่มหลวง",
                "river_name": "น้ำแม่แจ่ม"
            }
        },
        {
            "type": "Feature",
            "geometry": {
                "type": "Point",
                "coordinates": [
                    99.532204,
                    7.64556
                ]
            },
            "properties": {
                "id": 1144450193,
                "station_name": "บ้านกลาง",
                "tele_station_oldcode": "X.228",
                "tele_station_name": "บ้านกลาง",
                "waterlevel_datetime": "2025-10-04 09:00",
                "waterlevel_msl": "3.78",
                "discharge": "87.00",
                "storage_percent": "43.20",
                "agency": "ชป.",
                "basin": "ลุ่มน้ำภาคใต้ฝั่งตะวันตก",
                "province": "ตรัง",
                "amphoe": "เมืองตรัง",
                "tumbon": "นาท่ามใต้",
                "river_name": "แม่น้ำตรัง"
            }
        },
        {
            "type": "Feature",
            "geometry": {
                "type": "Point",
                "coordinates": [
                    99.81124,
                    17.58679
                ]
            },
            "properties": {
                "id": 1144484519,
                "station_name": "สะพานบ้านตึก",
                "tele_station_oldcode": "MOU346",
                "tele_station_name": "สะพานบ้านตึก",
                "waterlevel_datetime": "2025-10-04 12:00",
                "waterlevel_msl": "83.20",
                "discharge": null,
                "storage_percent": "43.14",
                "agency": "พพภ",
                "basin": "ลุ่มน้ำยม",
                "province": "สุโขทัย",
                "amphoe": "ศรีสัชนาลัย",
                "tumbon": "บ้านตึก",
                "river_name": null
            }
        },
        {
            "type": "Feature",
            "geometry": {
                "type": "Point",
                "coordinates": [
                    99.12897,
                    17.44521
                ]
            },
            "properties": {
                "id": 1144485079,
                "station_name": "แม่พริก",
                "tele_station_oldcode": "WAN002",
                "tele_station_name": "แม่พริก",
                "waterlevel_datetime": "2025-10-04 12:00",
                "waterlevel_msl": "149.01",
                "discharge": null,
                "storage_percent": "42.91",
                "agency": "สสน.",
                "basin": "ลุ่มน้ำวัง",
                "province": "ลำปาง",
                "amphoe": "แม่พริก",
                "tumbon": "แม่พริก",
                "river_name": "แม่น้ำวัง"
            }
        },
        {
            "type": "Feature",
            "geometry": {
                "type": "Point",
                "coordinates": [
                    99.678497,
                    12.86361
                ]
            },
            "properties": {
                "id": 1144485879,
                "station_name": "บ้านสองพี่น้อง",
                "tele_station_oldcode": "B.3A",
                "tele_station_name": "บ้านสองพี่น้อง",
                "waterlevel_datetime": "2025-10-04 12:00",
                "waterlevel_msl": "42.59",
                "discharge": "43.20",
                "storage_percent": "42.77",
                "agency": "ชป.",
                "basin": "ลุ่มน้ำเพชรบุรี-ประจวบคีรีขันธ์",
                "province": "เพชรบุรี",
                "amphoe": "แก่งกระจาน",
                "tumbon": "สองพี่น้อง",
                "river_name": "แม่น้ำเพชรบุรี"
            }
        },
        {
            "type": "Feature",
            "geometry": {
                "type": "Point",
                "coordinates": [
                    98.740107,
                    18.435266
                ]
            },
            "properties": {
                "id": 1144470296,
                "station_name": "แม่น้ำปิงที่ อ.จอมทอง",
                "tele_station_oldcode": "BBBBU01",
                "tele_station_name": "แม่น้ำปิงที่ อ.จอมทอง",
                "waterlevel_datetime": "2025-10-04 11:00",
                "waterlevel_msl": "274.58",
                "discharge": null,
                "storage_percent": "42.62",
                "agency": "กฟผ.",
                "basin": "ลุ่มน้ำปิง",
                "province": "เชียงใหม่",
                "amphoe": "ดอยหล่อ",
                "tumbon": "ดอยหล่อ",
                "river_name": null
            }
        },
        {
            "type": "Feature",
            "geometry": {
                "type": "Point",
                "coordinates": [
                    101.72767,
                    14.133574
                ]
            },
            "properties": {
                "id": 1144484930,
                "station_name": "นาดี",
                "tele_station_oldcode": "PRC003",
                "tele_station_name": "นาดี",
                "waterlevel_datetime": "2025-10-04 12:00",
                "waterlevel_msl": "11.44",
                "discharge": null,
                "storage_percent": "42.62",
                "agency": "สสน.",
                "basin": "ลุ่มน้ำบางปะกง",
                "province": "ปราจีนบุรี",
                "amphoe": "นาดี",
                "tumbon": "สะพานหิน",
                "river_name": "แควหนุมาน"
            }
        },
        {
            "type": "Feature",
            "geometry": {
                "type": "Point",
                "coordinates": [
                    100.754089,
                    19.23041
                ]
            },
            "properties": {
                "id": 1144478326,
                "station_name": "บ้านปางสา",
                "tele_station_oldcode": "N.65",
                "tele_station_name": "บ้านปางสา",
                "waterlevel_datetime": "2025-10-04 11:00",
                "waterlevel_msl": "251.05",
                "discharge": "59.25",
                "storage_percent": "42.50",
                "agency": "ชป.",
                "basin": "ลุ่มน้ำน่าน",
                "province": "น่าน",
                "amphoe": "ท่าวังผา",
                "tumbon": "ผาทอง",
                "river_name": "น้ำยาว"
            }
        },
        {
            "type": "Feature",
            "geometry": {
                "type": "Point",
                "coordinates": [
                    99.794022,
                    12.81337
                ]
            },
            "properties": {
                "id": 1144482624,
                "station_name": "เขาลูกช้าง",
                "tele_station_oldcode": "B.18",
                "tele_station_name": "เขาลูกช้าง",
                "waterlevel_datetime": "2025-10-04 11:00",
                "waterlevel_msl": "24.25",
                "discharge": "42.00",
                "storage_percent": "42.45",
                "agency": "ชป.",
                "basin": "ลุ่มน้ำเพชรบุรี-ประจวบคีรีขันธ์",
                "province": "เพชรบุรี",
                "amphoe": "ท่ายาง",
                "tumbon": "ท่าไม้รวก",
                "river_name": "แม่น้ำเพชรบุรี"
            }
        },
        {
            "type": "Feature",
            "geometry": {
                "type": "Point",
                "coordinates": [
                    100.442406,
                    6.796655
                ]
            },
            "properties": {
                "id": 1144485008,
                "station_name": "สะเดา",
                "tele_station_oldcode": "SLA003",
                "tele_station_name": "สะเดา",
                "waterlevel_datetime": "2025-10-04 12:00",
                "waterlevel_msl": "13.15",
                "discharge": null,
                "storage_percent": "42.23",
                "agency": "สสน.",
                "basin": "ลุ่มน้ำทะเลสาบสงขลา",
                "province": "สงขลา",
                "amphoe": "สะเดา",
                "tumbon": "ท่าโพธิ์",
                "river_name": "คลองอู่ตะเภา"
            }
        },
        {
            "type": "Feature",
            "geometry": {
                "type": "Point",
                "coordinates": [
                    100.0485,
                    7.56871
                ]
            },
            "properties": {
                "id": 1144450169,
                "station_name": "บ้านท่าแค",
                "tele_station_oldcode": "X.68",
                "tele_station_name": "บ้านท่าแค",
                "waterlevel_datetime": "2025-10-04 09:00",
                "waterlevel_msl": "13.55",
                "discharge": "6.20",
                "storage_percent": "42.20",
                "agency": "ชป.",
                "basin": "ลุ่มน้ำทะเลสาบสงขลา",
                "province": "พัทลุง",
                "amphoe": "เมืองพัทลุง",
                "tumbon": "ท่าแค",
                "river_name": "คลองท่าแค"
            }
        },
        {
            "type": "Feature",
            "geometry": {
                "type": "Point",
                "coordinates": [
                    99.07552,
                    10.112908
                ]
            },
            "properties": {
                "id": 1144484878,
                "station_name": "สะพานหนองจิก-วังปลา",
                "tele_station_oldcode": "ONE005",
                "tele_station_name": "สะพานหนองจิก-วังปลา",
                "waterlevel_datetime": "2025-10-04 12:00",
                "waterlevel_msl": "4.98",
                "discharge": null,
                "storage_percent": "42.03",
                "agency": "สสน.",
                "basin": "ลุ่มน้ำภาคใต้ฝั่งตะวันออกตอนบน",
                "province": "ชุมพร",
                "amphoe": "ทุ่งตะโก",
                "tumbon": "ช่องไม้แก้ว",
                "river_name": "คลองตะโก"
            }
        },
        {
            "type": "Feature",
            "geometry": {
                "type": "Point",
                "coordinates": [
                    99.141769,
                    10.59451
                ]
            },
            "properties": {
                "id": 1144450180,
                "station_name": "บ้านวังครก",
                "tele_station_oldcode": "X.158",
                "tele_station_name": "บ้านวังครก",
                "waterlevel_datetime": "2025-10-04 09:00",
                "waterlevel_msl": "5.27",
                "discharge": "117.50",
                "storage_percent": "41.94",
                "agency": "ชป.",
                "basin": "ลุ่มน้ำภาคใต้ฝั่งตะวันออกตอนบน",
                "province": "ชุมพร",
                "amphoe": "ท่าแซะ",
                "tumbon": "นากระตาม",
                "river_name": "คลองท่าตะเภา"
            }
        },
        {
            "type": "Feature",
            "geometry": {
                "type": "Point",
                "coordinates": [
                    101.415154,
                    14.69785
                ]
            },
            "properties": {
                "id": 1144478840,
                "station_name": "สำนักเทคโนโลยีชีวภัณฑ์สัตว์",
                "tele_station_oldcode": "M.89",
                "tele_station_name": "สำนักเทคโนโลยีชีวภัณฑ์สัตว์",
                "waterlevel_datetime": "2025-10-04 11:00",
                "waterlevel_msl": "293.82",
                "discharge": "21.60",
                "storage_percent": "41.69",
                "agency": "ชป.",
                "basin": "ลุ่มน้ำมูล",
                "province": "นครราชสีมา",
                "amphoe": "ปากช่อง",
                "tumbon": "ปากช่อง",
                "river_name": "คลองลำตะคอง"
            }
        },
        {
            "type": "Feature",
            "geometry": {
                "type": "Point",
                "coordinates": [
                    101.266197,
                    6.552715
                ]
            },
            "properties": {
                "id": 1144470477,
                "station_name": "สะพานท่าสาป อ.เมือง จ.ยะลา",
                "tele_station_oldcode": "BLGTD03",
                "tele_station_name": "สะพานท่าสาป อ.เมือง จ.ยะลา",
                "waterlevel_datetime": "2025-10-04 11:00",
                "waterlevel_msl": "13.09",
                "discharge": "104.74",
                "storage_percent": "41.61",
                "agency": "กฟผ.",
                "basin": "ลุ่มน้ำภาคใต้ฝั่งตะวันออกตอนล่าง",
                "province": "ยะลา",
                "amphoe": "เมืองยะลา",
                "tumbon": "สะเตง",
                "river_name": "แม่น้ำปัตตานี"
            }
        },
        {
            "type": "Feature",
            "geometry": {
                "type": "Point",
                "coordinates": [
                    101.274246,
                    14.24582
                ]
            },
            "properties": {
                "id": 1144480768,
                "station_name": "บ้านเขานางบวช",
                "tele_station_oldcode": "Ny.1B",
                "tele_station_name": "บ้านเขานางบวช",
                "waterlevel_datetime": "2025-10-04 11:00",
                "waterlevel_msl": "5.23",
                "discharge": "39.90",
                "storage_percent": "41.41",
                "agency": "ชป.",
                "basin": "ลุ่มน้ำบางปะกง",
                "province": "นครนายก",
                "amphoe": "เมืองนครนายก",
                "tumbon": "ศรีนาวา",
                "river_name": "แม่น้ำนครนายก"
            }
        },
        {
            "type": "Feature",
            "geometry": {
                "type": "Point",
                "coordinates": [
                    99.677269,
                    7.37199
                ]
            },
            "properties": {
                "id": 1144450217,
                "station_name": "บ้านย่านตาขาว",
                "tele_station_oldcode": "X.236",
                "tele_station_name": "บ้านย่านตาขาว",
                "waterlevel_datetime": "2025-10-04 09:00",
                "waterlevel_msl": "1.18",
                "discharge": "32.40",
                "storage_percent": "41.39",
                "agency": "ชป.",
                "basin": "ลุ่มน้ำภาคใต้ฝั่งตะวันตก",
                "province": "ตรัง",
                "amphoe": "ปะเหลียน",
                "tumbon": "ท่าพญา",
                "river_name": "คลองปะเหลียน"
            }
        },
        {
            "type": "Feature",
            "geometry": {
                "type": "Point",
                "coordinates": [
                    99.08004,
                    9.95473
                ]
            },
            "properties": {
                "id": 1144450214,
                "station_name": "ถนนลูกเสือ",
                "tele_station_oldcode": "X.212",
                "tele_station_name": "ถนนลูกเสือ",
                "waterlevel_datetime": "2025-10-04 09:00",
                "waterlevel_msl": "0.66",
                "discharge": "151.00",
                "storage_percent": "41.38",
                "agency": "ชป.",
                "basin": "ลุ่มน้ำภาคใต้ฝั่งตะวันออกตอนบน",
                "province": "ชุมพร",
                "amphoe": "หลังสวน",
                "tumbon": "แหลมทราย",
                "river_name": "คลองหลังสวน"
            }
        },
        {
            "type": "Feature",
            "geometry": {
                "type": "Point",
                "coordinates": [
                    98.94447,
                    19.12207
                ]
            },
            "properties": {
                "id": 1144484697,
                "station_name": "แม่แตง",
                "tele_station_oldcode": "CHM005",
                "tele_station_name": "แม่แตง",
                "waterlevel_datetime": "2025-10-04 12:00",
                "waterlevel_msl": "331.86",
                "discharge": null,
                "storage_percent": "41.27",
                "agency": "สสน.",
                "basin": "ลุ่มน้ำปิง",
                "province": "เชียงใหม่",
                "amphoe": "แม่แตง",
                "tumbon": "สันมหาพน",
                "river_name": "แม่น้ำแม่แตง"
            }
        },
        {
            "type": "Feature",
            "geometry": {
                "type": "Point",
                "coordinates": [
                    98.969587,
                    9.029581
                ]
            },
            "properties": {
                "id": 1144470619,
                "station_name": "สะพานท่าขนอน (วัดปราการ)อ.คีรีรัฐนิคม (X.36)",
                "tele_station_oldcode": "RPBRPBD06",
                "tele_station_name": "สะพานท่าขนอน (วัดปราการ)อ.คีรีรัฐนิคม (X.36)",
                "waterlevel_datetime": "2025-10-04 11:00",
                "waterlevel_msl": "3.18",
                "discharge": null,
                "storage_percent": "41.19",
                "agency": "กฟผ.",
                "basin": "ลุ่มน้ำภาคใต้ฝั่งตะวันออกตอนบน",
                "province": "สุราษฎร์ธานี",
                "amphoe": "คีรีรัฐนิคม",
                "tumbon": "ย่านยาว",
                "river_name": null
            }
        },
        {
            "type": "Feature",
            "geometry": {
                "type": "Point",
                "coordinates": [
                    100.780161,
                    19.015332
                ]
            },
            "properties": {
                "id": 1144471533,
                "station_name": "อ.ท่าวังผา (N.64)",
                "tele_station_oldcode": "SKU02",
                "tele_station_name": "อ.ท่าวังผา (N.64)",
                "waterlevel_datetime": "2025-10-04 11:00",
                "waterlevel_msl": "216.25",
                "discharge": null,
                "storage_percent": "41.05",
                "agency": "กฟผ.",
                "basin": "ลุ่มน้ำน่าน",
                "province": "น่าน",
                "amphoe": "เมืองน่าน",
                "tumbon": "ปอ",
                "river_name": "แม่น้ำน่าน"
            }
        },
        {
            "type": "Feature",
            "geometry": {
                "type": "Point",
                "coordinates": [
                    102.50487,
                    12.513423
                ]
            },
            "properties": {
                "id": 1144485067,
                "station_name": "คลองโสน",
                "tele_station_oldcode": "TRD006",
                "tele_station_name": "คลองโสน",
                "waterlevel_datetime": "2025-10-04 12:00",
                "waterlevel_msl": "9.68",
                "discharge": null,
                "storage_percent": "40.90",
                "agency": "สสน.",
                "basin": "ลุ่มน้ำชายฝั่งทะเลตะวันออก",
                "province": "ตราด",
                "amphoe": "เขาสมิง",
                "tumbon": "วังตะเคียน",
                "river_name": "คลองโสน"
            }
        },
        {
            "type": "Feature",
            "geometry": {
                "type": "Point",
                "coordinates": [
                    101.010826,
                    18.643177
                ]
            },
            "properties": {
                "id": 1144484498,
                "station_name": "สะพานน้ำว้า บ้านน้ำว้า",
                "tele_station_oldcode": "MOU045",
                "tele_station_name": "สะพานน้ำว้า บ้านน้ำว้า",
                "waterlevel_datetime": "2025-10-04 12:00",
                "waterlevel_msl": "246.20",
                "discharge": null,
                "storage_percent": "40.81",
                "agency": "พพภ",
                "basin": "ลุ่มน้ำน่าน",
                "province": "น่าน",
                "amphoe": "แม่จริม",
                "tumbon": "น้ำพาง",
                "river_name": "แม่น้ำน้ำว้า"
            }
        },
        {
            "type": "Feature",
            "geometry": {
                "type": "Point",
                "coordinates": [
                    98.48728,
                    17.37028
                ]
            },
            "properties": {
                "id": 1144484527,
                "station_name": "สะพานพญาอาทิตราช",
                "tele_station_oldcode": "MOU370",
                "tele_station_name": "สะพานพญาอาทิตราช",
                "waterlevel_datetime": "2025-10-04 12:00",
                "waterlevel_msl": "409.25",
                "discharge": null,
                "storage_percent": "40.81",
                "agency": "พพภ",
                "basin": "ลุ่มน้ำปิง",
                "province": "เชียงใหม่",
                "amphoe": "อมก๋อย",
                "tumbon": "ม่อนจอง",
                "river_name": null
            }
        },
        {
            "type": "Feature",
            "geometry": {
                "type": "Point",
                "coordinates": [
                    101.266294,
                    6.552798
                ]
            },
            "properties": {
                "id": 1144450202,
                "station_name": "บ้านท่าสาบ",
                "tele_station_oldcode": "X.40A",
                "tele_station_name": "บ้านท่าสาบ",
                "waterlevel_datetime": "2025-10-04 09:00",
                "waterlevel_msl": "12.94",
                "discharge": "92.20",
                "storage_percent": "40.77",
                "agency": "ชป.",
                "basin": "ลุ่มน้ำภาคใต้ฝั่งตะวันออกตอนล่าง",
                "province": "ยะลา",
                "amphoe": "เมืองยะลา",
                "tumbon": "สะเตง",
                "river_name": "แม่น้ำปัตตานี"
            }
        },
        {
            "type": "Feature",
            "geometry": {
                "type": "Point",
                "coordinates": [
                    102.145442,
                    16.88054
                ]
            },
            "properties": {
                "id": 1144471853,
                "station_name": "น้ำพอง อ.สีชมพู",
                "tele_station_oldcode": "URTU02",
                "tele_station_name": "น้ำพอง อ.สีชมพู",
                "waterlevel_datetime": "2025-10-04 11:00",
                "waterlevel_msl": "194.86",
                "discharge": "86.14",
                "storage_percent": "40.72",
                "agency": "กฟผ.",
                "basin": "ลุ่มน้ำชี",
                "province": "ขอนแก่น",
                "amphoe": "สีชมพู",
                "tumbon": "สีชมพู",
                "river_name": "ลำน้ำพอง"
            }
        },
        {
            "type": "Feature",
            "geometry": {
                "type": "Point",
                "coordinates": [
                    104.08213,
                    16.68523
                ]
            },
            "properties": {
                "id": 1144481214,
                "station_name": "บ้านสมสนุก",
                "tele_station_oldcode": "E.57A",
                "tele_station_name": "บ้านสมสนุก",
                "waterlevel_datetime": "2025-10-04 11:00",
                "waterlevel_msl": "173.48",
                "discharge": "0.40",
                "storage_percent": "40.65",
                "agency": "ชป.",
                "basin": "ลุ่มน้ำชี",
                "province": "กาฬสินธุ์",
                "amphoe": "เขาวง",
                "tumbon": "กุดสิมคุ้มใหม่",
                "river_name": "ลำพะยัง"
            }
        },
        {
            "type": "Feature",
            "geometry": {
                "type": "Point",
                "coordinates": [
                    98.43924,
                    18.230976
                ]
            },
            "properties": {
                "id": 1144484507,
                "station_name": "สะพานน้ำแม่แจ่ม",
                "tele_station_oldcode": "MOU299",
                "tele_station_name": "สะพานน้ำแม่แจ่ม",
                "waterlevel_datetime": "2025-10-04 12:00",
                "waterlevel_msl": "333.78",
                "discharge": null,
                "storage_percent": "40.62",
                "agency": "พพภ",
                "basin": "ลุ่มน้ำปิง",
                "province": "เชียงใหม่",
                "amphoe": "จอมทอง",
                "tumbon": "บ้านแปะ",
                "river_name": "น้ำแม่แจ่ม"
            }
        },
        {
            "type": "Feature",
            "geometry": {
                "type": "Point",
                "coordinates": [
                    100.489494,
                    20.030512
                ]
            },
            "properties": {
                "id": 1144484502,
                "station_name": "สะพานแม่น้ำงาว",
                "tele_station_oldcode": "MOU171",
                "tele_station_name": "สะพานแม่น้ำงาว",
                "waterlevel_datetime": "2025-10-04 12:00",
                "waterlevel_msl": "381.88",
                "discharge": null,
                "storage_percent": "40.53",
                "agency": "พพภ",
                "basin": "ลุ่มน้ำโขงเหนือ",
                "province": "เชียงราย",
                "amphoe": "เวียงแก่น",
                "tumbon": "ท่าข้าม",
                "river_name": "แม่น้ำงาว"
            }
        },
        {
            "type": "Feature",
            "geometry": {
                "type": "Point",
                "coordinates": [
                    99.23201,
                    17.641491
                ]
            },
            "properties": {
                "id": 1144478291,
                "station_name": "บ้านดอนชัย",
                "tele_station_oldcode": "W.3A",
                "tele_station_name": "บ้านดอนชัย",
                "waterlevel_datetime": "2025-10-04 11:00",
                "waterlevel_msl": "161.81",
                "discharge": "134.15",
                "storage_percent": "40.45",
                "agency": "ชป.",
                "basin": "ลุ่มน้ำวัง",
                "province": "ลำปาง",
                "amphoe": "เถิน",
                "tumbon": "ล้อมแรด",
                "river_name": "แม่น้ำวัง"
            }
        },
        {
            "type": "Feature",
            "geometry": {
                "type": "Point",
                "coordinates": [
                    100.39341,
                    6.63504
                ]
            },
            "properties": {
                "id": 1144450175,
                "station_name": "บ้านทุ่งปราบ",
                "tele_station_oldcode": "X.113",
                "tele_station_name": "บ้านทุ่งปราบ",
                "waterlevel_datetime": "2025-10-04 09:00",
                "waterlevel_msl": "33.41",
                "discharge": "8.20",
                "storage_percent": "40.38",
                "agency": "ชป.",
                "basin": "ลุ่มน้ำทะเลสาบสงขลา",
                "province": "สงขลา",
                "amphoe": "สะเดา",
                "tumbon": "สะเดา",
                "river_name": "คลองหล้าปัง"
            }
        },
        {
            "type": "Feature",
            "geometry": {
                "type": "Point",
                "coordinates": [
                    98.458527,
                    8.83334
                ]
            },
            "properties": {
                "id": 1144450212,
                "station_name": "บ้านรมณีย์",
                "tele_station_oldcode": "X.188A",
                "tele_station_name": "บ้านรมณีย์",
                "waterlevel_datetime": "2025-10-04 09:00",
                "waterlevel_msl": "14.01",
                "discharge": "20.25",
                "storage_percent": "40.13",
                "agency": "ชป.",
                "basin": "ลุ่มน้ำภาคใต้ฝั่งตะวันตก",
                "province": "พังงา",
                "amphoe": "กะปง",
                "tumbon": "รมณีย์",
                "river_name": "คลองรมณีย์"
            }
        },
        {
            "type": "Feature",
            "geometry": {
                "type": "Point",
                "coordinates": [
                    101.281776,
                    13.40472
                ]
            },
            "properties": {
                "id": 1144480762,
                "station_name": "บ้านท่าบุญมี",
                "tele_station_oldcode": "Kgt.19A",
                "tele_station_name": "บ้านท่าบุญมี",
                "waterlevel_datetime": "2025-10-04 11:00",
                "waterlevel_msl": "15.35",
                "discharge": "3.25",
                "storage_percent": "39.67",
                "agency": "ชป.",
                "basin": "ลุ่มน้ำบางปะกง",
                "province": "ชลบุรี",
                "amphoe": "เกาะจันทร์",
                "tumbon": "ท่าบุญมี",
                "river_name": "คลองท่าบุญมี"
            }
        },
        {
            "type": "Feature",
            "geometry": {
                "type": "Point",
                "coordinates": [
                    101.7726,
                    17.31235
                ]
            },
            "properties": {
                "id": 1144484775,
                "station_name": "วังสะพุง",
                "tele_station_oldcode": "KON001",
                "tele_station_name": "วังสะพุง",
                "waterlevel_datetime": "2025-10-04 12:00",
                "waterlevel_msl": "241.45",
                "discharge": null,
                "storage_percent": "39.63",
                "agency": "สสน.",
                "basin": "ลุ่มน้ำโขงตะวันออกเฉียงเหนือ",
                "province": "เลย",
                "amphoe": "วังสะพุง",
                "tumbon": "วังสะพุง",
                "river_name": "แม่น้ำเลย"
            }
        },
        {
            "type": "Feature",
            "geometry": {
                "type": "Point",
                "coordinates": [
                    99.95349,
                    20.47149
                ]
            },
            "properties": {
                "id": 1144411007,
                "station_name": "สะพานอูทูนอ่อง บ้านสบสาย",
                "tele_station_oldcode": "MYA003",
                "tele_station_name": "สะพานอูทูนอ่อง บ้านสบสาย",
                "waterlevel_datetime": "2025-10-04 07:30",
                "waterlevel_msl": "396.77",
                "discharge": null,
                "storage_percent": "39.57",
                "agency": "พพภ",
                "basin": "นอกประเทศไทย",
                "province": "สาธารณรัฐแห่งสหภาพเมียนมา",
                "amphoe": "",
                "tumbon": "",
                "river_name": null
            }
        },
        {
            "type": "Feature",
            "geometry": {
                "type": "Point",
                "coordinates": [
                    99.166328,
                    19.133591
                ]
            },
            "properties": {
                "id": 1144435541,
                "station_name": "บ้านสันปู่เลย",
                "tele_station_oldcode": "P.91",
                "tele_station_name": "บ้านสันปู่เลย",
                "waterlevel_datetime": "2025-10-04 08:00",
                "waterlevel_msl": "414.18",
                "discharge": "4.76",
                "storage_percent": "39.42",
                "agency": "ชป.",
                "basin": "ลุ่มน้ำปิง",
                "province": "เชียงใหม่",
                "amphoe": "พร้าว",
                "tumbon": "โหล่งขอด",
                "river_name": "น้ำแม่ขอด"
            }
        },
        {
            "type": "Feature",
            "geometry": {
                "type": "Point",
                "coordinates": [
                    101.615738,
                    12.85783
                ]
            },
            "properties": {
                "id": 1144480782,
                "station_name": "บ้านเขาวังไทร",
                "tele_station_oldcode": "Z.11",
                "tele_station_name": "บ้านเขาวังไทร",
                "waterlevel_datetime": "2025-10-04 11:00",
                "waterlevel_msl": "5.53",
                "discharge": "22.60",
                "storage_percent": "39.38",
                "agency": "ชป.",
                "basin": "ลุ่มน้ำชายฝั่งทะเลตะวันออก",
                "province": "ระยอง",
                "amphoe": "แกลง",
                "tumbon": "กระแสบน",
                "river_name": "แม่น้ำประแสร์"
            }
        },
        {
            "type": "Feature",
            "geometry": {
                "type": "Point",
                "coordinates": [
                    101.380348,
                    14.51204
                ]
            },
            "properties": {
                "id": 1144478839,
                "station_name": "บ้านท่ามะปรางค์",
                "tele_station_oldcode": "M.43A",
                "tele_station_name": "บ้านท่ามะปรางค์",
                "waterlevel_datetime": "2025-10-04 11:00",
                "waterlevel_msl": "373.15",
                "discharge": "11.50",
                "storage_percent": "39.17",
                "agency": "ชป.",
                "basin": "ลุ่มน้ำมูล",
                "province": "นครราชสีมา",
                "amphoe": "ปากช่อง",
                "tumbon": "หมูสี",
                "river_name": "คลองลำตะคอง"
            }
        },
        {
            "type": "Feature",
            "geometry": {
                "type": "Point",
                "coordinates": [
                    98.43969,
                    19.373863
                ]
            },
            "properties": {
                "id": 1144484908,
                "station_name": "ปาย",
                "tele_station_oldcode": "PAI002",
                "tele_station_name": "ปาย",
                "waterlevel_datetime": "2025-10-04 12:00",
                "waterlevel_msl": "501.24",
                "discharge": null,
                "storage_percent": "39.00",
                "agency": "สสน.",
                "basin": "ลุ่มน้ำสาละวิน",
                "province": "แม่ฮ่องสอน",
                "amphoe": "ปาย",
                "tumbon": "เวียงเหนือ",
                "river_name": "แม่น้ำปาย"
            }
        },
        {
            "type": "Feature",
            "geometry": {
                "type": "Point",
                "coordinates": [
                    103.496674,
                    16.952499
                ]
            },
            "properties": {
                "id": 1144481257,
                "station_name": "บ้านท่างาม",
                "tele_station_oldcode": "E.67",
                "tele_station_name": "บ้านท่างาม",
                "waterlevel_datetime": "2025-10-04 11:00",
                "waterlevel_msl": "164.02",
                "discharge": "17.64",
                "storage_percent": "38.85",
                "agency": "ชป.",
                "basin": "ลุ่มน้ำชี",
                "province": "กาฬสินธุ์",
                "amphoe": "สามชัย",
                "tumbon": "สำราญ",
                "river_name": "ลำพันชาด"
            }
        },
        {
            "type": "Feature",
            "geometry": {
                "type": "Point",
                "coordinates": [
                    99.645477,
                    13.95094
                ]
            },
            "properties": {
                "id": 1144485863,
                "station_name": "บ้านวังขนาย",
                "tele_station_oldcode": "K.11A",
                "tele_station_name": "บ้านวังขนาย",
                "waterlevel_datetime": "2025-10-04 12:00",
                "waterlevel_msl": "11.25",
                "discharge": "115.25",
                "storage_percent": "38.57",
                "agency": "ชป.",
                "basin": "ลุ่มน้ำแม่กลอง",
                "province": "กาญจนบุรี",
                "amphoe": "ท่าม่วง",
                "tumbon": "วังขนาย",
                "river_name": "แม่น้ำแม่กลอง"
            }
        },
        {
            "type": "Feature",
            "geometry": {
                "type": "Point",
                "coordinates": [
                    100.12121,
                    20.2197
                ]
            },
            "properties": {
                "id": 1144484705,
                "station_name": "เชียงแสน",
                "tele_station_oldcode": "CHR005",
                "tele_station_name": "เชียงแสน",
                "waterlevel_datetime": "2025-10-04 12:00",
                "waterlevel_msl": "358.89",
                "discharge": null,
                "storage_percent": "38.49",
                "agency": "สสน.",
                "basin": "ลุ่มน้ำโขงเหนือ",
                "province": "เชียงราย",
                "amphoe": "เชียงแสน",
                "tumbon": "โยนก",
                "river_name": "แม่น้ำกก"
            }
        },
        {
            "type": "Feature",
            "geometry": {
                "type": "Point",
                "coordinates": [
                    100.21413,
                    17.668222
                ]
            },
            "properties": {
                "id": 1144471549,
                "station_name": "บ้านผาจุก",
                "tele_station_oldcode": "SKD02",
                "tele_station_name": "บ้านผาจุก",
                "waterlevel_datetime": "2025-10-04 11:00",
                "waterlevel_msl": "58.17",
                "discharge": null,
                "storage_percent": "38.49",
                "agency": "กฟผ.",
                "basin": "ลุ่มน้ำน่าน",
                "province": "อุตรดิตถ์",
                "amphoe": "เมืองอุตรดิตถ์",
                "tumbon": "ผาจุก",
                "river_name": "แม่น้ำน่าน"
            }
        },
        {
            "type": "Feature",
            "geometry": {
                "type": "Point",
                "coordinates": [
                    99.51865,
                    16.47813
                ]
            },
            "properties": {
                "id": 1144484921,
                "station_name": "เมืองกำแพงเพชร (P7A)",
                "tele_station_oldcode": "PIN006",
                "tele_station_name": "เมืองกำแพงเพชร (P7A)",
                "waterlevel_datetime": "2025-10-04 12:00",
                "waterlevel_msl": "73.30",
                "discharge": null,
                "storage_percent": "38.46",
                "agency": "สสน.",
                "basin": "ลุ่มน้ำปิง",
                "province": "กำแพงเพชร",
                "amphoe": "เมืองกำแพงเพชร",
                "tumbon": "นครชุม",
                "river_name": "แม่น้ำปิง"
            }
        },
        {
            "type": "Feature",
            "geometry": {
                "type": "Point",
                "coordinates": [
                    101.94426,
                    16.847639
                ]
            },
            "properties": {
                "id": 1144481231,
                "station_name": "บ้านผานกเค้า",
                "tele_station_oldcode": "E.29A",
                "tele_station_name": "บ้านผานกเค้า",
                "waterlevel_datetime": "2025-10-04 11:00",
                "waterlevel_msl": "231.98",
                "discharge": "29.72",
                "storage_percent": "38.34",
                "agency": "ชป.",
                "basin": "ลุ่มน้ำชี",
                "province": "เลย",
                "amphoe": "ภูกระดึง",
                "tumbon": "ผานกเค้า",
                "river_name": "น้ำพอง"
            }
        },
        {
            "type": "Feature",
            "geometry": {
                "type": "Point",
                "coordinates": [
                    99.123009,
                    16.854561
                ]
            },
            "properties": {
                "id": 1144479496,
                "station_name": "บ้านท่าแค",
                "tele_station_oldcode": "P.2A",
                "tele_station_name": "บ้านท่าแค",
                "waterlevel_datetime": "2025-10-04 11:00",
                "waterlevel_msl": "105.35",
                "discharge": "385.10",
                "storage_percent": "38.30",
                "agency": "ชป.",
                "basin": "ลุ่มน้ำปิง",
                "province": "ตาก",
                "amphoe": "เมืองตาก",
                "tumbon": "เทศบาลเมืองตาก",
                "river_name": "แม่น้ำปิง"
            }
        },
        {
            "type": "Feature",
            "geometry": {
                "type": "Point",
                "coordinates": [
                    98.796623,
                    18.59133
                ]
            },
            "properties": {
                "id": 1144478310,
                "station_name": "บ้านพันตน",
                "tele_station_oldcode": "P.84",
                "tele_station_name": "บ้านพันตน",
                "waterlevel_datetime": "2025-10-04 11:00",
                "waterlevel_msl": "304.69",
                "discharge": "14.91",
                "storage_percent": "38.26",
                "agency": "ชป.",
                "basin": "ลุ่มน้ำปิง",
                "province": "เชียงใหม่",
                "amphoe": "แม่วาง",
                "tumbon": "บ้านกาด",
                "river_name": "น้ำแม่วาง"
            }
        },
        {
            "type": "Feature",
            "geometry": {
                "type": "Point",
                "coordinates": [
                    99.51753,
                    19.301777
                ]
            },
            "properties": {
                "id": 1144484485,
                "station_name": "สะพานข้ามแม่น้ำลาว-บ้านป่าสัก",
                "tele_station_oldcode": "FOP065",
                "tele_station_name": "สะพานข้ามแม่น้ำลาว-บ้านป่าสัก",
                "waterlevel_datetime": "2025-10-04 12:00",
                "waterlevel_msl": "544.71",
                "discharge": null,
                "storage_percent": "38.20",
                "agency": "พพภ",
                "basin": "ลุ่มน้ำโขงเหนือ",
                "province": "เชียงราย",
                "amphoe": "เวียงป่าเป้า",
                "tumbon": "ป่างิ้ว",
                "river_name": "น้ำแม่ลาว"
            }
        },
        {
            "type": "Feature",
            "geometry": {
                "type": "Point",
                "coordinates": [
                    100.031891,
                    15.45274
                ]
            },
            "properties": {
                "id": 1144479442,
                "station_name": "บ้านดอนใหญ่",
                "tele_station_oldcode": "Ct.19",
                "tele_station_name": "บ้านดอนใหญ่",
                "waterlevel_datetime": "2025-10-04 11:00",
                "waterlevel_msl": "19.67",
                "discharge": null,
                "storage_percent": "38.18",
                "agency": "ชป.",
                "basin": "ลุ่มน้ำสะแกกรัง",
                "province": "อุทัยธานี",
                "amphoe": "เมืองอุทัยธานี",
                "tumbon": "หนองไผ่แบน",
                "river_name": "น้ำตากแดด"
            }
        },
        {
            "type": "Feature",
            "geometry": {
                "type": "Point",
                "coordinates": [
                    98.349678,
                    7.9034
                ]
            },
            "properties": {
                "id": 1144450213,
                "station_name": "บ้านเก็ตโฮ่",
                "tele_station_oldcode": "X.190A",
                "tele_station_name": "บ้านเก็ตโฮ่",
                "waterlevel_datetime": "2025-10-04 09:00",
                "waterlevel_msl": "15.17",
                "discharge": "5.40",
                "storage_percent": "38.03",
                "agency": "ชป.",
                "basin": "ลุ่มน้ำภาคใต้ฝั่งตะวันตก",
                "province": "ภูเก็ต",
                "amphoe": "กะทู้",
                "tumbon": "กะทู้",
                "river_name": "คลองเก็ตโฮ"
            }
        },
        {
            "type": "Feature",
            "geometry": {
                "type": "Point",
                "coordinates": [
                    99.842,
                    12.50847
                ]
            },
            "properties": {
                "id": 1144484933,
                "station_name": "หัวหิน",
                "tele_station_oldcode": "PRN002",
                "tele_station_name": "หัวหิน",
                "waterlevel_datetime": "2025-10-04 12:00",
                "waterlevel_msl": "29.12",
                "discharge": null,
                "storage_percent": "37.91",
                "agency": "สสน.",
                "basin": "ลุ่มน้ำเพชรบุรี-ประจวบคีรีขันธ์",
                "province": "ประจวบคีรีขันธ์",
                "amphoe": "หัวหิน",
                "tumbon": "ทับใต้",
                "river_name": "ห้วยมงคล"
            }
        },
        {
            "type": "Feature",
            "geometry": {
                "type": "Point",
                "coordinates": [
                    99.860611,
                    8.42813
                ]
            },
            "properties": {
                "id": 1144022461,
                "station_name": "บ้านวังก้อง",
                "tele_station_oldcode": "X.70",
                "tele_station_name": "บ้านวังก้อง",
                "waterlevel_datetime": "2025-10-03 06:00",
                "waterlevel_msl": "15.76",
                "discharge": "0.68",
                "storage_percent": "37.71",
                "agency": "ชป.",
                "basin": "ลุ่มน้ำภาคใต้ฝั่งตะวันออกตอนบน",
                "province": "นครศรีธรรมราช",
                "amphoe": "เมืองนครศรีธรรมราช",
                "tumbon": "กำแพงเซา",
                "river_name": "คลองบ้านตาล"
            }
        },
        {
            "type": "Feature",
            "geometry": {
                "type": "Point",
                "coordinates": [
                    99.569283,
                    8.555
                ]
            },
            "properties": {
                "id": 1144450196,
                "station_name": "บ้านควนกลาง (1)",
                "tele_station_oldcode": "X.243",
                "tele_station_name": "บ้านควนกลาง (1)",
                "waterlevel_datetime": "2025-10-04 09:00",
                "waterlevel_msl": "40.13",
                "discharge": "21.90",
                "storage_percent": "37.50",
                "agency": "ชป.",
                "basin": "ลุ่มน้ำภาคใต้ฝั่งตะวันออกตอนบน",
                "province": "นครศรีธรรมราช",
                "amphoe": "พิปูน",
                "tumbon": "กะทูน",
                "river_name": "แม่น้ำตาปี"
            }
        },
        {
            "type": "Feature",
            "geometry": {
                "type": "Point",
                "coordinates": [
                    99.746094,
                    8.73097
                ]
            },
            "properties": {
                "id": 1144450177,
                "station_name": "บ้านท้า่ยนา",
                "tele_station_oldcode": "X.149",
                "tele_station_name": "บ้านท้า่ยนา",
                "waterlevel_datetime": "2025-10-04 09:00",
                "waterlevel_msl": "27.86",
                "discharge": "65.30",
                "storage_percent": "37.43",
                "agency": "ชป.",
                "basin": "ลุ่มน้ำภาคใต้ฝั่งตะวันออกตอนบน",
                "province": "นครศรีธรรมราช",
                "amphoe": "นบพิตำ",
                "tumbon": "นบพิตำ",
                "river_name": "คลองกลาย"
            }
        },
        {
            "type": "Feature",
            "geometry": {
                "type": "Point",
                "coordinates": [
                    98.876945,
                    9.282472
                ]
            },
            "properties": {
                "id": 1144484463,
                "station_name": "สะพานบางไตประชาบริรักษ์",
                "tele_station_oldcode": "FOP025",
                "tele_station_name": "สะพานบางไตประชาบริรักษ์",
                "waterlevel_datetime": "2025-10-04 12:00",
                "waterlevel_msl": "47.28",
                "discharge": null,
                "storage_percent": "36.91",
                "agency": "พพภ",
                "basin": "ลุ่มน้ำภาคใต้ฝั่งตะวันออกตอนบน",
                "province": "สุราษฎร์ธานี",
                "amphoe": "วิภาวดี",
                "tumbon": "ตะกุกเหนือ",
                "river_name": "คลองยัน"
            }
        },
        {
            "type": "Feature",
            "geometry": {
                "type": "Point",
                "coordinates": [
                    101.285399,
                    6.715493
                ]
            },
            "properties": {
                "id": 1144450227,
                "station_name": "บ้านปรีกี",
                "tele_station_oldcode": "X.283",
                "tele_station_name": "บ้านปรีกี",
                "waterlevel_datetime": "2025-10-04 09:00",
                "waterlevel_msl": "5.00",
                "discharge": null,
                "storage_percent": "36.89",
                "agency": "ชป.",
                "basin": "ลุ่มน้ำภาคใต้ฝั่งตะวันออกตอนล่าง",
                "province": "ปัตตานี",
                "amphoe": "ยะรัง",
                "tumbon": "กระโด",
                "river_name": "แม่น้ำปัตตานี"
            }
        },
        {
            "type": "Feature",
            "geometry": {
                "type": "Point",
                "coordinates": [
                    98.964401,
                    10.50334
                ]
            },
            "properties": {
                "id": 1144450191,
                "station_name": "บ้านท่าไม้ลาย",
                "tele_station_oldcode": "X.201A",
                "tele_station_name": "บ้านท่าไม้ลาย",
                "waterlevel_datetime": "2025-10-04 09:00",
                "waterlevel_msl": "37.79",
                "discharge": "8.85",
                "storage_percent": "36.81",
                "agency": "ชป.",
                "basin": "ลุ่มน้ำภาคใต้ฝั่งตะวันออกตอนบน",
                "province": "ชุมพร",
                "amphoe": "เมืองชุมพร",
                "tumbon": "บ้านนา",
                "river_name": "คลองชุมพร"
            }
        },
        {
            "type": "Feature",
            "geometry": {
                "type": "Point",
                "coordinates": [
                    99.55148,
                    7.729382
                ]
            },
            "properties": {
                "id": 1144485053,
                "station_name": "ท่าสะบ้า",
                "tele_station_oldcode": "TNG001",
                "tele_station_name": "ท่าสะบ้า",
                "waterlevel_datetime": "2025-10-04 12:00",
                "waterlevel_msl": "7.34",
                "discharge": null,
                "storage_percent": "36.76",
                "agency": "สสน.",
                "basin": "ลุ่มน้ำภาคใต้ฝั่งตะวันตก",
                "province": "ตรัง",
                "amphoe": "วังวิเศษ",
                "tumbon": "ท่าสะบ้า",
                "river_name": "แม่น้ำตรัง"
            }
        },
        {
            "type": "Feature",
            "geometry": {
                "type": "Point",
                "coordinates": [
                    99.81636,
                    13.63307
                ]
            },
            "properties": {
                "id": 1142785621,
                "station_name": "โพธาราม",
                "tele_station_oldcode": "RAJ001",
                "tele_station_name": "โพธาราม",
                "waterlevel_datetime": "2025-09-30 14:10",
                "waterlevel_msl": "0.91",
                "discharge": null,
                "storage_percent": "36.76",
                "agency": "สสน.",
                "basin": "ลุ่มน้ำแม่กลอง",
                "province": "ราชบุรี",
                "amphoe": "โพธาราม",
                "tumbon": "เจ็ดเสมียน",
                "river_name": "แม่น้ำแม่กลอง"
            }
        },
        {
            "type": "Feature",
            "geometry": {
                "type": "Point",
                "coordinates": [
                    100.808617,
                    18.548273
                ]
            },
            "properties": {
                "id": 1144471545,
                "station_name": "อ.เวียงสา (N.75)  น้ำว้า",
                "tele_station_oldcode": "SKU07",
                "tele_station_name": "อ.เวียงสา (N.75)  น้ำว้า",
                "waterlevel_datetime": "2025-10-04 11:00",
                "waterlevel_msl": "186.91",
                "discharge": null,
                "storage_percent": "36.76",
                "agency": "กฟผ.",
                "basin": "ลุ่มน้ำน่าน",
                "province": "น่าน",
                "amphoe": "เวียงสา",
                "tumbon": "ไหล่น่าน",
                "river_name": "แม่น้ำน้ำว้า"
            }
        },
        {
            "type": "Feature",
            "geometry": {
                "type": "Point",
                "coordinates": [
                    98.91993,
                    9.492355
                ]
            },
            "properties": {
                "id": 1144484904,
                "station_name": "สะพานข้ามคลองปากหมาก",
                "tele_station_oldcode": "ONE045",
                "tele_station_name": "สะพานข้ามคลองปากหมาก",
                "waterlevel_datetime": "2025-10-04 12:00",
                "waterlevel_msl": "97.29",
                "discharge": null,
                "storage_percent": "36.70",
                "agency": "สสน.",
                "basin": "ลุ่มน้ำภาคใต้ฝั่งตะวันออกตอนบน",
                "province": "สุราษฎร์ธานี",
                "amphoe": "ไชยา",
                "tumbon": "ปากหมาก",
                "river_name": "คลองปากหมาก"
            }
        },
        {
            "type": "Feature",
            "geometry": {
                "type": "Point",
                "coordinates": [
                    102.206421,
                    12.74451
                ]
            },
            "properties": {
                "id": 1144480784,
                "station_name": "บ้านฉมัน",
                "tele_station_oldcode": "Z.14",
                "tele_station_name": "บ้านฉมัน",
                "waterlevel_datetime": "2025-10-04 11:00",
                "waterlevel_msl": "8.36",
                "discharge": "31.20",
                "storage_percent": "36.42",
                "agency": "ชป.",
                "basin": "ลุ่มน้ำชายฝั่งทะเลตะวันออก",
                "province": "จันทบุรี",
                "amphoe": "มะขาม",
                "tumbon": "ฉมัน",
                "river_name": "คลองฉมัน"
            }
        },
        {
            "type": "Feature",
            "geometry": {
                "type": "Point",
                "coordinates": [
                    99.06628,
                    17.04066
                ]
            },
            "properties": {
                "id": 1144484916,
                "station_name": "บ้านตาก",
                "tele_station_oldcode": "PIN001",
                "tele_station_name": "บ้านตาก",
                "waterlevel_datetime": "2025-10-04 12:00",
                "waterlevel_msl": "119.13",
                "discharge": null,
                "storage_percent": "36.31",
                "agency": "สสน.",
                "basin": "ลุ่มน้ำปิง",
                "province": "ตาก",
                "amphoe": "บ้านตาก",
                "tumbon": "ตากตก",
                "river_name": "แม่น้ำปิง"
            }
        },
        {
            "type": "Feature",
            "geometry": {
                "type": "Point",
                "coordinates": [
                    98.66199,
                    18.507513
                ]
            },
            "properties": {
                "id": 1144484505,
                "station_name": "สะพานน้ำแม่กลาง",
                "tele_station_oldcode": "MOU294",
                "tele_station_name": "สะพานน้ำแม่กลาง",
                "waterlevel_datetime": "2025-10-04 12:00",
                "waterlevel_msl": "429.71",
                "discharge": null,
                "storage_percent": "36.12",
                "agency": "พพภ",
                "basin": "ลุ่มน้ำปิง",
                "province": "เชียงใหม่",
                "amphoe": "จอมทอง",
                "tumbon": "บ้านหลวง",
                "river_name": null
            }
        },
        {
            "type": "Feature",
            "geometry": {
                "type": "Point",
                "coordinates": [
                    100.901245,
                    19.286133
                ]
            },
            "properties": {
                "id": 1144484494,
                "station_name": "สะพานน้ำกอน บ้านพญาแก้ว",
                "tele_station_oldcode": "MOU032",
                "tele_station_name": "สะพานน้ำกอน บ้านพญาแก้ว",
                "waterlevel_datetime": "2025-10-04 12:00",
                "waterlevel_msl": "266.73",
                "discharge": null,
                "storage_percent": "35.86",
                "agency": "พพภ",
                "basin": "ลุ่มน้ำน่าน",
                "province": "น่าน",
                "amphoe": "เชียงกลาง",
                "tumbon": "พญาแก้ว",
                "river_name": "น้ำกอน"
            }
        },
        {
            "type": "Feature",
            "geometry": {
                "type": "Point",
                "coordinates": [
                    99.445221,
                    14.05861
                ]
            },
            "properties": {
                "id": 1144485866,
                "station_name": "บ้านหนองบัว",
                "tele_station_oldcode": "K.35A",
                "tele_station_name": "บ้านหนองบัว",
                "waterlevel_datetime": "2025-10-04 12:00",
                "waterlevel_msl": "24.10",
                "discharge": "64.00",
                "storage_percent": "35.81",
                "agency": "ชป.",
                "basin": "ลุ่มน้ำแม่กลอง",
                "province": "กาญจนบุรี",
                "amphoe": "เมืองกาญจนบุรี",
                "tumbon": "หนองบัว",
                "river_name": "แม่น้ำแควใหญ่"
            }
        },
        {
            "type": "Feature",
            "geometry": {
                "type": "Point",
                "coordinates": [
                    100.879089,
                    17.997021
                ]
            },
            "properties": {
                "id": 1144479483,
                "station_name": "บ้านฟากท่า",
                "tele_station_oldcode": "N.39",
                "tele_station_name": "บ้านฟากท่า",
                "waterlevel_datetime": "2025-10-04 11:00",
                "waterlevel_msl": "210.54",
                "discharge": null,
                "storage_percent": "35.75",
                "agency": "ชป.",
                "basin": "ลุ่มน้ำน่าน",
                "province": "อุตรดิตถ์",
                "amphoe": "ฟากท่า",
                "tumbon": "ฟากท่า",
                "river_name": "น้ำปาด"
            }
        },
        {
            "type": "Feature",
            "geometry": {
                "type": "Point",
                "coordinates": [
                    99.576874,
                    7.58883
                ]
            },
            "properties": {
                "id": 1144450195,
                "station_name": "บ้านป่าหมาก",
                "tele_station_oldcode": "X.234",
                "tele_station_name": "บ้านป่าหมาก",
                "waterlevel_datetime": "2025-10-04 09:00",
                "waterlevel_msl": "1.08",
                "discharge": "29.40",
                "storage_percent": "35.71",
                "agency": "ชป.",
                "basin": "ลุ่มน้ำภาคใต้ฝั่งตะวันตก",
                "province": "ตรัง",
                "amphoe": "เมืองตรัง",
                "tumbon": "นาตาล่วง",
                "river_name": "แม่น้ำตรัง"
            }
        },
        {
            "type": "Feature",
            "geometry": {
                "type": "Point",
                "coordinates": [
                    100.891777,
                    16.56912
                ]
            },
            "properties": {
                "id": 1144479527,
                "station_name": "บ้านทานตะวัน",
                "tele_station_oldcode": "N.73",
                "tele_station_name": "บ้านทานตะวัน",
                "waterlevel_datetime": "2025-10-04 11:00",
                "waterlevel_msl": "687.65",
                "discharge": "24.35",
                "storage_percent": "35.62",
                "agency": "ชป.",
                "basin": "ลุ่มน้ำน่าน",
                "province": "เพชรบูรณ์",
                "amphoe": "เขาค้อ",
                "tumbon": "หนองแม่นา",
                "river_name": "น้ำเข็ก"
            }
        },
        {
            "type": "Feature",
            "geometry": {
                "type": "Point",
                "coordinates": [
                    98.86259,
                    18.77196
                ]
            },
            "properties": {
                "id": 1144484490,
                "station_name": "สะพานห้วยแม่ตาช้าง",
                "tele_station_oldcode": "MOU010",
                "tele_station_name": "สะพานห้วยแม่ตาช้าง",
                "waterlevel_datetime": "2025-10-04 12:00",
                "waterlevel_msl": "379.84",
                "discharge": null,
                "storage_percent": "35.54",
                "agency": "พพภ",
                "basin": "ลุ่มน้ำปิง",
                "province": "เชียงใหม่",
                "amphoe": "หางดง",
                "tumbon": "บ้านปง",
                "river_name": "ห้วยแม่ท่าช้าง"
            }
        },
        {
            "type": "Feature",
            "geometry": {
                "type": "Point",
                "coordinates": [
                    101.182086,
                    5.920578
                ]
            },
            "properties": {
                "id": 1144470476,
                "station_name": "สะพานบ้าน กม.29 อ.เบตง จ.ยะลา",
                "tele_station_oldcode": "BLGTU02",
                "tele_station_name": "สะพานบ้าน กม.29 อ.เบตง จ.ยะลา",
                "waterlevel_datetime": "2025-10-04 11:00",
                "waterlevel_msl": "117.44",
                "discharge": "48.59",
                "storage_percent": "35.53",
                "agency": "กฟผ.",
                "basin": "ลุ่มน้ำภาคใต้ฝั่งตะวันออกตอนล่าง",
                "province": "ยะลา",
                "amphoe": "เบตง",
                "tumbon": "อัยเยอร์เวง",
                "river_name": "แม่น้ำปัตตานี"
            }
        },
        {
            "type": "Feature",
            "geometry": {
                "type": "Point",
                "coordinates": [
                    100.17706,
                    18.26591
                ]
            },
            "properties": {
                "id": 1144485091,
                "station_name": "หนองม่วงไข่",
                "tele_station_oldcode": "YOM003",
                "tele_station_name": "หนองม่วงไข่",
                "waterlevel_datetime": "2025-10-04 12:00",
                "waterlevel_msl": "155.07",
                "discharge": null,
                "storage_percent": "35.29",
                "agency": "สสน.",
                "basin": "ลุ่มน้ำยม",
                "province": "แพร่",
                "amphoe": "หนองม่วงไข่",
                "tumbon": "น้ำรัด",
                "river_name": "แม่น้ำยม"
            }
        },
        {
            "type": "Feature",
            "geometry": {
                "type": "Point",
                "coordinates": [
                    99.53743,
                    7.77079
                ]
            },
            "properties": {
                "id": 1144450161,
                "station_name": "บ้านท่าประดู่",
                "tele_station_oldcode": "X.56",
                "tele_station_name": "บ้านท่าประดู่",
                "waterlevel_datetime": "2025-10-04 09:00",
                "waterlevel_msl": "8.99",
                "discharge": "51.25",
                "storage_percent": "35.26",
                "agency": "ชป.",
                "basin": "ลุ่มน้ำภาคใต้ฝั่งตะวันตก",
                "province": "ตรัง",
                "amphoe": "ห้วยยอด",
                "tumbon": "นาวง",
                "river_name": "แม่น้ำตรัง"
            }
        },
        {
            "type": "Feature",
            "geometry": {
                "type": "Point",
                "coordinates": [
                    99.43257,
                    16.6282
                ]
            },
            "properties": {
                "id": 1144484918,
                "station_name": "สะพานลานดอกไม้",
                "tele_station_oldcode": "PIN003",
                "tele_station_name": "สะพานลานดอกไม้",
                "waterlevel_datetime": "2025-10-04 12:00",
                "waterlevel_msl": "81.72",
                "discharge": null,
                "storage_percent": "35.11",
                "agency": "สสน.",
                "basin": "ลุ่มน้ำปิง",
                "province": "กำแพงเพชร",
                "amphoe": "เมืองกำแพงเพชร",
                "tumbon": "ลานดอกไม้",
                "river_name": "แม่น้ำปิง"
            }
        },
        {
            "type": "Feature",
            "geometry": {
                "type": "Point",
                "coordinates": [
                    99.936,
                    6.928384
                ]
            },
            "properties": {
                "id": 1144485013,
                "station_name": "ควนกาหลง",
                "tele_station_oldcode": "STU004",
                "tele_station_name": "ควนกาหลง",
                "waterlevel_datetime": "2025-10-04 12:00",
                "waterlevel_msl": "21.86",
                "discharge": null,
                "storage_percent": "34.79",
                "agency": "สสน.",
                "basin": "ลุ่มน้ำภาคใต้ฝั่งตะวันตก",
                "province": "สตูล",
                "amphoe": "ควนกาหลง",
                "tumbon": "อุใดเจริญ",
                "river_name": "คลองลำโลน"
            }
        },
        {
            "type": "Feature",
            "geometry": {
                "type": "Point",
                "coordinates": [
                    102.092941,
                    14.98457
                ]
            },
            "properties": {
                "id": 1144478841,
                "station_name": "ตำบลในเมือง",
                "tele_station_oldcode": "M.164",
                "tele_station_name": "ตำบลในเมือง",
                "waterlevel_datetime": "2025-10-04 11:00",
                "waterlevel_msl": "175.65",
                "discharge": null,
                "storage_percent": "34.78",
                "agency": "ชป.",
                "basin": "ลุ่มน้ำมูล",
                "province": "นครราชสีมา",
                "amphoe": "เมืองนครราชสีมา",
                "tumbon": "บ้านเกาะ",
                "river_name": "ลำตะคองเก่า"
            }
        },
        {
            "type": "Feature",
            "geometry": {
                "type": "Point",
                "coordinates": [
                    99.125294,
                    16.856702
                ]
            },
            "properties": {
                "id": 1144470312,
                "station_name": "แม่น้ำปิงที่ อ.เมืองตาก (P.2A)",
                "tele_station_oldcode": "BBBBD04",
                "tele_station_name": "แม่น้ำปิงที่ อ.เมืองตาก (P.2A)",
                "waterlevel_datetime": "2025-10-04 11:00",
                "waterlevel_msl": "105.38",
                "discharge": null,
                "storage_percent": "34.55",
                "agency": "กฟผ.",
                "basin": "ลุ่มน้ำปิง",
                "province": "ตาก",
                "amphoe": "เมืองตาก",
                "tumbon": "เทศบาลเมืองตาก",
                "river_name": null
            }
        },
        {
            "type": "Feature",
            "geometry": {
                "type": "Point",
                "coordinates": [
                    98.87913,
                    8.187534
                ]
            },
            "properties": {
                "id": 1144484875,
                "station_name": "สะพานข้ามคลองกระบี่ใหญ่ 1",
                "tele_station_oldcode": "ONE002",
                "tele_station_name": "สะพานข้ามคลองกระบี่ใหญ่ 1",
                "waterlevel_datetime": "2025-10-04 12:00",
                "waterlevel_msl": "23.78",
                "discharge": null,
                "storage_percent": "34.41",
                "agency": "สสน.",
                "basin": "ลุ่มน้ำภาคใต้ฝั่งตะวันตก",
                "province": "กระบี่",
                "amphoe": "เมืองกระบี่",
                "tumbon": "ทับปริก",
                "river_name": "คลองกระบี่ใหญ่"
            }
        },
        {
            "type": "Feature",
            "geometry": {
                "type": "Point",
                "coordinates": [
                    99.098093,
                    17.204904
                ]
            },
            "properties": {
                "id": 1144470330,
                "station_name": "แม่น้ำวังที่ อ.สามเงา (W.4A)",
                "tele_station_oldcode": "BBBBD10",
                "tele_station_name": "แม่น้ำวังที่ อ.สามเงา (W.4A)",
                "waterlevel_datetime": "2025-10-04 11:00",
                "waterlevel_msl": "134.57",
                "discharge": null,
                "storage_percent": "34.34",
                "agency": "กฟผ.",
                "basin": "ลุ่มน้ำวัง",
                "province": "ตาก",
                "amphoe": "สามเงา",
                "tumbon": "วังหมัน",
                "river_name": null
            }
        },
        {
            "type": "Feature",
            "geometry": {
                "type": "Point",
                "coordinates": [
                    100.92984,
                    19.175903
                ]
            },
            "properties": {
                "id": 1144484496,
                "station_name": "สะพานน้ำขว้าง บ้านร้องแง",
                "tele_station_oldcode": "MOU035",
                "tele_station_name": "สะพานน้ำขว้าง บ้านร้องแง",
                "waterlevel_datetime": "2025-10-04 12:00",
                "waterlevel_msl": "257.20",
                "discharge": null,
                "storage_percent": "34.29",
                "agency": "พพภ",
                "basin": "ลุ่มน้ำน่าน",
                "province": "น่าน",
                "amphoe": "ปัว",
                "tumbon": "วรนคร",
                "river_name": "น้ำขว้าง"
            }
        },
        {
            "type": "Feature",
            "geometry": {
                "type": "Point",
                "coordinates": [
                    98.896606,
                    18.14139
                ]
            },
            "properties": {
                "id": 1144478306,
                "station_name": "บ้านแม่อีไฮ",
                "tele_station_oldcode": "P.76",
                "tele_station_name": "บ้านแม่อีไฮ",
                "waterlevel_datetime": "2025-10-04 11:00",
                "waterlevel_msl": "365.79",
                "discharge": "18.60",
                "storage_percent": "33.95",
                "agency": "ชป.",
                "basin": "ลุ่มน้ำปิง",
                "province": "ลำพูน",
                "amphoe": "ลี้",
                "tumbon": "ศรีวิชัย",
                "river_name": "น้ำแม่ลี้"
            }
        },
        {
            "type": "Feature",
            "geometry": {
                "type": "Point",
                "coordinates": [
                    99.3952,
                    8.391203
                ]
            },
            "properties": {
                "id": 1144483462,
                "station_name": "ถ้ำพรรณรา",
                "tele_station_oldcode": "NKO003",
                "tele_station_name": "ถ้ำพรรณรา",
                "waterlevel_datetime": "2025-10-04 11:50",
                "waterlevel_msl": "13.97",
                "discharge": null,
                "storage_percent": "33.92",
                "agency": "สสน.",
                "basin": "ลุ่มน้ำภาคใต้ฝั่งตะวันออกตอนบน",
                "province": "นครศรีธรรมราช",
                "amphoe": "ถ้ำพรรณรา",
                "tumbon": "ถ้ำพรรณรา",
                "river_name": "แม่น้ำตาปี"
            }
        },
        {
            "type": "Feature",
            "geometry": {
                "type": "Point",
                "coordinates": [
                    100.439857,
                    6.93124
                ]
            },
            "properties": {
                "id": 1144450173,
                "station_name": "บ้านบางศาลา",
                "tele_station_oldcode": "X.90",
                "tele_station_name": "บ้านบางศาลา",
                "waterlevel_datetime": "2025-10-04 09:00",
                "waterlevel_msl": "2.58",
                "discharge": "29.00",
                "storage_percent": "33.86",
                "agency": "ชป.",
                "basin": "ลุ่มน้ำทะเลสาบสงขลา",
                "province": "สงขลา",
                "amphoe": "หาดใหญ่",
                "tumbon": "บ้านพรุ",
                "river_name": "คลองอู่ตะเภา"
            }
        },
        {
            "type": "Feature",
            "geometry": {
                "type": "Point",
                "coordinates": [
                    101.34016,
                    15.511334
                ]
            },
            "properties": {
                "id": 1144484534,
                "station_name": "สะพานคลองสนธิ",
                "tele_station_oldcode": "MOU419",
                "tele_station_name": "สะพานคลองสนธิ",
                "waterlevel_datetime": "2025-10-04 12:00",
                "waterlevel_msl": "130.44",
                "discharge": null,
                "storage_percent": "33.78",
                "agency": "พพภ",
                "basin": "ลุ่มน้ำป่าสัก",
                "province": "ลพบุรี",
                "amphoe": "ลำสนธิ",
                "tumbon": "กุดตาเพชร",
                "river_name": null
            }
        },
        {
            "type": "Feature",
            "geometry": {
                "type": "Point",
                "coordinates": [
                    101.684914,
                    14.49406
                ]
            },
            "properties": {
                "id": 1144398356,
                "station_name": "บ้านวังตะเคียนทอง",
                "tele_station_oldcode": "M.145",
                "tele_station_name": "บ้านวังตะเคียนทอง",
                "waterlevel_datetime": "2025-10-04 06:00",
                "waterlevel_msl": "387.14",
                "discharge": "7.34",
                "storage_percent": "33.74",
                "agency": "ชป.",
                "basin": "ลุ่มน้ำมูล",
                "province": "นครราชสีมา",
                "amphoe": "ปากช่อง",
                "tumbon": "วังกะทะ",
                "river_name": "ลำพระเพลิง"
            }
        },
        {
            "type": "Feature",
            "geometry": {
                "type": "Point",
                "coordinates": [
                    99.117798,
                    10.5072
                ]
            },
            "properties": {
                "id": 1144450203,
                "station_name": "บ้านวังไผ่",
                "tele_station_oldcode": "X.53A",
                "tele_station_name": "บ้านวังไผ่",
                "waterlevel_datetime": "2025-10-04 09:00",
                "waterlevel_msl": "3.95",
                "discharge": "26.00",
                "storage_percent": "33.57",
                "agency": "ชป.",
                "basin": "ลุ่มน้ำภาคใต้ฝั่งตะวันออกตอนบน",
                "province": "ชุมพร",
                "amphoe": "เมืองชุมพร",
                "tumbon": "บ้านนา",
                "river_name": "คลองชุมพร"
            }
        },
        {
            "type": "Feature",
            "geometry": {
                "type": "Point",
                "coordinates": [
                    102.48168,
                    13.705885
                ]
            },
            "properties": {
                "id": 1144484997,
                "station_name": "คลองพรหมโหด",
                "tele_station_oldcode": "SKE003",
                "tele_station_name": "คลองพรหมโหด",
                "waterlevel_datetime": "2025-10-04 12:00",
                "waterlevel_msl": "41.90",
                "discharge": null,
                "storage_percent": "33.39",
                "agency": "สสน.",
                "basin": "ลุ่มน้ำโตนเลสาบ",
                "province": "สระแก้ว",
                "amphoe": "อรัญประเทศ",
                "tumbon": "บ้านใหม่หนองไทร",
                "river_name": "ห้วยพรมโหด"
            }
        },
        {
            "type": "Feature",
            "geometry": {
                "type": "Point",
                "coordinates": [
                    98.7307,
                    18.7955
                ]
            },
            "properties": {
                "id": 1144484504,
                "station_name": "สะพานน้ำแม่ขาน",
                "tele_station_oldcode": "MOU293",
                "tele_station_name": "สะพานน้ำแม่ขาน",
                "waterlevel_datetime": "2025-10-04 12:00",
                "waterlevel_msl": "442.11",
                "discharge": null,
                "storage_percent": "33.12",
                "agency": "พพภ",
                "basin": "ลุ่มน้ำปิง",
                "province": "เชียงใหม่",
                "amphoe": "สะเมิง",
                "tumbon": "สะเมิงใต้",
                "river_name": null
            }
        },
        {
            "type": "Feature",
            "geometry": {
                "type": "Point",
                "coordinates": [
                    99.476936,
                    19.622379
                ]
            },
            "properties": {
                "id": 1144419100,
                "station_name": "บ้านดอนสลี",
                "tele_station_oldcode": "G.11",
                "tele_station_name": "บ้านดอนสลี",
                "waterlevel_datetime": "2025-10-04 06:00",
                "waterlevel_msl": "463.07",
                "discharge": "35.22",
                "storage_percent": "32.97",
                "agency": "ชป.",
                "basin": "ลุ่มน้ำโขงเหนือ",
                "province": "เชียงราย",
                "amphoe": "แม่สรวย",
                "tumbon": "ป่าแดด",
                "river_name": "น้ำแม่ลาว"
            }
        },
        {
            "type": "Feature",
            "geometry": {
                "type": "Point",
                "coordinates": [
                    101.9543,
                    13.1195
                ]
            },
            "properties": {
                "id": 1144484541,
                "station_name": "สะพานคลองวังโตนด",
                "tele_station_oldcode": "MOU472",
                "tele_station_name": "สะพานคลองวังโตนด",
                "waterlevel_datetime": "2025-10-04 12:00",
                "waterlevel_msl": "43.74",
                "discharge": null,
                "storage_percent": "32.57",
                "agency": "พพภ",
                "basin": "ลุ่มน้ำชายฝั่งทะเลตะวันออก",
                "province": "จันทบุรี",
                "amphoe": "แก่งหางแมว",
                "tumbon": "ขุนซ่อง",
                "river_name": "คลองโตนด"
            }
        },
        {
            "type": "Feature",
            "geometry": {
                "type": "Point",
                "coordinates": [
                    99.38407,
                    18.15915
                ]
            },
            "properties": {
                "id": 1144485081,
                "station_name": "เกาะคา",
                "tele_station_oldcode": "WAN004",
                "tele_station_name": "เกาะคา",
                "waterlevel_datetime": "2025-10-04 12:00",
                "waterlevel_msl": "210.98",
                "discharge": null,
                "storage_percent": "32.55",
                "agency": "สสน.",
                "basin": "ลุ่มน้ำวัง",
                "province": "ลำปาง",
                "amphoe": "เกาะคา",
                "tumbon": "วังพร้าว",
                "river_name": "แม่น้ำวัง"
            }
        },
        {
            "type": "Feature",
            "geometry": {
                "type": "Point",
                "coordinates": [
                    100.531593,
                    17.73687
                ]
            },
            "properties": {
                "id": 1144479519,
                "station_name": "บ้านหาดไผ่",
                "tele_station_oldcode": "N.12A",
                "tele_station_name": "บ้านหาดไผ่",
                "waterlevel_datetime": "2025-10-04 11:00",
                "waterlevel_msl": "72.47",
                "discharge": "372.60",
                "storage_percent": "32.41",
                "agency": "ชป.",
                "basin": "ลุ่มน้ำน่าน",
                "province": "อุตรดิตถ์",
                "amphoe": "ท่าปลา",
                "tumbon": "ผาเลือด",
                "river_name": "แม่น้ำน่าน"
            }
        },
        {
            "type": "Feature",
            "geometry": {
                "type": "Point",
                "coordinates": [
                    104.030724,
                    16.442511
                ]
            },
            "properties": {
                "id": 1144481233,
                "station_name": "บ้านแก่งยาว",
                "tele_station_oldcode": "E.54",
                "tele_station_name": "บ้านแก่งยาว",
                "waterlevel_datetime": "2025-10-04 11:00",
                "waterlevel_msl": "141.21",
                "discharge": "73.90",
                "storage_percent": "32.33",
                "agency": "ชป.",
                "basin": "ลุ่มน้ำชี",
                "province": "ร้อยเอ็ด",
                "amphoe": "โพนทอง",
                "tumbon": "หนองใหญ่",
                "river_name": "ลำน้ำยัง"
            }
        },
        {
            "type": "Feature",
            "geometry": {
                "type": "Point",
                "coordinates": [
                    99.621109,
                    18.990931
                ]
            },
            "properties": {
                "id": 1144478292,
                "station_name": "บ้านร่องเคาะ",
                "tele_station_oldcode": "W.25",
                "tele_station_name": "บ้านร่องเคาะ",
                "waterlevel_datetime": "2025-10-04 11:00",
                "waterlevel_msl": "382.69",
                "discharge": "5.28",
                "storage_percent": "32.24",
                "agency": "ชป.",
                "basin": "ลุ่มน้ำวัง",
                "province": "ลำปาง",
                "amphoe": "วังเหนือ",
                "tumbon": "ร่องเคาะ",
                "river_name": "แม่น้ำวัง"
            }
        },
        {
            "type": "Feature",
            "geometry": {
                "type": "Point",
                "coordinates": [
                    100.26423,
                    19.019
                ]
            },
            "properties": {
                "id": 1144484523,
                "station_name": "สะพานน้ำแม่จั๊ว",
                "tele_station_oldcode": "MOU355",
                "tele_station_name": "สะพานน้ำแม่จั๊ว",
                "waterlevel_datetime": "2025-10-04 12:00",
                "waterlevel_msl": "271.18",
                "discharge": null,
                "storage_percent": "32.01",
                "agency": "พพภ",
                "basin": "ลุ่มน้ำยม",
                "province": "พะเยา",
                "amphoe": "เชียงม่วน",
                "tumbon": "สระ",
                "river_name": null
            }
        },
        {
            "type": "Feature",
            "geometry": {
                "type": "Point",
                "coordinates": [
                    100.70643,
                    19.356682
                ]
            },
            "properties": {
                "id": 1144484493,
                "station_name": "สะพานน้ำยาว บ้านสองแคว",
                "tele_station_oldcode": "MOU027",
                "tele_station_name": "สะพานน้ำยาว บ้านสองแคว",
                "waterlevel_datetime": "2025-10-04 12:00",
                "waterlevel_msl": "280.26",
                "discharge": null,
                "storage_percent": "31.85",
                "agency": "พพภ",
                "basin": "ลุ่มน้ำน่าน",
                "province": "น่าน",
                "amphoe": "สองแคว",
                "tumbon": "นาไร่หลวง",
                "river_name": "น้ำยาว"
            }
        },
        {
            "type": "Feature",
            "geometry": {
                "type": "Point",
                "coordinates": [
                    98.814738,
                    8.962559
                ]
            },
            "properties": {
                "id": 1144470605,
                "station_name": "สะพานคลองแสง อ.บ้านตาขุน",
                "tele_station_oldcode": "RPBRPBD01",
                "tele_station_name": "สะพานคลองแสง อ.บ้านตาขุน",
                "waterlevel_datetime": "2025-10-04 11:00",
                "waterlevel_msl": "10.72",
                "discharge": null,
                "storage_percent": "31.84",
                "agency": "กฟผ.",
                "basin": "ลุ่มน้ำภาคใต้ฝั่งตะวันออกตอนบน",
                "province": "สุราษฎร์ธานี",
                "amphoe": "บ้านตาขุน",
                "tumbon": "เขาพัง",
                "river_name": null
            }
        },
        {
            "type": "Feature",
            "geometry": {
                "type": "Point",
                "coordinates": [
                    101.496948,
                    6.22716
                ]
            },
            "properties": {
                "id": 1144450210,
                "station_name": "บ้านซากอ",
                "tele_station_oldcode": "X.184",
                "tele_station_name": "บ้านซากอ",
                "waterlevel_datetime": "2025-10-04 09:00",
                "waterlevel_msl": "23.79",
                "discharge": "99.00",
                "storage_percent": "31.72",
                "agency": "ชป.",
                "basin": "ลุ่มน้ำภาคใต้ฝั่งตะวันออกตอนล่าง",
                "province": "นราธิวาส",
                "amphoe": "ศรีสาคร",
                "tumbon": "ศรีสาคร",
                "river_name": "แม่น้ำสายบุรี"
            }
        },
        {
            "type": "Feature",
            "geometry": {
                "type": "Point",
                "coordinates": [
                    100.36791,
                    7.779112
                ]
            },
            "properties": {
                "id": 1144484934,
                "station_name": "สะพานคลองปากแตระ ชุมชนทะเลสาบสงขลา",
                "tele_station_oldcode": "PTT001",
                "tele_station_name": "สะพานคลองปากแตระ ชุมชนทะเลสาบสงขลา",
                "waterlevel_datetime": "2025-10-04 12:00",
                "waterlevel_msl": "0.33",
                "discharge": null,
                "storage_percent": "31.68",
                "agency": "สสน.",
                "basin": "ลุ่มน้ำทะเลสาบสงขลา",
                "province": "สงขลา",
                "amphoe": "ระโนด",
                "tumbon": "ปากแตระ",
                "river_name": null
            }
        },
        {
            "type": "Feature",
            "geometry": {
                "type": "Point",
                "coordinates": [
                    98.95324,
                    17.805336
                ]
            },
            "properties": {
                "id": 1144484925,
                "station_name": "ห้วยแม่ลี้",
                "tele_station_oldcode": "PIN010",
                "tele_station_name": "ห้วยแม่ลี้",
                "waterlevel_datetime": "2025-10-04 12:00",
                "waterlevel_msl": "441.39",
                "discharge": null,
                "storage_percent": "31.23",
                "agency": "สสน.",
                "basin": "ลุ่มน้ำปิง",
                "province": "ลำพูน",
                "amphoe": "ลี้",
                "tumbon": "ลี้",
                "river_name": "น้ำแม่ลี้"
            }
        },
        {
            "type": "Feature",
            "geometry": {
                "type": "Point",
                "coordinates": [
                    99.629997,
                    18.51882
                ]
            },
            "properties": {
                "id": 1144478331,
                "station_name": "บ้านแลง",
                "tele_station_oldcode": "W.10B",
                "tele_station_name": "บ้านแลง",
                "waterlevel_datetime": "2025-10-04 11:00",
                "waterlevel_msl": "259.36",
                "discharge": "8.40",
                "storage_percent": "31.10",
                "agency": "ชป.",
                "basin": "ลุ่มน้ำวัง",
                "province": "ลำปาง",
                "amphoe": "เมืองลำปาง",
                "tumbon": "บ้านแลง",
                "river_name": "แม่น้ำวัง"
            }
        },
        {
            "type": "Feature",
            "geometry": {
                "type": "Point",
                "coordinates": [
                    98.94901,
                    9.59868
                ]
            },
            "properties": {
                "id": 1144484906,
                "station_name": "สะพานถนนสายเอเซีย 4265",
                "tele_station_oldcode": "ONE047",
                "tele_station_name": "สะพานถนนสายเอเซีย 4265",
                "waterlevel_datetime": "2025-10-04 12:00",
                "waterlevel_msl": "89.33",
                "discharge": null,
                "storage_percent": "30.38",
                "agency": "สสน.",
                "basin": "ลุ่มน้ำภาคใต้ฝั่งตะวันออกตอนบน",
                "province": "สุราษฎร์ธานี",
                "amphoe": "ท่าชนะ",
                "tumbon": "ประสงค์",
                "river_name": "คลองโสด"
            }
        },
        {
            "type": "Feature",
            "geometry": {
                "type": "Point",
                "coordinates": [
                    100.13264,
                    14.194874
                ]
            },
            "properties": {
                "id": 1144485034,
                "station_name": "ปตร.ปลายคลองบางซอ (ทุ่งเจ้าเจ็ด)",
                "tele_station_oldcode": "TCP002",
                "tele_station_name": "ปตร.ปลายคลองบางซอ (ทุ่งเจ้าเจ็ด)",
                "waterlevel_datetime": "2025-10-04 12:00",
                "waterlevel_msl": "1.33",
                "discharge": null,
                "storage_percent": "30.23",
                "agency": "สสน.",
                "basin": "ลุ่มน้ำท่าจีน",
                "province": "สุพรรณบุรี",
                "amphoe": "สองพี่น้อง",
                "tumbon": "บางตาเถร",
                "river_name": "แม่น้ำสุพรรณ"
            }
        },
        {
            "type": "Feature",
            "geometry": {
                "type": "Point",
                "coordinates": [
                    99.567268,
                    18.722269
                ]
            },
            "properties": {
                "id": 1144478316,
                "station_name": "บ้านหนองนาว",
                "tele_station_oldcode": "W.17",
                "tele_station_name": "บ้านหนองนาว",
                "waterlevel_datetime": "2025-10-04 11:00",
                "waterlevel_msl": "291.59",
                "discharge": "15.52",
                "storage_percent": "30.05",
                "agency": "ชป.",
                "basin": "ลุ่มน้ำวัง",
                "province": "ลำปาง",
                "amphoe": "แจ้ห่ม",
                "tumbon": "แจ้ห่ม",
                "river_name": "ห้วยเก้า"
            }
        },
        {
            "type": "Feature",
            "geometry": {
                "type": "Point",
                "coordinates": [
                    99.500763,
                    19.745991
                ]
            },
            "properties": {
                "id": 1144419068,
                "station_name": "บ้านกระเหรี่ยงทุ่งพร้าว",
                "tele_station_oldcode": "G.9",
                "tele_station_name": "บ้านกระเหรี่ยงทุ่งพร้าว",
                "waterlevel_datetime": "2025-10-04 06:00",
                "waterlevel_msl": "515.94",
                "discharge": "13.88",
                "storage_percent": "29.84",
                "agency": "ชป.",
                "basin": "ลุ่มน้ำโขงเหนือ",
                "province": "เชียงราย",
                "amphoe": "แม่สรวย",
                "tumbon": "วาวี",
                "river_name": "น้ำแม่สรวย"
            }
        },
        {
            "type": "Feature",
            "geometry": {
                "type": "Point",
                "coordinates": [
                    101.139521,
                    6.47481
                ]
            },
            "properties": {
                "id": 1144470938,
                "station_name": "อาคารสูบน้ำดิบ กปภ. อ.ยะหา จ.ยะลา",
                "tele_station_oldcode": "BLGTD04",
                "tele_station_name": "อาคารสูบน้ำดิบ กปภ. อ.ยะหา จ.ยะลา",
                "waterlevel_datetime": "2025-10-04 11:00",
                "waterlevel_msl": "23.61",
                "discharge": null,
                "storage_percent": "29.72",
                "agency": "กฟผ.",
                "basin": "ลุ่มน้ำภาคใต้ฝั่งตะวันออกตอนล่าง",
                "province": "ยะลา",
                "amphoe": "ยะหา",
                "tumbon": "บาโร๊ะ",
                "river_name": "คลองเล็ก"
            }
        },
        {
            "type": "Feature",
            "geometry": {
                "type": "Point",
                "coordinates": [
                    99.07725,
                    18.511889
                ]
            },
            "properties": {
                "id": 1144484460,
                "station_name": "ลำน้ำสานบ้านทุ่งยาวเหนือ",
                "tele_station_oldcode": "FOP016",
                "tele_station_name": "ลำน้ำสานบ้านทุ่งยาวเหนือ",
                "waterlevel_datetime": "2025-10-04 12:00",
                "waterlevel_msl": "317.99",
                "discharge": null,
                "storage_percent": "29.70",
                "agency": "พพภ",
                "basin": "ลุ่มน้ำปิง",
                "province": "ลำพูน",
                "amphoe": "เมืองลำพูน",
                "tumbon": "ศรีบัวบาน",
                "river_name": "น้ำแม่สาร"
            }
        },
        {
            "type": "Feature",
            "geometry": {
                "type": "Point",
                "coordinates": [
                    99.23061,
                    17.75171
                ]
            },
            "properties": {
                "id": 1144485080,
                "station_name": "เถิน",
                "tele_station_oldcode": "WAN003",
                "tele_station_name": "เถิน",
                "waterlevel_datetime": "2025-10-04 12:00",
                "waterlevel_msl": "171.78",
                "discharge": null,
                "storage_percent": "29.56",
                "agency": "สสน.",
                "basin": "ลุ่มน้ำวัง",
                "province": "ลำปาง",
                "amphoe": "เถิน",
                "tumbon": "แม่ถอด",
                "river_name": "แม่น้ำวัง"
            }
        },
        {
            "type": "Feature",
            "geometry": {
                "type": "Point",
                "coordinates": [
                    101.768478,
                    14.50134
                ]
            },
            "properties": {
                "id": 1144478842,
                "station_name": "บ้านโนนสาวเอ้",
                "tele_station_oldcode": "M.171",
                "tele_station_name": "บ้านโนนสาวเอ้",
                "waterlevel_datetime": "2025-10-04 11:00",
                "waterlevel_msl": "273.57",
                "discharge": "20.50",
                "storage_percent": "29.28",
                "agency": "ชป.",
                "basin": "ลุ่มน้ำมูล",
                "province": "นครราชสีมา",
                "amphoe": "วังน้ำเขียว",
                "tumbon": "วังหมี",
                "river_name": "ลำพระเพลิง"
            }
        },
        {
            "type": "Feature",
            "geometry": {
                "type": "Point",
                "coordinates": [
                    101.306,
                    14.321295
                ]
            },
            "properties": {
                "id": 1144484539,
                "station_name": "สะพานคลองวังตะไคร้",
                "tele_station_oldcode": "MOU462",
                "tele_station_name": "สะพานคลองวังตะไคร้",
                "waterlevel_datetime": "2025-10-04 12:00",
                "waterlevel_msl": "27.05",
                "discharge": null,
                "storage_percent": "29.14",
                "agency": "พพภ",
                "basin": "ลุ่มน้ำบางปะกง",
                "province": "นครนายก",
                "amphoe": "เมืองนครนายก",
                "tumbon": "สาริกา",
                "river_name": null
            }
        },
        {
            "type": "Feature",
            "geometry": {
                "type": "Point",
                "coordinates": [
                    99.171227,
                    10.66562
                ]
            },
            "properties": {
                "id": 1144450164,
                "station_name": "บ้านท่าแซะ",
                "tele_station_oldcode": "X.64",
                "tele_station_name": "บ้านท่าแซะ",
                "waterlevel_datetime": "2025-10-04 09:00",
                "waterlevel_msl": "9.60",
                "discharge": "32.00",
                "storage_percent": "29.10",
                "agency": "ชป.",
                "basin": "ลุ่มน้ำภาคใต้ฝั่งตะวันออกตอนบน",
                "province": "ชุมพร",
                "amphoe": "ท่าแซะ",
                "tumbon": "ท่าแซะ",
                "river_name": "คลองท่าแซะ"
            }
        },
        {
            "type": "Feature",
            "geometry": {
                "type": "Point",
                "coordinates": [
                    101.679489,
                    17.13114
                ]
            },
            "properties": {
                "id": 1144481249,
                "station_name": "บ้านแก่งบง",
                "tele_station_oldcode": "Kh.61",
                "tele_station_name": "บ้านแก่งบง",
                "waterlevel_datetime": "2025-10-04 11:00",
                "waterlevel_msl": "260.66",
                "discharge": "39.82",
                "storage_percent": "29.09",
                "agency": "ชป.",
                "basin": "ลุ่มน้ำโขงตะวันออกเฉียงเหนือ",
                "province": "เลย",
                "amphoe": "ภูหลวง",
                "tumbon": "หนองคัน",
                "river_name": "แม่น้ำเลย"
            }
        },
        {
            "type": "Feature",
            "geometry": {
                "type": "Point",
                "coordinates": [
                    99.98751,
                    7.558882
                ]
            },
            "properties": {
                "id": 1144484788,
                "station_name": "คลองนาท่อม",
                "tele_station_oldcode": "MDC005",
                "tele_station_name": "คลองนาท่อม",
                "waterlevel_datetime": "2025-10-04 12:00",
                "waterlevel_msl": "20.04",
                "discharge": null,
                "storage_percent": "28.92",
                "agency": "สสน.",
                "basin": "ลุ่มน้ำทะเลสาบสงขลา",
                "province": "พัทลุง",
                "amphoe": "เมืองพัทลุง",
                "tumbon": "ร่มเมือง",
                "river_name": "คลองลำ"
            }
        },
        {
            "type": "Feature",
            "geometry": {
                "type": "Point",
                "coordinates": [
                    99.04359,
                    10.203307
                ]
            },
            "properties": {
                "id": 1144452934,
                "station_name": "สวี 2",
                "tele_station_oldcode": "SVI002",
                "tele_station_name": "สวี 2",
                "waterlevel_datetime": "2025-10-04 10:00",
                "waterlevel_msl": "0.73",
                "discharge": null,
                "storage_percent": "28.66",
                "agency": "สสน.",
                "basin": "ลุ่มน้ำภาคใต้ฝั่งตะวันออกตอนบน",
                "province": "ชุมพร",
                "amphoe": "สวี",
                "tumbon": "นาสัก",
                "river_name": "คลองสวี"
            }
        },
        {
            "type": "Feature",
            "geometry": {
                "type": "Point",
                "coordinates": [
                    101.277458,
                    15.22528
                ]
            },
            "properties": {
                "id": 1144479450,
                "station_name": "บ้านท่ารวก",
                "tele_station_oldcode": "S.14",
                "tele_station_name": "บ้านท่ารวก",
                "waterlevel_datetime": "2025-10-04 11:00",
                "waterlevel_msl": "55.71",
                "discharge": "5.00",
                "storage_percent": "28.60",
                "agency": "ชป.",
                "basin": "ลุ่มน้ำป่าสัก",
                "province": "ลพบุรี",
                "amphoe": "ชัยบาดาล",
                "tumbon": "หนองยายโต๊ะ",
                "river_name": "ลำสนธิ"
            }
        },
        {
            "type": "Feature",
            "geometry": {
                "type": "Point",
                "coordinates": [
                    99.51123,
                    18.29973
                ]
            },
            "properties": {
                "id": 1144478314,
                "station_name": "สะพานเสตุวารี",
                "tele_station_oldcode": "W.1C",
                "tele_station_name": "สะพานเสตุวารี",
                "waterlevel_datetime": "2025-10-04 11:00",
                "waterlevel_msl": "229.06",
                "discharge": "15.80",
                "storage_percent": "28.52",
                "agency": "ชป.",
                "basin": "ลุ่มน้ำวัง",
                "province": "ลำปาง",
                "amphoe": "เมืองลำปาง",
                "tumbon": "บ้านดง",
                "river_name": "แม่น้ำวัง"
            }
        },
        {
            "type": "Feature",
            "geometry": {
                "type": "Point",
                "coordinates": [
                    102.035881,
                    6.07114
                ]
            },
            "properties": {
                "id": 1144450204,
                "station_name": "บ้านมูโน๊ะ",
                "tele_station_oldcode": "X.119",
                "tele_station_name": "บ้านมูโน๊ะ",
                "waterlevel_datetime": "2025-10-04 09:00",
                "waterlevel_msl": "1.98",
                "discharge": null,
                "storage_percent": "28.29",
                "agency": "ชป.",
                "basin": "ลุ่มน้ำภาคใต้ฝั่งตะวันออกตอนล่าง",
                "province": "นราธิวาส",
                "amphoe": "สุไหงโก-ลก",
                "tumbon": "มูโนะ",
                "river_name": "แม่น้ำโก-ลก"
            }
        },
        {
            "type": "Feature",
            "geometry": {
                "type": "Point",
                "coordinates": [
                    99.024147,
                    17.23881
                ]
            },
            "properties": {
                "id": 1144479501,
                "station_name": "บ้านย่านรี",
                "tele_station_oldcode": "P.12C",
                "tele_station_name": "บ้านย่านรี",
                "waterlevel_datetime": "2025-10-04 11:00",
                "waterlevel_msl": "129.52",
                "discharge": "61.71",
                "storage_percent": "28.28",
                "agency": "ชป.",
                "basin": "ลุ่มน้ำปิง",
                "province": "ตาก",
                "amphoe": "สามเงา",
                "tumbon": "ย่านรี",
                "river_name": "แม่น้ำปิง"
            }
        },
        {
            "type": "Feature",
            "geometry": {
                "type": "Point",
                "coordinates": [
                    98.6394,
                    17.12535
                ]
            },
            "properties": {
                "id": 1144484501,
                "station_name": "สะพานแม่ตื่น",
                "tele_station_oldcode": "MOU073",
                "tele_station_name": "สะพานแม่ตื่น",
                "waterlevel_datetime": "2025-10-04 12:00",
                "waterlevel_msl": "299.13",
                "discharge": null,
                "storage_percent": "28.17",
                "agency": "พพภ",
                "basin": "ลุ่มน้ำปิง",
                "province": "ตาก",
                "amphoe": "แม่ระมาด",
                "tumbon": "แม่ตื่น",
                "river_name": "แม่น้ำตื่น"
            }
        },
        {
            "type": "Feature",
            "geometry": {
                "type": "Point",
                "coordinates": [
                    100.1004,
                    7.37656
                ]
            },
            "properties": {
                "id": 1144484927,
                "station_name": "สะพานข้ามคลองบ้านท่าวัง",
                "tele_station_oldcode": "PLG001",
                "tele_station_name": "สะพานข้ามคลองบ้านท่าวัง",
                "waterlevel_datetime": "2025-10-04 12:00",
                "waterlevel_msl": "16.13",
                "discharge": null,
                "storage_percent": "28.12",
                "agency": "สสน.",
                "basin": "ลุ่มน้ำทะเลสาบสงขลา",
                "province": "พัทลุง",
                "amphoe": "บางแก้ว",
                "tumbon": "โคกสัก",
                "river_name": "คลองอ้ายโต"
            }
        },
        {
            "type": "Feature",
            "geometry": {
                "type": "Point",
                "coordinates": [
                    99.43382,
                    14.17509
                ]
            },
            "properties": {
                "id": 1144470657,
                "station_name": "โรงเรียนบ้านทุ่งนานางหรอก",
                "tele_station_oldcode": "MKSND06",
                "tele_station_name": "โรงเรียนบ้านทุ่งนานางหรอก",
                "waterlevel_datetime": "2025-10-04 11:00",
                "waterlevel_msl": "41.80",
                "discharge": "28.02",
                "storage_percent": "28.01",
                "agency": "กฟผ.",
                "basin": "ลุ่มน้ำแม่กลอง",
                "province": "กาญจนบุรี",
                "amphoe": "เมืองกาญจนบุรี",
                "tumbon": "ลาดหญ้า",
                "river_name": "ลำตะเพิน"
            }
        },
        {
            "type": "Feature",
            "geometry": {
                "type": "Point",
                "coordinates": [
                    99.782639,
                    6.87577
                ]
            },
            "properties": {
                "id": 1144450194,
                "station_name": "ชุมชนประชาบำรุง",
                "tele_station_oldcode": "X.231A",
                "tele_station_name": "ชุมชนประชาบำรุง",
                "waterlevel_datetime": "2025-10-04 09:00",
                "waterlevel_msl": "0.83",
                "discharge": null,
                "storage_percent": "27.67",
                "agency": "ชป.",
                "basin": "ลุ่มน้ำภาคใต้ฝั่งตะวันตก",
                "province": "สตูล",
                "amphoe": "ละงู",
                "tumbon": "ละงู",
                "river_name": "คลองละงู"
            }
        },
        {
            "type": "Feature",
            "geometry": {
                "type": "Point",
                "coordinates": [
                    99.232057,
                    17.641503
                ]
            },
            "properties": {
                "id": 1144470328,
                "station_name": "แม่น้ำวังที่ อ.เถิน (W.3A)",
                "tele_station_oldcode": "BBBBD09",
                "tele_station_name": "แม่น้ำวังที่ อ.เถิน (W.3A)",
                "waterlevel_datetime": "2025-10-04 11:00",
                "waterlevel_msl": "161.77",
                "discharge": null,
                "storage_percent": "27.66",
                "agency": "กฟผ.",
                "basin": "ลุ่มน้ำวัง",
                "province": "ลำปาง",
                "amphoe": "เถิน",
                "tumbon": "ล้อมแรด",
                "river_name": null
            }
        },
        {
            "type": "Feature",
            "geometry": {
                "type": "Point",
                "coordinates": [
                    98.885678,
                    8.915783
                ]
            },
            "properties": {
                "id": 1144470617,
                "station_name": "สะพานพุมดวง (วัดตาขุน) อ.บ้านตาขุน",
                "tele_station_oldcode": "RPBRPBD05",
                "tele_station_name": "สะพานพุมดวง (วัดตาขุน) อ.บ้านตาขุน",
                "waterlevel_datetime": "2025-10-04 11:00",
                "waterlevel_msl": "6.10",
                "discharge": null,
                "storage_percent": "27.66",
                "agency": "กฟผ.",
                "basin": "ลุ่มน้ำภาคใต้ฝั่งตะวันออกตอนบน",
                "province": "สุราษฎร์ธานี",
                "amphoe": "บ้านตาขุน",
                "tumbon": "เขาวง",
                "river_name": null
            }
        },
        {
            "type": "Feature",
            "geometry": {
                "type": "Point",
                "coordinates": [
                    99.918549,
                    13.04917
                ]
            },
            "properties": {
                "id": 1144485888,
                "station_name": "สะพานบ้านลาด",
                "tele_station_oldcode": "B.16",
                "tele_station_name": "สะพานบ้านลาด",
                "waterlevel_datetime": "2025-10-04 12:00",
                "waterlevel_msl": "3.62",
                "discharge": "12.68",
                "storage_percent": "27.57",
                "agency": "ชป.",
                "basin": "ลุ่มน้ำเพชรบุรี-ประจวบคีรีขันธ์",
                "province": "เพชรบุรี",
                "amphoe": "บ้านลาด",
                "tumbon": "บ้านลาด",
                "river_name": "แม่น้ำเพชรบุรี"
            }
        },
        {
            "type": "Feature",
            "geometry": {
                "type": "Point",
                "coordinates": [
                    103.437111,
                    16.581209
                ]
            },
            "properties": {
                "id": 1144481237,
                "station_name": "บ้านหนองม่วง",
                "tele_station_oldcode": "E.75",
                "tele_station_name": "บ้านหนองม่วง",
                "waterlevel_datetime": "2025-10-04 11:00",
                "waterlevel_msl": "139.27",
                "discharge": "37.72",
                "storage_percent": "27.26",
                "agency": "ชป.",
                "basin": "ลุ่มน้ำชี",
                "province": "กาฬสินธุ์",
                "amphoe": "ยางตลาด",
                "tumbon": "นาเชือก",
                "river_name": "ลำปาว"
            }
        },
        {
            "type": "Feature",
            "geometry": {
                "type": "Point",
                "coordinates": [
                    104.17369,
                    16.996626
                ]
            },
            "properties": {
                "id": 1144485030,
                "station_name": "ลำน้ำพุง",
                "tele_station_oldcode": "TBW030",
                "tele_station_name": "ลำน้ำพุง",
                "waterlevel_datetime": "2025-10-04 12:00",
                "waterlevel_msl": "169.37",
                "discharge": null,
                "storage_percent": "27.20",
                "agency": "สสน.",
                "basin": "ลุ่มน้ำโขงตะวันออกเฉียงเหนือ",
                "province": "สกลนคร",
                "amphoe": "เต่างอย",
                "tumbon": "เต่างอย",
                "river_name": "ลำน้ำพุง"
            }
        },
        {
            "type": "Feature",
            "geometry": {
                "type": "Point",
                "coordinates": [
                    104.255112,
                    17.069321
                ]
            },
            "properties": {
                "id": 1144481218,
                "station_name": "บ้านตองโขบ",
                "tele_station_oldcode": "Kh.90",
                "tele_station_name": "บ้านตองโขบ",
                "waterlevel_datetime": "2025-10-04 11:00",
                "waterlevel_msl": "160.20",
                "discharge": "18.80",
                "storage_percent": "27.09",
                "agency": "ชป.",
                "basin": "ลุ่มน้ำโขงตะวันออกเฉียงเหนือ",
                "province": "สกลนคร",
                "amphoe": "โคกศรีสุพรรณ",
                "tumbon": "ตองโขบ",
                "river_name": "ลำน้ำพุง"
            }
        },
        {
            "type": "Feature",
            "geometry": {
                "type": "Point",
                "coordinates": [
                    98.372391,
                    17.78546
                ]
            },
            "properties": {
                "id": 1144435607,
                "station_name": "บ้านหลวง",
                "tele_station_oldcode": "P.64",
                "tele_station_name": "บ้านหลวง",
                "waterlevel_datetime": "2025-10-04 06:00",
                "waterlevel_msl": "788.71",
                "discharge": "23.40",
                "storage_percent": "26.64",
                "agency": "ชป.",
                "basin": "ลุ่มน้ำปิง",
                "province": "เชียงใหม่",
                "amphoe": "อมก๋อย",
                "tumbon": "ยางเปียง",
                "river_name": "น้ำแม่ตื่น"
            }
        },
        {
            "type": "Feature",
            "geometry": {
                "type": "Point",
                "coordinates": [
                    99.186943,
                    19.284189
                ]
            },
            "properties": {
                "id": 1144435627,
                "station_name": "บ้านสหกรณ์ร่มเกล้า",
                "tele_station_oldcode": "P.56A",
                "tele_station_name": "บ้านสหกรณ์ร่มเกล้า",
                "waterlevel_datetime": "2025-10-04 06:00",
                "waterlevel_msl": "409.80",
                "discharge": "16.30",
                "storage_percent": "26.62",
                "agency": "ชป.",
                "basin": "ลุ่มน้ำปิง",
                "province": "เชียงใหม่",
                "amphoe": "พร้าว",
                "tumbon": "แม่แวน",
                "river_name": "น้ำแม่งัด"
            }
        },
        {
            "type": "Feature",
            "geometry": {
                "type": "Point",
                "coordinates": [
                    99.7826,
                    8.43295
                ]
            },
            "properties": {
                "id": 1144484543,
                "station_name": "สะพานบ้านคีรีวง คลองท่าดี",
                "tele_station_oldcode": "MOU494",
                "tele_station_name": "สะพานบ้านคีรีวง คลองท่าดี",
                "waterlevel_datetime": "2025-10-04 12:00",
                "waterlevel_msl": "42.98",
                "discharge": null,
                "storage_percent": "26.59",
                "agency": "พพภ",
                "basin": "ลุ่มน้ำภาคใต้ฝั่งตะวันออกตอนบน",
                "province": "นครศรีธรรมราช",
                "amphoe": "ลานสกา",
                "tumbon": "กำโลน",
                "river_name": "คลองท่าดี"
            }
        },
        {
            "type": "Feature",
            "geometry": {
                "type": "Point",
                "coordinates": [
                    99.87159,
                    13.80568
                ]
            },
            "properties": {
                "id": 1144482590,
                "station_name": "สะพานค่ายหลวง",
                "tele_station_oldcode": "K.55A",
                "tele_station_name": "สะพานค่ายหลวง",
                "waterlevel_datetime": "2025-10-04 11:00",
                "waterlevel_msl": "2.04",
                "discharge": "108.00",
                "storage_percent": "26.58",
                "agency": "ชป.",
                "basin": "ลุ่มน้ำแม่กลอง",
                "province": "ราชบุรี",
                "amphoe": "บ้านโป่ง",
                "tumbon": "บ้านโป่ง",
                "river_name": "แม่น้ำแม่กลอง"
            }
        },
        {
            "type": "Feature",
            "geometry": {
                "type": "Point",
                "coordinates": [
                    100.456184,
                    19.321678
                ]
            },
            "properties": {
                "id": 1144484521,
                "station_name": "สะพานน้ำงิม",
                "tele_station_oldcode": "MOU352",
                "tele_station_name": "สะพานน้ำงิม",
                "waterlevel_datetime": "2025-10-04 12:00",
                "waterlevel_msl": "444.43",
                "discharge": null,
                "storage_percent": "26.40",
                "agency": "พพภ",
                "basin": "ลุ่มน้ำยม",
                "province": "พะเยา",
                "amphoe": "ปง",
                "tumbon": "ผาช้างน้อย",
                "river_name": "น้ำงิม"
            }
        },
        {
            "type": "Feature",
            "geometry": {
                "type": "Point",
                "coordinates": [
                    98.64459,
                    9.961628
                ]
            },
            "properties": {
                "id": 1144484991,
                "station_name": "เมืองระนอง",
                "tele_station_oldcode": "RNG001",
                "tele_station_name": "เมืองระนอง",
                "waterlevel_datetime": "2025-10-04 12:00",
                "waterlevel_msl": "8.26",
                "discharge": null,
                "storage_percent": "26.36",
                "agency": "สสน.",
                "basin": "ลุ่มน้ำภาคใต้ฝั่งตะวันตก",
                "province": "ระนอง",
                "amphoe": "เมืองระนอง",
                "tumbon": "เขานิเวศน์",
                "river_name": "คลองหาดส้มแป้น"
            }
        },
        {
            "type": "Feature",
            "geometry": {
                "type": "Point",
                "coordinates": [
                    99.859917,
                    8.3062
                ]
            },
            "properties": {
                "id": 1144450238,
                "station_name": "วัดถลุงทอง อำเภอร่อนพิบูลย์ ",
                "tele_station_oldcode": "X.289",
                "tele_station_name": "วัดถลุงทอง อำเภอร่อนพิบูลย์ ",
                "waterlevel_datetime": "2025-10-04 09:00",
                "waterlevel_msl": "15.40",
                "discharge": "7.50",
                "storage_percent": "26.19",
                "agency": "ชป.",
                "basin": "ลุ่มน้ำภาคใต้ฝั่งตะวันออกตอนบน",
                "province": "นครศรีธรรมราช",
                "amphoe": "ร่อนพิบูลย์",
                "tumbon": "หินตก",
                "river_name": "คลองเสาธง"
            }
        },
        {
            "type": "Feature",
            "geometry": {
                "type": "Point",
                "coordinates": [
                    100.940102,
                    18.99374
                ]
            },
            "properties": {
                "id": 1144478324,
                "station_name": "บ้านน้ำยาว",
                "tele_station_oldcode": "N.49",
                "tele_station_name": "บ้านน้ำยาว",
                "waterlevel_datetime": "2025-10-04 11:00",
                "waterlevel_msl": "265.40",
                "discharge": "7.20",
                "storage_percent": "25.73",
                "agency": "ชป.",
                "basin": "ลุ่มน้ำน่าน",
                "province": "น่าน",
                "amphoe": "ปัว",
                "tumbon": "อวน",
                "river_name": "น้ำยาว"
            }
        },
        {
            "type": "Feature",
            "geometry": {
                "type": "Point",
                "coordinates": [
                    101.945534,
                    13.07735
                ]
            },
            "properties": {
                "id": 1144480796,
                "station_name": "บ้านขุนซ่อง",
                "tele_station_oldcode": "Z.28",
                "tele_station_name": "บ้านขุนซ่อง",
                "waterlevel_datetime": "2025-10-04 11:00",
                "waterlevel_msl": "34.62",
                "discharge": "1.60",
                "storage_percent": "25.65",
                "agency": "ชป.",
                "basin": "ลุ่มน้ำชายฝั่งทะเลตะวันออก",
                "province": "จันทบุรี",
                "amphoe": "แก่งหางแมว",
                "tumbon": "ขุนซ่อง",
                "river_name": "คลองโตนด"
            }
        },
        {
            "type": "Feature",
            "geometry": {
                "type": "Point",
                "coordinates": [
                    98.931068,
                    14.27618
                ]
            },
            "properties": {
                "id": 1144485860,
                "station_name": "บ้านบ้องตี้น้อย",
                "tele_station_oldcode": "K.32A",
                "tele_station_name": "บ้านบ้องตี้น้อย",
                "waterlevel_datetime": "2025-10-04 12:00",
                "waterlevel_msl": "85.81",
                "discharge": "5.89",
                "storage_percent": "25.45",
                "agency": "ชป.",
                "basin": "ลุ่มน้ำแม่กลอง",
                "province": "กาญจนบุรี",
                "amphoe": "ไทรโยค",
                "tumbon": "วังกระแจะ",
                "river_name": "ห้วยบ้องตี้"
            }
        },
        {
            "type": "Feature",
            "geometry": {
                "type": "Point",
                "coordinates": [
                    99.45784,
                    18.310881
                ]
            },
            "properties": {
                "id": 1144429228,
                "station_name": "บ้านท่าล้อ",
                "tele_station_oldcode": "W.20",
                "tele_station_name": "บ้านท่าล้อ",
                "waterlevel_datetime": "2025-10-04 06:00",
                "waterlevel_msl": "230.08",
                "discharge": "6.36",
                "storage_percent": "25.45",
                "agency": "ชป.",
                "basin": "ลุ่มน้ำวัง",
                "province": "ลำปาง",
                "amphoe": "เมืองลำปาง",
                "tumbon": "บ่อแฮ้ว",
                "river_name": "น้ำแม่ตุ๋ย"
            }
        },
        {
            "type": "Feature",
            "geometry": {
                "type": "Point",
                "coordinates": [
                    100.456062,
                    7.00218
                ]
            },
            "properties": {
                "id": 1144450156,
                "station_name": "บ้านหาดใหญ่ใน",
                "tele_station_oldcode": "X.44",
                "tele_station_name": "บ้านหาดใหญ่ใน",
                "waterlevel_datetime": "2025-10-04 09:00",
                "waterlevel_msl": "0.22",
                "discharge": "13.40",
                "storage_percent": "25.24",
                "agency": "ชป.",
                "basin": "ลุ่มน้ำทะเลสาบสงขลา",
                "province": "สงขลา",
                "amphoe": "หาดใหญ่",
                "tumbon": "หาดใหญ่",
                "river_name": "คลองอู่ตะเภา"
            }
        },
        {
            "type": "Feature",
            "geometry": {
                "type": "Point",
                "coordinates": [
                    100.109978,
                    7.33842
                ]
            },
            "properties": {
                "id": 1144416532,
                "station_name": "บ้านแม่ขรี",
                "tele_station_oldcode": "X.267",
                "tele_station_name": "บ้านแม่ขรี",
                "waterlevel_datetime": "2025-10-04 06:00",
                "waterlevel_msl": "21.97",
                "discharge": "2.22",
                "storage_percent": "25.24",
                "agency": "ชป.",
                "basin": "ลุ่มน้ำทะเลสาบสงขลา",
                "province": "พัทลุง",
                "amphoe": "ตะโหมด",
                "tumbon": "แม่ขรี",
                "river_name": "คลองท่าเชียด"
            }
        },
        {
            "type": "Feature",
            "geometry": {
                "type": "Point",
                "coordinates": [
                    99.434067,
                    14.17522
                ]
            },
            "properties": {
                "id": 1144485864,
                "station_name": "บ้านทุ่งนานางหรอก",
                "tele_station_oldcode": "K.12",
                "tele_station_name": "บ้านทุ่งนานางหรอก",
                "waterlevel_datetime": "2025-10-04 12:00",
                "waterlevel_msl": "41.02",
                "discharge": "8.20",
                "storage_percent": "24.96",
                "agency": "ชป.",
                "basin": "ลุ่มน้ำแม่กลอง",
                "province": "กาญจนบุรี",
                "amphoe": "เมืองกาญจนบุรี",
                "tumbon": "ลาดหญ้า",
                "river_name": "ลำตะเพิน"
            }
        },
        {
            "type": "Feature",
            "geometry": {
                "type": "Point",
                "coordinates": [
                    99.70425,
                    8.166443
                ]
            },
            "properties": {
                "id": 1144484889,
                "station_name": "สะพานข้ามคลองท่าแพ",
                "tele_station_oldcode": "ONE023",
                "tele_station_name": "สะพานข้ามคลองท่าแพ",
                "waterlevel_datetime": "2025-10-04 12:00",
                "waterlevel_msl": "58.12",
                "discharge": null,
                "storage_percent": "24.78",
                "agency": "สสน.",
                "basin": "ลุ่มน้ำภาคใต้ฝั่งตะวันตก",
                "province": "นครศรีธรรมราช",
                "amphoe": "ทุ่งสง",
                "tumbon": "ปากแพรก",
                "river_name": "คลองเปิก"
            }
        },
        {
            "type": "Feature",
            "geometry": {
                "type": "Point",
                "coordinates": [
                    99.44414,
                    14.06024
                ]
            },
            "properties": {
                "id": 1144470648,
                "station_name": "บ้านหนองบัว (K.35A)",
                "tele_station_oldcode": "MKSND02",
                "tele_station_name": "บ้านหนองบัว (K.35A)",
                "waterlevel_datetime": "2025-10-04 11:00",
                "waterlevel_msl": "24.28",
                "discharge": "83.11",
                "storage_percent": "24.67",
                "agency": "กฟผ.",
                "basin": "ลุ่มน้ำแม่กลอง",
                "province": "กาญจนบุรี",
                "amphoe": "เมืองกาญจนบุรี",
                "tumbon": "หนองบัว",
                "river_name": "แม่น้ำแควใหญ่"
            }
        },
        {
            "type": "Feature",
            "geometry": {
                "type": "Point",
                "coordinates": [
                    98.881874,
                    8.525788
                ]
            },
            "properties": {
                "id": 1144484876,
                "station_name": "สะพานคลองอิปัน",
                "tele_station_oldcode": "ONE003",
                "tele_station_name": "สะพานคลองอิปัน",
                "waterlevel_datetime": "2025-10-04 12:00",
                "waterlevel_msl": "36.97",
                "discharge": null,
                "storage_percent": "24.42",
                "agency": "สสน.",
                "basin": "ลุ่มน้ำภาคใต้ฝั่งตะวันออกตอนบน",
                "province": "กระบี่",
                "amphoe": "ปลายพระยา",
                "tumbon": "ปลายพระยา",
                "river_name": "คลองปันโตน"
            }
        },
        {
            "type": "Feature",
            "geometry": {
                "type": "Point",
                "coordinates": [
                    104.53841,
                    17.114717
                ]
            },
            "properties": {
                "id": 1144484886,
                "station_name": "ปตร. บ้านตับเต่า-ท้ายน้ำ",
                "tele_station_oldcode": "ONE020",
                "tele_station_name": "ปตร. บ้านตับเต่า-ท้ายน้ำ",
                "waterlevel_datetime": "2025-10-04 12:00",
                "waterlevel_msl": "142.96",
                "discharge": null,
                "storage_percent": "24.32",
                "agency": "สสน.",
                "basin": "ลุ่มน้ำโขงตะวันออกเฉียงเหนือ",
                "province": "นครพนม",
                "amphoe": "ปลาปาก",
                "tumbon": "หนองเทาใหญ่",
                "river_name": "ลำน้ำบัง"
            }
        },
        {
            "type": "Feature",
            "geometry": {
                "type": "Point",
                "coordinates": [
                    99.14636,
                    14.11265
                ]
            },
            "properties": {
                "id": 1144484781,
                "station_name": "ไทรโยค",
                "tele_station_oldcode": "KRN002",
                "tele_station_name": "ไทรโยค",
                "waterlevel_datetime": "2025-10-04 12:00",
                "waterlevel_msl": "34.00",
                "discharge": null,
                "storage_percent": "24.17",
                "agency": "สสน.",
                "basin": "ลุ่มน้ำแม่กลอง",
                "province": "กาญจนบุรี",
                "amphoe": "ไทรโยค",
                "tumbon": "ลุ่มสุ่ม",
                "river_name": "แม่น้ำแควน้อย"
            }
        },
        {
            "type": "Feature",
            "geometry": {
                "type": "Point",
                "coordinates": [
                    99.12956,
                    9.576608
                ]
            },
            "properties": {
                "id": 1144484905,
                "station_name": "สะพานข้ามคลองท่าชนะ",
                "tele_station_oldcode": "ONE046",
                "tele_station_name": "สะพานข้ามคลองท่าชนะ",
                "waterlevel_datetime": "2025-10-04 12:00",
                "waterlevel_msl": "6.73",
                "discharge": null,
                "storage_percent": "24.02",
                "agency": "สสน.",
                "basin": "ลุ่มน้ำภาคใต้ฝั่งตะวันออกตอนบน",
                "province": "สุราษฎร์ธานี",
                "amphoe": "ท่าชนะ",
                "tumbon": "คลองพา",
                "river_name": "คลองท่าชนะ"
            }
        },
        {
            "type": "Feature",
            "geometry": {
                "type": "Point",
                "coordinates": [
                    104.14093,
                    17.126007
                ]
            },
            "properties": {
                "id": 1144484894,
                "station_name": "สะพานข้ามคลองเดียก",
                "tele_station_oldcode": "ONE030",
                "tele_station_name": "สะพานข้ามคลองเดียก",
                "waterlevel_datetime": "2025-10-04 12:00",
                "waterlevel_msl": "161.24",
                "discharge": null,
                "storage_percent": "23.94",
                "agency": "สสน.",
                "basin": "ลุ่มน้ำโขงตะวันออกเฉียงเหนือ",
                "province": "สกลนคร",
                "amphoe": "เมืองสกลนคร",
                "tumbon": "ดงมะไฟ",
                "river_name": "ห้วยเดียก"
            }
        },
        {
            "type": "Feature",
            "geometry": {
                "type": "Point",
                "coordinates": [
                    99.622063,
                    18.596041
                ]
            },
            "properties": {
                "id": 1144478293,
                "station_name": "บ้านเมืองมาย",
                "tele_station_oldcode": "W.26",
                "tele_station_name": "บ้านเมืองมาย",
                "waterlevel_datetime": "2025-10-04 11:00",
                "waterlevel_msl": "286.77",
                "discharge": "3.43",
                "storage_percent": "23.75",
                "agency": "ชป.",
                "basin": "ลุ่มน้ำวัง",
                "province": "ลำปาง",
                "amphoe": "แจ้ห่ม",
                "tumbon": "เมืองมาย",
                "river_name": "ห้วยแม่คิ"
            }
        },
        {
            "type": "Feature",
            "geometry": {
                "type": "Point",
                "coordinates": [
                    99.957626,
                    18.709379
                ]
            },
            "properties": {
                "id": 1143976312,
                "station_name": "บ้านโป่ง",
                "tele_station_oldcode": "Y.30",
                "tele_station_name": "บ้านโป่ง",
                "waterlevel_datetime": "2025-10-03 06:00",
                "waterlevel_msl": "266.30",
                "discharge": "9.50",
                "storage_percent": "22.93",
                "agency": "ชป.",
                "basin": "ลุ่มน้ำยม",
                "province": "ลำปาง",
                "amphoe": "งาว",
                "tumbon": "บ้านโป่ง",
                "river_name": "น้ำแม่หวด"
            }
        },
        {
            "type": "Feature",
            "geometry": {
                "type": "Point",
                "coordinates": [
                    104.11901,
                    17.166748
                ]
            },
            "properties": {
                "id": 1144484895,
                "station_name": "สะพานข้ามคลองโมง",
                "tele_station_oldcode": "ONE033",
                "tele_station_name": "สะพานข้ามคลองโมง",
                "waterlevel_datetime": "2025-10-04 12:00",
                "waterlevel_msl": "157.72",
                "discharge": null,
                "storage_percent": "22.81",
                "agency": "สสน.",
                "basin": "ลุ่มน้ำโขงตะวันออกเฉียงเหนือ",
                "province": "สกลนคร",
                "amphoe": "เมืองสกลนคร",
                "tumbon": "ธาตุเชิงชุม",
                "river_name": "ห้วยโมง"
            }
        },
        {
            "type": "Feature",
            "geometry": {
                "type": "Point",
                "coordinates": [
                    101.726959,
                    6.33992
                ]
            },
            "properties": {
                "id": 1144450224,
                "station_name": "บ้านตันหยงมัส",
                "tele_station_oldcode": "X.73",
                "tele_station_name": "บ้านตันหยงมัส",
                "waterlevel_datetime": "2025-10-04 09:00",
                "waterlevel_msl": "11.20",
                "discharge": "11.00",
                "storage_percent": "22.79",
                "agency": "ชป.",
                "basin": "ลุ่มน้ำภาคใต้ฝั่งตะวันออกตอนล่าง",
                "province": "นราธิวาส",
                "amphoe": "ระแงะ",
                "tumbon": "ตันหยงมัส",
                "river_name": "คลองตันหยงมัส"
            }
        },
        {
            "type": "Feature",
            "geometry": {
                "type": "Point",
                "coordinates": [
                    99.237518,
                    18.9643
                ]
            },
            "properties": {
                "id": 1144435636,
                "station_name": "บ้านแม่หวาน",
                "tele_station_oldcode": "P.79",
                "tele_station_name": "บ้านแม่หวาน",
                "waterlevel_datetime": "2025-10-04 06:00",
                "waterlevel_msl": "442.81",
                "discharge": "7.20",
                "storage_percent": "22.74",
                "agency": "ชป.",
                "basin": "ลุ่มน้ำปิง",
                "province": "เชียงใหม่",
                "amphoe": "ดอยสะเก็ด",
                "tumbon": "ป่าเมี่ยง",
                "river_name": "น้ำแม่กวง"
            }
        },
        {
            "type": "Feature",
            "geometry": {
                "type": "Point",
                "coordinates": [
                    99.095345,
                    10.607461
                ]
            },
            "properties": {
                "id": 1144485023,
                "station_name": "สะพานมิตรภาพรับร่อ-หินแก้ว",
                "tele_station_oldcode": "TBW021",
                "tele_station_name": "สะพานมิตรภาพรับร่อ-หินแก้ว",
                "waterlevel_datetime": "2025-10-04 12:00",
                "waterlevel_msl": "8.57",
                "discharge": null,
                "storage_percent": "22.71",
                "agency": "สสน.",
                "basin": "ลุ่มน้ำภาคใต้ฝั่งตะวันออกตอนบน",
                "province": "ชุมพร",
                "amphoe": "ท่าแซะ",
                "tumbon": "รับร่อ",
                "river_name": "คลองรับรอ"
            }
        },
        {
            "type": "Feature",
            "geometry": {
                "type": "Point",
                "coordinates": [
                    101.89133,
                    14.26568
                ]
            },
            "properties": {
                "id": 1144484537,
                "station_name": "สะพานคลองลำพญาธาร",
                "tele_station_oldcode": "MOU460",
                "tele_station_name": "สะพานคลองลำพญาธาร",
                "waterlevel_datetime": "2025-10-04 12:00",
                "waterlevel_msl": "79.83",
                "discharge": null,
                "storage_percent": "22.67",
                "agency": "พพภ",
                "basin": "ลุ่มน้ำบางปะกง",
                "province": "ปราจีนบุรี",
                "amphoe": "นาดี",
                "tumbon": "บุพราหมณ์",
                "river_name": null
            }
        },
        {
            "type": "Feature",
            "geometry": {
                "type": "Point",
                "coordinates": [
                    101.564293,
                    14.72852
                ]
            },
            "properties": {
                "id": 1144478815,
                "station_name": "บ้านคลองหินลับ",
                "tele_station_oldcode": "M.183B",
                "tele_station_name": "บ้านคลองหินลับ",
                "waterlevel_datetime": "2025-10-04 11:00",
                "waterlevel_msl": "296.33",
                "discharge": "3.65",
                "storage_percent": "22.54",
                "agency": "ชป.",
                "basin": "ลุ่มน้ำมูล",
                "province": "นครราชสีมา",
                "amphoe": "ปากช่อง",
                "tumbon": "วังไทร",
                "river_name": "ห้วยหินลับ"
            }
        },
        {
            "type": "Feature",
            "geometry": {
                "type": "Point",
                "coordinates": [
                    101.312805,
                    14.315162
                ]
            },
            "properties": {
                "id": 1144484538,
                "station_name": "สะพานคลองนางรอง",
                "tele_station_oldcode": "MOU461",
                "tele_station_name": "สะพานคลองนางรอง",
                "waterlevel_datetime": "2025-10-04 12:00",
                "waterlevel_msl": "23.55",
                "discharge": null,
                "storage_percent": "22.22",
                "agency": "พพภ",
                "basin": "ลุ่มน้ำบางปะกง",
                "province": "นครนายก",
                "amphoe": "เมืองนครนายก",
                "tumbon": "หินตั้ง",
                "river_name": null
            }
        },
        {
            "type": "Feature",
            "geometry": {
                "type": "Point",
                "coordinates": [
                    99.058188,
                    17.041879
                ]
            },
            "properties": {
                "id": 1144470309,
                "station_name": "ห้วยตากที่ อ.บ้านตาก",
                "tele_station_oldcode": "BBBBD03",
                "tele_station_name": "ห้วยตากที่ อ.บ้านตาก",
                "waterlevel_datetime": "2025-10-04 11:00",
                "waterlevel_msl": "120.29",
                "discharge": null,
                "storage_percent": "22.01",
                "agency": "กฟผ.",
                "basin": "ลุ่มน้ำปิง",
                "province": "ตาก",
                "amphoe": "บ้านตาก",
                "tumbon": "เกาะตะเภา",
                "river_name": null
            }
        },
        {
            "type": "Feature",
            "geometry": {
                "type": "Point",
                "coordinates": [
                    99.026296,
                    17.238336
                ]
            },
            "properties": {
                "id": 1144470308,
                "station_name": "แม่น้ำปิงที่ อ.สามเงา (P.12C)",
                "tele_station_oldcode": "BBBBD01",
                "tele_station_name": "แม่น้ำปิงที่ อ.สามเงา (P.12C)",
                "waterlevel_datetime": "2025-10-04 11:00",
                "waterlevel_msl": "129.51",
                "discharge": null,
                "storage_percent": "21.81",
                "agency": "กฟผ.",
                "basin": "ลุ่มน้ำปิง",
                "province": "ตาก",
                "amphoe": "สามเงา",
                "tumbon": "ย่านรี",
                "river_name": null
            }
        },
        {
            "type": "Feature",
            "geometry": {
                "type": "Point",
                "coordinates": [
                    99.780228,
                    12.93651
                ]
            },
            "properties": {
                "id": 1144485880,
                "station_name": "สะพานท่าเกวียน",
                "tele_station_oldcode": "B.6A",
                "tele_station_name": "สะพานท่าเกวียน",
                "waterlevel_datetime": "2025-10-04 12:00",
                "waterlevel_msl": "27.49",
                "discharge": null,
                "storage_percent": "21.76",
                "agency": "ชป.",
                "basin": "ลุ่มน้ำเพชรบุรี-ประจวบคีรีขันธ์",
                "province": "เพชรบุรี",
                "amphoe": "แก่งกระจาน",
                "tumbon": "วังจันทร์",
                "river_name": "ห้วยแม่ประจันต์"
            }
        },
        {
            "type": "Feature",
            "geometry": {
                "type": "Point",
                "coordinates": [
                    102.881228,
                    16.571498
                ]
            },
            "properties": {
                "id": 1144478065,
                "station_name": "ลำน้ำพอง โรงเรียนลำน้ำพอง",
                "tele_station_oldcode": "URTD02",
                "tele_station_name": "ลำน้ำพอง โรงเรียนลำน้ำพอง",
                "waterlevel_datetime": "2025-10-04 11:00",
                "waterlevel_msl": "146.98",
                "discharge": "9.80",
                "storage_percent": "21.72",
                "agency": "กฟผ.",
                "basin": "ลุ่มน้ำชี",
                "province": "ขอนแก่น",
                "amphoe": "น้ำพอง",
                "tumbon": "ท่ากระเสริม",
                "river_name": "ลำน้ำพอง"
            }
        },
        {
            "type": "Feature",
            "geometry": {
                "type": "Point",
                "coordinates": [
                    99.050163,
                    10.6375
                ]
            },
            "properties": {
                "id": 1144450225,
                "station_name": "บ้านหาดใน ",
                "tele_station_oldcode": "X.248",
                "tele_station_name": "บ้านหาดใน ",
                "waterlevel_datetime": "2025-10-04 09:00",
                "waterlevel_msl": "18.55",
                "discharge": null,
                "storage_percent": "21.70",
                "agency": "ชป.",
                "basin": "ลุ่มน้ำภาคใต้ฝั่งตะวันออกตอนบน",
                "province": "ชุมพร",
                "amphoe": "ท่าแซะ",
                "tumbon": "รับร่อ",
                "river_name": "คลองรับรอ"
            }
        },
        {
            "type": "Feature",
            "geometry": {
                "type": "Point",
                "coordinates": [
                    102.254669,
                    12.79196
                ]
            },
            "properties": {
                "id": 1144480785,
                "station_name": "บ้านโป่งโรงเซ็น",
                "tele_station_oldcode": "Z.21",
                "tele_station_name": "บ้านโป่งโรงเซ็น",
                "waterlevel_datetime": "2025-10-04 11:00",
                "waterlevel_msl": "22.59",
                "discharge": "11.80",
                "storage_percent": "21.65",
                "agency": "ชป.",
                "basin": "ลุ่มน้ำชายฝั่งทะเลตะวันออก",
                "province": "จันทบุรี",
                "amphoe": "มะขาม",
                "tumbon": "ปัถวี",
                "river_name": "คลองทับนคร"
            }
        },
        {
            "type": "Feature",
            "geometry": {
                "type": "Point",
                "coordinates": [
                    99.63241,
                    19.2325
                ]
            },
            "properties": {
                "id": 1144484513,
                "station_name": "สะพานน้ำวัง",
                "tele_station_oldcode": "MOU323",
                "tele_station_name": "สะพานน้ำวัง",
                "waterlevel_datetime": "2025-10-04 12:00",
                "waterlevel_msl": "442.95",
                "discharge": null,
                "storage_percent": "21.61",
                "agency": "พพภ",
                "basin": "ลุ่มน้ำวัง",
                "province": "ลำปาง",
                "amphoe": "วังเหนือ",
                "tumbon": "ทุ่งฮั้ว",
                "river_name": "แม่น้ำวัง"
            }
        },
        {
            "type": "Feature",
            "geometry": {
                "type": "Point",
                "coordinates": [
                    101.89965,
                    12.986792
                ]
            },
            "properties": {
                "id": 1144484699,
                "station_name": "แก่งหางแมว",
                "tele_station_oldcode": "CHN004",
                "tele_station_name": "แก่งหางแมว",
                "waterlevel_datetime": "2025-10-04 12:00",
                "waterlevel_msl": "22.78",
                "discharge": null,
                "storage_percent": "21.45",
                "agency": "สสน.",
                "basin": "ลุ่มน้ำชายฝั่งทะเลตะวันออก",
                "province": "จันทบุรี",
                "amphoe": "แก่งหางแมว",
                "tumbon": "แก่งหางแมว",
                "river_name": "คลองโตนด"
            }
        },
        {
            "type": "Feature",
            "geometry": {
                "type": "Point",
                "coordinates": [
                    100.32621,
                    19.228954
                ]
            },
            "properties": {
                "id": 1144484522,
                "station_name": "สะพานน้ำเงิน",
                "tele_station_oldcode": "MOU353",
                "tele_station_name": "สะพานน้ำเงิน",
                "waterlevel_datetime": "2025-10-04 12:00",
                "waterlevel_msl": "311.07",
                "discharge": null,
                "storage_percent": "21.19",
                "agency": "พพภ",
                "basin": "ลุ่มน้ำยม",
                "province": "พะเยา",
                "amphoe": "ปง",
                "tumbon": "ออย",
                "river_name": "น้ำเงิน"
            }
        },
        {
            "type": "Feature",
            "geometry": {
                "type": "Point",
                "coordinates": [
                    99.449738,
                    13.69252
                ]
            },
            "properties": {
                "id": 1144485870,
                "station_name": "บ้านด่านทับตะโก",
                "tele_station_oldcode": "K.61",
                "tele_station_name": "บ้านด่านทับตะโก",
                "waterlevel_datetime": "2025-10-04 12:00",
                "waterlevel_msl": "65.71",
                "discharge": null,
                "storage_percent": "21.04",
                "agency": "ชป.",
                "basin": "ลุ่มน้ำแม่กลอง",
                "province": "ราชบุรี",
                "amphoe": "จอมบึง",
                "tumbon": "ด่านทับตะโก",
                "river_name": "แม่น้ำภาชี"
            }
        },
        {
            "type": "Feature",
            "geometry": {
                "type": "Point",
                "coordinates": [
                    98.503563,
                    8.51336
                ]
            },
            "properties": {
                "id": 1144450197,
                "station_name": "บ้านบางตง",
                "tele_station_oldcode": "X.245",
                "tele_station_name": "บ้านบางตง",
                "waterlevel_datetime": "2025-10-04 09:00",
                "waterlevel_msl": "8.31",
                "discharge": null,
                "storage_percent": "20.89",
                "agency": "ชป.",
                "basin": "ลุ่มน้ำภาคใต้ฝั่งตะวันตก",
                "province": "พังงา",
                "amphoe": "เมืองพังงา",
                "tumbon": "นบปริง",
                "river_name": "คลองพังงา"
            }
        },
        {
            "type": "Feature",
            "geometry": {
                "type": "Point",
                "coordinates": [
                    98.390472,
                    8.77622
                ]
            },
            "properties": {
                "id": 1144450186,
                "station_name": "บ้านหินดาน",
                "tele_station_oldcode": "X.187",
                "tele_station_name": "บ้านหินดาน",
                "waterlevel_datetime": "2025-10-04 09:00",
                "waterlevel_msl": "3.77",
                "discharge": "51.90",
                "storage_percent": "20.75",
                "agency": "ชป.",
                "basin": "ลุ่มน้ำภาคใต้ฝั่งตะวันตก",
                "province": "พังงา",
                "amphoe": "ตะกั่วป่า",
                "tumbon": "ตำตัว",
                "river_name": "คลองตะกั่วป่า"
            }
        },
        {
            "type": "Feature",
            "geometry": {
                "type": "Point",
                "coordinates": [
                    100.9464,
                    19.148952
                ]
            },
            "properties": {
                "id": 1144484456,
                "station_name": "ลำน้ำกูน",
                "tele_station_oldcode": "FOP008",
                "tele_station_name": "ลำน้ำกูน",
                "waterlevel_datetime": "2025-10-04 12:00",
                "waterlevel_msl": "297.28",
                "discharge": null,
                "storage_percent": "20.31",
                "agency": "พพภ",
                "basin": "ลุ่มน้ำน่าน",
                "province": "น่าน",
                "amphoe": "ปัว",
                "tumbon": "ศิลาแลง",
                "river_name": "น้ำคูณ"
            }
        },
        {
            "type": "Feature",
            "geometry": {
                "type": "Point",
                "coordinates": [
                    100.237633,
                    18.26643
                ]
            },
            "properties": {
                "id": 1144478323,
                "station_name": "บ้านแม่คำมีตำหนักธรรม",
                "tele_station_oldcode": "Y.38",
                "tele_station_name": "บ้านแม่คำมีตำหนักธรรม",
                "waterlevel_datetime": "2025-10-04 11:00",
                "waterlevel_msl": "170.93",
                "discharge": "5.27",
                "storage_percent": "19.38",
                "agency": "ชป.",
                "basin": "ลุ่มน้ำยม",
                "province": "แพร่",
                "amphoe": "หนองม่วงไข่",
                "tumbon": "ตำหนักธรรม",
                "river_name": "น้ำแม่คำมี"
            }
        },
        {
            "type": "Feature",
            "geometry": {
                "type": "Point",
                "coordinates": [
                    100.801727,
                    16.327471
                ]
            },
            "properties": {
                "id": 1144479485,
                "station_name": "บ้านวังโป่ง",
                "tele_station_oldcode": "N.54",
                "tele_station_name": "บ้านวังโป่ง",
                "waterlevel_datetime": "2025-10-04 11:00",
                "waterlevel_msl": "104.63",
                "discharge": "5.05",
                "storage_percent": "19.31",
                "agency": "ชป.",
                "basin": "ลุ่มน้ำน่าน",
                "province": "เพชรบูรณ์",
                "amphoe": "วังโป่ง",
                "tumbon": "วังโป่ง",
                "river_name": "คลองวังโปง"
            }
        },
        {
            "type": "Feature",
            "geometry": {
                "type": "Point",
                "coordinates": [
                    99.66542,
                    14.83506
                ]
            },
            "properties": {
                "id": 1144485046,
                "station_name": "ด่านช้าง",
                "tele_station_oldcode": "THA003",
                "tele_station_name": "ด่านช้าง",
                "waterlevel_datetime": "2025-10-04 12:00",
                "waterlevel_msl": "62.80",
                "discharge": null,
                "storage_percent": "19.27",
                "agency": "สสน.",
                "basin": "ลุ่มน้ำท่าจีน",
                "province": "สุพรรณบุรี",
                "amphoe": "ด่านช้าง",
                "tumbon": "ด่านช้าง",
                "river_name": "ห้วยกระเสียว"
            }
        },
        {
            "type": "Feature",
            "geometry": {
                "type": "Point",
                "coordinates": [
                    101.616791,
                    14.85019
                ]
            },
            "properties": {
                "id": 1144478844,
                "station_name": "บ้านลาดบัวขาว",
                "tele_station_oldcode": "M.177",
                "tele_station_name": "บ้านลาดบัวขาว",
                "waterlevel_datetime": "2025-10-04 11:00",
                "waterlevel_msl": "238.74",
                "discharge": "2.02",
                "storage_percent": "19.01",
                "agency": "ชป.",
                "basin": "ลุ่มน้ำมูล",
                "province": "นครราชสีมา",
                "amphoe": "สีคิ้ว",
                "tumbon": "ลาดบัวขาว",
                "river_name": "ลำตะคอง"
            }
        },
        {
            "type": "Feature",
            "geometry": {
                "type": "Point",
                "coordinates": [
                    98.958786,
                    19.507929
                ]
            },
            "properties": {
                "id": 1144484511,
                "station_name": "สะพานแม่น้ำปิง",
                "tele_station_oldcode": "MOU303",
                "tele_station_name": "สะพานแม่น้ำปิง",
                "waterlevel_datetime": "2025-10-04 12:00",
                "waterlevel_msl": "429.17",
                "discharge": null,
                "storage_percent": "18.85",
                "agency": "พพภ",
                "basin": "ลุ่มน้ำปิง",
                "province": "เชียงใหม่",
                "amphoe": "เชียงดาว",
                "tumbon": "ทุ่งข้าวพวง",
                "river_name": null
            }
        },
        {
            "type": "Feature",
            "geometry": {
                "type": "Point",
                "coordinates": [
                    99.578438,
                    7.55583
                ]
            },
            "properties": {
                "id": 1144450159,
                "station_name": "บ้านท่าจีน",
                "tele_station_oldcode": "X.47",
                "tele_station_name": "บ้านท่าจีน",
                "waterlevel_datetime": "2025-10-04 09:00",
                "waterlevel_msl": "0.99",
                "discharge": null,
                "storage_percent": "18.68",
                "agency": "ชป.",
                "basin": "ลุ่มน้ำภาคใต้ฝั่งตะวันตก",
                "province": "ตรัง",
                "amphoe": "เมืองตรัง",
                "tumbon": "บางรัก",
                "river_name": "แม่น้ำตรัง"
            }
        },
        {
            "type": "Feature",
            "geometry": {
                "type": "Point",
                "coordinates": [
                    99.46628,
                    18.474382
                ]
            },
            "properties": {
                "id": 1144484515,
                "station_name": "สะพานพัฒนามิตรภาพแม่น้ำตุ๋ย",
                "tele_station_oldcode": "MOU325",
                "tele_station_name": "สะพานพัฒนามิตรภาพแม่น้ำตุ๋ย",
                "waterlevel_datetime": "2025-10-04 12:00",
                "waterlevel_msl": "266.63",
                "discharge": null,
                "storage_percent": "18.61",
                "agency": "พพภ",
                "basin": "ลุ่มน้ำวัง",
                "province": "ลำปาง",
                "amphoe": "เมืองลำปาง",
                "tumbon": "บ้านเอื้อม",
                "river_name": null
            }
        },
        {
            "type": "Feature",
            "geometry": {
                "type": "Point",
                "coordinates": [
                    100.06351,
                    17.968727
                ]
            },
            "properties": {
                "id": 1144485103,
                "station_name": "ห้วยแม่พวก",
                "tele_station_oldcode": "YOM016",
                "tele_station_name": "ห้วยแม่พวก",
                "waterlevel_datetime": "2025-10-04 12:00",
                "waterlevel_msl": "155.79",
                "discharge": null,
                "storage_percent": "18.61",
                "agency": "สสน.",
                "basin": "ลุ่มน้ำยม",
                "province": "แพร่",
                "amphoe": "เด่นชัย",
                "tumbon": "เด่นชัย",
                "river_name": "ห้วยแม่พวก"
            }
        },
        {
            "type": "Feature",
            "geometry": {
                "type": "Point",
                "coordinates": [
                    99.235817,
                    18.916401
                ]
            },
            "properties": {
                "id": 1144435637,
                "station_name": "บ้านโป่งดิน",
                "tele_station_oldcode": "P.80",
                "tele_station_name": "บ้านโป่งดิน",
                "waterlevel_datetime": "2025-10-04 06:00",
                "waterlevel_msl": "455.72",
                "discharge": "3.82",
                "storage_percent": "18.51",
                "agency": "ชป.",
                "basin": "ลุ่มน้ำปิง",
                "province": "เชียงใหม่",
                "amphoe": "ดอยสะเก็ด",
                "tumbon": "ป่าเมี่ยง",
                "river_name": "ห้วยแม่วะ"
            }
        },
        {
            "type": "Feature",
            "geometry": {
                "type": "Point",
                "coordinates": [
                    99.7833,
                    8.4339
                ]
            },
            "properties": {
                "id": 1144484542,
                "station_name": "สะพานคลองปง (คีรีวง)",
                "tele_station_oldcode": "MOU493",
                "tele_station_name": "สะพานคลองปง (คีรีวง)",
                "waterlevel_datetime": "2025-10-04 12:00",
                "waterlevel_msl": "43.18",
                "discharge": null,
                "storage_percent": "18.39",
                "agency": "พพภ",
                "basin": "ลุ่มน้ำภาคใต้ฝั่งตะวันออกตอนบน",
                "province": "นครศรีธรรมราช",
                "amphoe": "ลานสกา",
                "tumbon": "กำโลน",
                "river_name": "คลองท่าดี"
            }
        },
        {
            "type": "Feature",
            "geometry": {
                "type": "Point",
                "coordinates": [
                    101.49695,
                    6.227293
                ]
            },
            "properties": {
                "id": 1144484993,
                "station_name": "ศรีสาคร",
                "tele_station_oldcode": "SAY002",
                "tele_station_name": "ศรีสาคร",
                "waterlevel_datetime": "2025-10-04 12:00",
                "waterlevel_msl": "24.79",
                "discharge": null,
                "storage_percent": "18.34",
                "agency": "สสน.",
                "basin": "ลุ่มน้ำภาคใต้ฝั่งตะวันออกตอนล่าง",
                "province": "นราธิวาส",
                "amphoe": "ศรีสาคร",
                "tumbon": "ศรีสาคร",
                "river_name": "แม่น้ำสายบุรี"
            }
        },
        {
            "type": "Feature",
            "geometry": {
                "type": "Point",
                "coordinates": [
                    98.364,
                    17.7999
                ]
            },
            "properties": {
                "id": 1144484506,
                "station_name": "สะพานน้ำแม่ต๋อม",
                "tele_station_oldcode": "MOU298",
                "tele_station_name": "สะพานน้ำแม่ต๋อม",
                "waterlevel_datetime": "2025-10-04 12:00",
                "waterlevel_msl": "794.91",
                "discharge": null,
                "storage_percent": "18.32",
                "agency": "พพภ",
                "basin": "ลุ่มน้ำปิง",
                "province": "เชียงใหม่",
                "amphoe": "อมก๋อย",
                "tumbon": "อมก๋อย",
                "river_name": "น้ำแม่ต๋อม"
            }
        },
        {
            "type": "Feature",
            "geometry": {
                "type": "Point",
                "coordinates": [
                    100.509315,
                    18.584215
                ]
            },
            "properties": {
                "id": 1144484499,
                "station_name": "สะพานห้วยแม่ถาบ้านปาหุ่ง",
                "tele_station_oldcode": "MOU048",
                "tele_station_name": "สะพานห้วยแม่ถาบ้านปาหุ่ง",
                "waterlevel_datetime": "2025-10-04 12:00",
                "waterlevel_msl": "291.06",
                "discharge": null,
                "storage_percent": "17.92",
                "agency": "พพภ",
                "basin": "ลุ่มน้ำน่าน",
                "province": "น่าน",
                "amphoe": "เวียงสา",
                "tumbon": "ยาบหัวนา",
                "river_name": "ห้วยแม่ถา"
            }
        },
        {
            "type": "Feature",
            "geometry": {
                "type": "Point",
                "coordinates": [
                    99.569565,
                    18.784437
                ]
            },
            "properties": {
                "id": 1144484512,
                "station_name": "สะพานน้ำคลองแม่สอย",
                "tele_station_oldcode": "MOU322",
                "tele_station_name": "สะพานน้ำคลองแม่สอย",
                "waterlevel_datetime": "2025-10-04 12:00",
                "waterlevel_msl": "308.93",
                "discharge": null,
                "storage_percent": "17.90",
                "agency": "พพภ",
                "basin": "ลุ่มน้ำวัง",
                "province": "ลำปาง",
                "amphoe": "แจ้ห่ม",
                "tumbon": "แม่สุก",
                "river_name": null
            }
        },
        {
            "type": "Feature",
            "geometry": {
                "type": "Point",
                "coordinates": [
                    100.44173,
                    20.19638
                ]
            },
            "properties": {
                "id": 1144485026,
                "station_name": "สะพานอิงอุดม",
                "tele_station_oldcode": "TBW024",
                "tele_station_name": "สะพานอิงอุดม",
                "waterlevel_datetime": "2025-10-04 12:00",
                "waterlevel_msl": "337.74",
                "discharge": null,
                "storage_percent": "16.97",
                "agency": "สสน.",
                "basin": "ลุ่มน้ำโขงเหนือ",
                "province": "เชียงราย",
                "amphoe": "เชียงของ",
                "tumbon": "ศรีดอนชัย",
                "river_name": "แม่น้ำอิง"
            }
        },
        {
            "type": "Feature",
            "geometry": {
                "type": "Point",
                "coordinates": [
                    99.841743,
                    7.70724
                ]
            },
            "properties": {
                "id": 1144450199,
                "station_name": "บ้านเขาปู่",
                "tele_station_oldcode": "X.276",
                "tele_station_name": "บ้านเขาปู่",
                "waterlevel_datetime": "2025-10-04 09:00",
                "waterlevel_msl": "50.66",
                "discharge": "2.30",
                "storage_percent": "16.84",
                "agency": "ชป.",
                "basin": "ลุ่มน้ำทะเลสาบสงขลา",
                "province": "พัทลุง",
                "amphoe": "ศรีบรรพต",
                "tumbon": "เขาปู่",
                "river_name": "คลองใหญ่"
            }
        },
        {
            "type": "Feature",
            "geometry": {
                "type": "Point",
                "coordinates": [
                    99.537178,
                    18.34301
                ]
            },
            "properties": {
                "id": 1144429231,
                "station_name": "บ้านท่าเดื่อ",
                "tele_station_oldcode": "W.21",
                "tele_station_name": "บ้านท่าเดื่อ",
                "waterlevel_datetime": "2025-10-04 06:00",
                "waterlevel_msl": "232.02",
                "discharge": "13.78",
                "storage_percent": "16.71",
                "agency": "ชป.",
                "basin": "ลุ่มน้ำวัง",
                "province": "ลำปาง",
                "amphoe": "เมืองลำปาง",
                "tumbon": "ต้นธงชัย",
                "river_name": "แม่น้ำวัง"
            }
        },
        {
            "type": "Feature",
            "geometry": {
                "type": "Point",
                "coordinates": [
                    99.88784,
                    12.97398
                ]
            },
            "properties": {
                "id": 1144485883,
                "station_name": "ตลาดท่ายาง",
                "tele_station_oldcode": "B.10",
                "tele_station_name": "ตลาดท่ายาง",
                "waterlevel_datetime": "2025-10-04 12:00",
                "waterlevel_msl": "6.42",
                "discharge": "13.30",
                "storage_percent": "16.70",
                "agency": "ชป.",
                "basin": "ลุ่มน้ำเพชรบุรี-ประจวบคีรีขันธ์",
                "province": "เพชรบุรี",
                "amphoe": "ท่ายาง",
                "tumbon": "ท่ายาง",
                "river_name": "แม่น้ำเพชรบุรี"
            }
        },
        {
            "type": "Feature",
            "geometry": {
                "type": "Point",
                "coordinates": [
                    99.218651,
                    18.739611
                ]
            },
            "properties": {
                "id": 1144435641,
                "station_name": "บ้านโห้ง",
                "tele_station_oldcode": "P.86",
                "tele_station_name": "บ้านโห้ง",
                "waterlevel_datetime": "2025-10-04 06:00",
                "waterlevel_msl": "341.05",
                "discharge": "0.35",
                "storage_percent": "16.59",
                "agency": "ชป.",
                "basin": "ลุ่มน้ำปิง",
                "province": "เชียงใหม่",
                "amphoe": "สันกำแพง",
                "tumbon": "ร้องวัวแดง",
                "river_name": "เหมืองฮอ"
            }
        },
        {
            "type": "Feature",
            "geometry": {
                "type": "Point",
                "coordinates": [
                    99.372253,
                    11.06431
                ]
            },
            "properties": {
                "id": 1144485873,
                "station_name": "บ้านช้างแรก",
                "tele_station_oldcode": "Gt.11",
                "tele_station_name": "บ้านช้างแรก",
                "waterlevel_datetime": "2025-10-04 12:00",
                "waterlevel_msl": "38.19",
                "discharge": "0.10",
                "storage_percent": "16.32",
                "agency": "ชป.",
                "basin": "ลุ่มน้ำเพชรบุรี-ประจวบคีรีขันธ์",
                "province": "ประจวบคีรีขันธ์",
                "amphoe": "บางสะพานน้อย",
                "tumbon": "ช้างแรก",
                "river_name": "ห้วยหินปิด"
            }
        },
        {
            "type": "Feature",
            "geometry": {
                "type": "Point",
                "coordinates": [
                    102.475716,
                    12.250544
                ]
            },
            "properties": {
                "id": 1144485068,
                "station_name": "คลองเขาระกำ",
                "tele_station_oldcode": "TRD007",
                "tele_station_name": "คลองเขาระกำ",
                "waterlevel_datetime": "2025-10-04 12:00",
                "waterlevel_msl": "2.07",
                "discharge": null,
                "storage_percent": "16.22",
                "agency": "สสน.",
                "basin": "ลุ่มน้ำชายฝั่งทะเลตะวันออก",
                "province": "ตราด",
                "amphoe": "เมืองตราด",
                "tumbon": "วังกระแจะ",
                "river_name": "คลองบางพระ"
            }
        },
        {
            "type": "Feature",
            "geometry": {
                "type": "Point",
                "coordinates": [
                    102.415,
                    12.7065
                ]
            },
            "properties": {
                "id": 1144475982,
                "station_name": "สะพานคลองสะตอ",
                "tele_station_oldcode": "MOU473",
                "tele_station_name": "สะพานคลองสะตอ",
                "waterlevel_datetime": "2025-10-04 11:30",
                "waterlevel_msl": "95.31",
                "discharge": null,
                "storage_percent": "16.18",
                "agency": "พพภ",
                "basin": "ลุ่มน้ำชายฝั่งทะเลตะวันออก",
                "province": "ตราด",
                "amphoe": "บ่อไร่",
                "tumbon": "หนองบอน",
                "river_name": "คลองสะตอ"
            }
        },
        {
            "type": "Feature",
            "geometry": {
                "type": "Point",
                "coordinates": [
                    99.787033,
                    17.792339
                ]
            },
            "properties": {
                "id": 1144479466,
                "station_name": "ห้วยแม่สิน",
                "tele_station_oldcode": "Y.21",
                "tele_station_name": "ห้วยแม่สิน",
                "waterlevel_datetime": "2025-10-04 11:00",
                "waterlevel_msl": "115.23",
                "discharge": "6.41",
                "storage_percent": "16.17",
                "agency": "ชป.",
                "basin": "ลุ่มน้ำยม",
                "province": "สุโขทัย",
                "amphoe": "ศรีสัชนาลัย",
                "tumbon": "แม่สิน",
                "river_name": "ห้วยแม่สิน"
            }
        },
        {
            "type": "Feature",
            "geometry": {
                "type": "Point",
                "coordinates": [
                    99.068334,
                    16.840886
                ]
            },
            "properties": {
                "id": 1144470316,
                "station_name": "ห้วยแม่ท้อที่ อ.เมืองตาก",
                "tele_station_oldcode": "BBBBD05",
                "tele_station_name": "ห้วยแม่ท้อที่ อ.เมืองตาก",
                "waterlevel_datetime": "2025-10-04 11:00",
                "waterlevel_msl": "128.15",
                "discharge": null,
                "storage_percent": "16.10",
                "agency": "กฟผ.",
                "basin": "ลุ่มน้ำปิง",
                "province": "ตาก",
                "amphoe": "เมืองตาก",
                "tumbon": "แม่ท้อ",
                "river_name": null
            }
        },
        {
            "type": "Feature",
            "geometry": {
                "type": "Point",
                "coordinates": [
                    99.948219,
                    13.11125
                ]
            },
            "properties": {
                "id": 1144485885,
                "station_name": "ข้างจวนผู้ว่าฯ",
                "tele_station_oldcode": "B.15",
                "tele_station_name": "ข้างจวนผู้ว่าฯ",
                "waterlevel_datetime": "2025-10-04 12:00",
                "waterlevel_msl": "0.55",
                "discharge": null,
                "storage_percent": "16.05",
                "agency": "ชป.",
                "basin": "ลุ่มน้ำเพชรบุรี-ประจวบคีรีขันธ์",
                "province": "เพชรบุรี",
                "amphoe": "เมืองเพชรบุรี",
                "tumbon": "คลองกระแชง",
                "river_name": "แม่น้ำเพชรบุรี"
            }
        },
        {
            "type": "Feature",
            "geometry": {
                "type": "Point",
                "coordinates": [
                    103.594856,
                    16.86068
                ]
            },
            "properties": {
                "id": 1144399701,
                "station_name": "บ้านโพน",
                "tele_station_oldcode": "E.76A",
                "tele_station_name": "บ้านโพน",
                "waterlevel_datetime": "2025-10-04 06:00",
                "waterlevel_msl": "165.23",
                "discharge": "2.86",
                "storage_percent": "15.66",
                "agency": "ชป.",
                "basin": "ลุ่มน้ำชี",
                "province": "กาฬสินธุ์",
                "amphoe": "คำม่วง",
                "tumbon": "โพน",
                "river_name": "ห้วยสังกะ"
            }
        },
        {
            "type": "Feature",
            "geometry": {
                "type": "Point",
                "coordinates": [
                    99.86503,
                    13.81859
                ]
            },
            "properties": {
                "id": 1144484942,
                "station_name": "บ้านโป่ง",
                "tele_station_oldcode": "RAJ002",
                "tele_station_name": "บ้านโป่ง",
                "waterlevel_datetime": "2025-10-04 12:00",
                "waterlevel_msl": "1.96",
                "discharge": null,
                "storage_percent": "15.65",
                "agency": "สสน.",
                "basin": "ลุ่มน้ำแม่กลอง",
                "province": "ราชบุรี",
                "amphoe": "บ้านโป่ง",
                "tumbon": "เบิกไพร",
                "river_name": "แม่น้ำแม่กลอง"
            }
        },
        {
            "type": "Feature",
            "geometry": {
                "type": "Point",
                "coordinates": [
                    100.73505,
                    19.026321
                ]
            },
            "properties": {
                "id": 1144484497,
                "station_name": "สะพานห้วยน้ำสาย",
                "tele_station_oldcode": "MOU038",
                "tele_station_name": "สะพานห้วยน้ำสาย",
                "waterlevel_datetime": "2025-10-04 12:00",
                "waterlevel_msl": "264.00",
                "discharge": null,
                "storage_percent": "15.64",
                "agency": "พพภ",
                "basin": "ลุ่มน้ำน่าน",
                "province": "น่าน",
                "amphoe": "ท่าวังผา",
                "tumbon": "ตาลชุม",
                "river_name": "น้ำสบสาย"
            }
        },
        {
            "type": "Feature",
            "geometry": {
                "type": "Point",
                "coordinates": [
                    99.70351,
                    8.178332
                ]
            },
            "properties": {
                "id": 1144484480,
                "station_name": "บ้านใต้",
                "tele_station_oldcode": "FOP058",
                "tele_station_name": "บ้านใต้",
                "waterlevel_datetime": "2025-10-04 12:00",
                "waterlevel_msl": "59.60",
                "discharge": null,
                "storage_percent": "15.59",
                "agency": "พพภ",
                "basin": "ลุ่มน้ำภาคใต้ฝั่งตะวันตก",
                "province": "นครศรีธรรมราช",
                "amphoe": "ทุ่งสง",
                "tumbon": "นาหลวงเสน",
                "river_name": "คลองท่าโลน"
            }
        },
        {
            "type": "Feature",
            "geometry": {
                "type": "Point",
                "coordinates": [
                    98.80909,
                    14.43409
                ]
            },
            "properties": {
                "id": 1144485865,
                "station_name": "บ้านน้ำโจน",
                "tele_station_oldcode": "K.31",
                "tele_station_name": "บ้านน้ำโจน",
                "waterlevel_datetime": "2025-10-04 12:00",
                "waterlevel_msl": "58.19",
                "discharge": "30.78",
                "storage_percent": "15.23",
                "agency": "ชป.",
                "basin": "ลุ่มน้ำแม่กลอง",
                "province": "กาญจนบุรี",
                "amphoe": "ไทรโยค",
                "tumbon": "ไทรโยค",
                "river_name": "ห้วยแม่น้ำน้อย"
            }
        },
        {
            "type": "Feature",
            "geometry": {
                "type": "Point",
                "coordinates": [
                    99.51958,
                    16.49714
                ]
            },
            "properties": {
                "id": 1144484723,
                "station_name": "ท่อทองแดง1",
                "tele_station_oldcode": "DIV005",
                "tele_station_name": "ท่อทองแดง1",
                "waterlevel_datetime": "2025-10-04 12:00",
                "waterlevel_msl": "73.33",
                "discharge": null,
                "storage_percent": "15.20",
                "agency": "สสน.",
                "basin": "ลุ่มน้ำปิง",
                "province": "กำแพงเพชร",
                "amphoe": "เมืองกำแพงเพชร",
                "tumbon": "หนองปลิง",
                "river_name": "คลองหนองเต่า"
            }
        },
        {
            "type": "Feature",
            "geometry": {
                "type": "Point",
                "coordinates": [
                    100.124115,
                    17.71633
                ]
            },
            "properties": {
                "id": 1144484478,
                "station_name": "คลองกั้ง",
                "tele_station_oldcode": "FOP055",
                "tele_station_name": "คลองกั้ง",
                "waterlevel_datetime": "2025-10-04 12:00",
                "waterlevel_msl": "69.84",
                "discharge": null,
                "storage_percent": "14.56",
                "agency": "พพภ",
                "basin": "ลุ่มน้ำน่าน",
                "province": "อุตรดิตถ์",
                "amphoe": "เมืองอุตรดิตถ์",
                "tumbon": "บ้านด่านนาขาม",
                "river_name": "ห้วยกั้ง"
            }
        },
        {
            "type": "Feature",
            "geometry": {
                "type": "Point",
                "coordinates": [
                    99.8496,
                    17.802008
                ]
            },
            "properties": {
                "id": 1144484525,
                "station_name": "สะพานน้ำแม่สิน",
                "tele_station_oldcode": "MOU359",
                "tele_station_name": "สะพานน้ำแม่สิน",
                "waterlevel_datetime": "2025-10-04 12:00",
                "waterlevel_msl": "144.65",
                "discharge": null,
                "storage_percent": "14.24",
                "agency": "พพภ",
                "basin": "ลุ่มน้ำยม",
                "province": "แพร่",
                "amphoe": "วังชิ้น",
                "tumbon": "นาพูน",
                "river_name": null
            }
        },
        {
            "type": "Feature",
            "geometry": {
                "type": "Point",
                "coordinates": [
                    99.81754,
                    12.92217
                ]
            },
            "properties": {
                "id": 1144484914,
                "station_name": "แก่งกระจาน",
                "tele_station_oldcode": "PCH002",
                "tele_station_name": "แก่งกระจาน",
                "waterlevel_datetime": "2025-10-04 12:00",
                "waterlevel_msl": "17.97",
                "discharge": null,
                "storage_percent": "14.12",
                "agency": "สสน.",
                "basin": "ลุ่มน้ำเพชรบุรี-ประจวบคีรีขันธ์",
                "province": "เพชรบุรี",
                "amphoe": "แก่งกระจาน",
                "tumbon": "วังจันทร์",
                "river_name": "ห้วยแม่ประจันต์"
            }
        },
        {
            "type": "Feature",
            "geometry": {
                "type": "Point",
                "coordinates": [
                    103.308609,
                    16.665831
                ]
            },
            "properties": {
                "id": 1144481258,
                "station_name": "บ้านหนองริวหนัง",
                "tele_station_oldcode": "E.89",
                "tele_station_name": "บ้านหนองริวหนัง",
                "waterlevel_datetime": "2025-10-04 11:00",
                "waterlevel_msl": "172.52",
                "discharge": "5.07",
                "storage_percent": "13.88",
                "agency": "ชป.",
                "basin": "ลุ่มน้ำชี",
                "province": "กาฬสินธุ์",
                "amphoe": "หนองกุงศรี",
                "tumbon": "ลำหนองแสน",
                "river_name": "ห้วยลำหนองแสน"
            }
        },
        {
            "type": "Feature",
            "geometry": {
                "type": "Point",
                "coordinates": [
                    101.268237,
                    6.262132
                ]
            },
            "properties": {
                "id": 1144470936,
                "station_name": "สะพานหัวสะพาน อ.บันนังสตา จ.ยะลา",
                "tele_station_oldcode": "BLGTD02",
                "tele_station_name": "สะพานหัวสะพาน อ.บันนังสตา จ.ยะลา",
                "waterlevel_datetime": "2025-10-04 11:00",
                "waterlevel_msl": "35.19",
                "discharge": null,
                "storage_percent": "13.10",
                "agency": "กฟผ.",
                "basin": "ลุ่มน้ำภาคใต้ฝั่งตะวันออกตอนล่าง",
                "province": "ยะลา",
                "amphoe": "บันนังสตา",
                "tumbon": "บาเจาะ",
                "river_name": "แม่น้ำปัตตานี"
            }
        },
        {
            "type": "Feature",
            "geometry": {
                "type": "Point",
                "coordinates": [
                    101.252129,
                    6.866
                ]
            },
            "properties": {
                "id": 1144450240,
                "station_name": "สะพานเดชานุชิต",
                "tele_station_oldcode": "X.10A",
                "tele_station_name": "สะพานเดชานุชิต",
                "waterlevel_datetime": "2025-10-04 09:00",
                "waterlevel_msl": "0.15",
                "discharge": null,
                "storage_percent": "13.04",
                "agency": "ชป.",
                "basin": "ลุ่มน้ำภาคใต้ฝั่งตะวันออกตอนล่าง",
                "province": "ปัตตานี",
                "amphoe": "เมืองปัตตานี",
                "tumbon": "อาเนาะรู",
                "river_name": "แม่น้ำปัตตานี"
            }
        },
        {
            "type": "Feature",
            "geometry": {
                "type": "Point",
                "coordinates": [
                    100.76151,
                    18.54992
                ]
            },
            "properties": {
                "id": 1144484861,
                "station_name": "เวียงสา",
                "tele_station_oldcode": "NAN009",
                "tele_station_name": "เวียงสา",
                "waterlevel_datetime": "2025-10-04 12:00",
                "waterlevel_msl": "177.36",
                "discharge": null,
                "storage_percent": "12.21",
                "agency": "สสน.",
                "basin": "ลุ่มน้ำน่าน",
                "province": "น่าน",
                "amphoe": "เวียงสา",
                "tumbon": "ส้าน",
                "river_name": "แม่น้ำน่าน"
            }
        },
        {
            "type": "Feature",
            "geometry": {
                "type": "Point",
                "coordinates": [
                    98.85421,
                    9.252886
                ]
            },
            "properties": {
                "id": 1144484483,
                "station_name": "บ้านคลองมุย หมู่ที่ 13",
                "tele_station_oldcode": "FOP063",
                "tele_station_name": "บ้านคลองมุย หมู่ที่ 13",
                "waterlevel_datetime": "2025-10-04 12:00",
                "waterlevel_msl": "110.83",
                "discharge": null,
                "storage_percent": "12.04",
                "agency": "พพภ",
                "basin": "ลุ่มน้ำภาคใต้ฝั่งตะวันออกตอนบน",
                "province": "สุราษฎร์ธานี",
                "amphoe": "วิภาวดี",
                "tumbon": "ตะกุกเหนือ",
                "river_name": "คลองมุย"
            }
        },
        {
            "type": "Feature",
            "geometry": {
                "type": "Point",
                "coordinates": [
                    98.895035,
                    9.155628
                ]
            },
            "properties": {
                "id": 1144484464,
                "station_name": "สะพานคลองพาย",
                "tele_station_oldcode": "FOP026",
                "tele_station_name": "สะพานคลองพาย",
                "waterlevel_datetime": "2025-10-04 12:00",
                "waterlevel_msl": "77.94",
                "discharge": null,
                "storage_percent": "11.87",
                "agency": "พพภ",
                "basin": "ลุ่มน้ำภาคใต้ฝั่งตะวันออกตอนบน",
                "province": "สุราษฎร์ธานี",
                "amphoe": "คีรีรัฐนิคม",
                "tumbon": "น้ำหัก",
                "river_name": "ห้วยแวัะ"
            }
        },
        {
            "type": "Feature",
            "geometry": {
                "type": "Point",
                "coordinates": [
                    99.93332,
                    7.876858
                ]
            },
            "properties": {
                "id": 1144484470,
                "station_name": "สะพานข้ามคลองห้วยกรวด",
                "tele_station_oldcode": "FOP037",
                "tele_station_name": "สะพานข้ามคลองห้วยกรวด",
                "waterlevel_datetime": "2025-10-04 12:00",
                "waterlevel_msl": "14.01",
                "discharge": null,
                "storage_percent": "11.61",
                "agency": "พพภ",
                "basin": "ลุ่มน้ำทะเลสาบสงขลา",
                "province": "นครศรีธรรมราช",
                "amphoe": "ชะอวด",
                "tumbon": "เกาะขันธ์",
                "river_name": "คลองห้วยกรวด"
            }
        },
        {
            "type": "Feature",
            "geometry": {
                "type": "Point",
                "coordinates": [
                    99.67887,
                    8.174954
                ]
            },
            "properties": {
                "id": 1144484868,
                "station_name": "ทุ่งสง",
                "tele_station_oldcode": "NKO001",
                "tele_station_name": "ทุ่งสง",
                "waterlevel_datetime": "2025-10-04 12:00",
                "waterlevel_msl": "51.11",
                "discharge": null,
                "storage_percent": "11.60",
                "agency": "สสน.",
                "basin": "ลุ่มน้ำภาคใต้ฝั่งตะวันตก",
                "province": "นครศรีธรรมราช",
                "amphoe": "ทุ่งสง",
                "tumbon": "ปากแพรก",
                "river_name": "คลองท่าเลา"
            }
        },
        {
            "type": "Feature",
            "geometry": {
                "type": "Point",
                "coordinates": [
                    101.244888,
                    6.82152
                ]
            },
            "properties": {
                "id": 1144450235,
                "station_name": "บ้านบริดอ",
                "tele_station_oldcode": "X.275",
                "tele_station_name": "บ้านบริดอ",
                "waterlevel_datetime": "2025-10-04 09:00",
                "waterlevel_msl": "0.23",
                "discharge": null,
                "storage_percent": "11.50",
                "agency": "ชป.",
                "basin": "ลุ่มน้ำภาคใต้ฝั่งตะวันออกตอนล่าง",
                "province": "ปัตตานี",
                "amphoe": "เมืองปัตตานี",
                "tumbon": "บาราเฮาะ",
                "river_name": "แม่น้ำปัตตานี"
            }
        },
        {
            "type": "Feature",
            "geometry": {
                "type": "Point",
                "coordinates": [
                    101.17807,
                    19.270342
                ]
            },
            "properties": {
                "id": 1144484495,
                "station_name": "สะพานแม่น้ำว้า บ้านบ่อหยวก",
                "tele_station_oldcode": "MOU033",
                "tele_station_name": "สะพานแม่น้ำว้า บ้านบ่อหยวก",
                "waterlevel_datetime": "2025-10-04 12:00",
                "waterlevel_msl": "846.03",
                "discharge": null,
                "storage_percent": "11.37",
                "agency": "พพภ",
                "basin": "ลุ่มน้ำน่าน",
                "province": "น่าน",
                "amphoe": "บ่อเกลือ",
                "tumbon": "บ่อเกลือเหนือ",
                "river_name": "น้ำว้า"
            }
        },
        {
            "type": "Feature",
            "geometry": {
                "type": "Point",
                "coordinates": [
                    99.508499,
                    11.20557
                ]
            },
            "properties": {
                "id": 1144482608,
                "station_name": "สะพานรถยนต์ ร.ร.อนุบาลบางสะพาน",
                "tele_station_oldcode": "Gt.20",
                "tele_station_name": "สะพานรถยนต์ ร.ร.อนุบาลบางสะพาน",
                "waterlevel_datetime": "2025-10-04 11:00",
                "waterlevel_msl": "0.01",
                "discharge": null,
                "storage_percent": "11.13",
                "agency": "ชป.",
                "basin": "ลุ่มน้ำเพชรบุรี-ประจวบคีรีขันธ์",
                "province": "ประจวบคีรีขันธ์",
                "amphoe": "บางสะพาน",
                "tumbon": "กำเนิดนพคุณ",
                "river_name": "คลองบางกระจอง"
            }
        },
        {
            "type": "Feature",
            "geometry": {
                "type": "Point",
                "coordinates": [
                    98.82031,
                    8.889668
                ]
            },
            "properties": {
                "id": 1144484465,
                "station_name": "สะพานทางเข้าชุมชนบ้านปากซวด",
                "tele_station_oldcode": "FOP028",
                "tele_station_name": "สะพานทางเข้าชุมชนบ้านปากซวด",
                "waterlevel_datetime": "2025-10-04 12:00",
                "waterlevel_msl": "31.12",
                "discharge": null,
                "storage_percent": "10.45",
                "agency": "พพภ",
                "basin": "ลุ่มน้ำภาคใต้ฝั่งตะวันออกตอนบน",
                "province": "สุราษฎร์ธานี",
                "amphoe": "บ้านตาขุน",
                "tumbon": "พะแสง",
                "river_name": "คลองบางครก"
            }
        },
        {
            "type": "Feature",
            "geometry": {
                "type": "Point",
                "coordinates": [
                    98.78765,
                    14.53552
                ]
            },
            "properties": {
                "id": 1144484782,
                "station_name": "ลิ่นถิ่น",
                "tele_station_oldcode": "KRN004",
                "tele_station_name": "ลิ่นถิ่น",
                "waterlevel_datetime": "2025-10-04 12:00",
                "waterlevel_msl": "60.86",
                "discharge": null,
                "storage_percent": "9.46",
                "agency": "สสน.",
                "basin": "ลุ่มน้ำแม่กลอง",
                "province": "กาญจนบุรี",
                "amphoe": "ไทรโยค",
                "tumbon": "ไทรโยค",
                "river_name": "แม่น้ำแควน้อย"
            }
        },
        {
            "type": "Feature",
            "geometry": {
                "type": "Point",
                "coordinates": [
                    101.0289,
                    18.846592
                ]
            },
            "properties": {
                "id": 1144484458,
                "station_name": "บ้านตอง",
                "tele_station_oldcode": "FOP013",
                "tele_station_name": "บ้านตอง",
                "waterlevel_datetime": "2025-10-04 12:00",
                "waterlevel_msl": "357.08",
                "discharge": null,
                "storage_percent": "9.27",
                "agency": "พพภ",
                "basin": "ลุ่มน้ำน่าน",
                "province": "น่าน",
                "amphoe": "แม่จริม",
                "tumbon": "แม่จริม",
                "river_name": "น้ำมวบ"
            }
        },
        {
            "type": "Feature",
            "geometry": {
                "type": "Point",
                "coordinates": [
                    99.223679,
                    9.11322
                ]
            },
            "properties": {
                "id": 1144450200,
                "station_name": "บ้านท่าข้าม",
                "tele_station_oldcode": "X.5C",
                "tele_station_name": "บ้านท่าข้าม",
                "waterlevel_datetime": "2025-10-04 09:00",
                "waterlevel_msl": "0.23",
                "discharge": null,
                "storage_percent": "9.20",
                "agency": "ชป.",
                "basin": "ลุ่มน้ำภาคใต้ฝั่งตะวันออกตอนบน",
                "province": "สุราษฎร์ธานี",
                "amphoe": "พุนพิน",
                "tumbon": "ท่าข้าม",
                "river_name": "แม่น้ำตาปี"
            }
        },
        {
            "type": "Feature",
            "geometry": {
                "type": "Point",
                "coordinates": [
                    99.45519,
                    19.108244
                ]
            },
            "properties": {
                "id": 1144484477,
                "station_name": "สะพานแม่น้ำลาว",
                "tele_station_oldcode": "FOP054",
                "tele_station_name": "สะพานแม่น้ำลาว",
                "waterlevel_datetime": "2025-10-04 12:00",
                "waterlevel_msl": "663.36",
                "discharge": null,
                "storage_percent": "8.96",
                "agency": "พพภ",
                "basin": "ลุ่มน้ำโขงเหนือ",
                "province": "เชียงราย",
                "amphoe": "เวียงป่าเป้า",
                "tumbon": "แม่เจดีย์ใหม่",
                "river_name": "น้ำแม่ลาว"
            }
        },
        {
            "type": "Feature",
            "geometry": {
                "type": "Point",
                "coordinates": [
                    99.461807,
                    17.33189
                ]
            },
            "properties": {
                "id": 1144479515,
                "station_name": "ห้วยแม่มอก",
                "tele_station_oldcode": "Y.26",
                "tele_station_name": "ห้วยแม่มอก",
                "waterlevel_datetime": "2025-10-04 11:00",
                "waterlevel_msl": "102.15",
                "discharge": "12.68",
                "storage_percent": "8.67",
                "agency": "ชป.",
                "basin": "ลุ่มน้ำยม",
                "province": "ลำปาง",
                "amphoe": "เถิน",
                "tumbon": "เวียงมอก",
                "river_name": "ห้วยแม่มอก"
            }
        },
        {
            "type": "Feature",
            "geometry": {
                "type": "Point",
                "coordinates": [
                    101.15271,
                    19.432112
                ]
            },
            "properties": {
                "id": 1144484492,
                "station_name": "สะพานแม่น้ำน่าน บ้านเปียงก่อ",
                "tele_station_oldcode": "MOU025",
                "tele_station_name": "สะพานแม่น้ำน่าน บ้านเปียงก่อ",
                "waterlevel_datetime": "2025-10-04 12:00",
                "waterlevel_msl": "621.46",
                "discharge": null,
                "storage_percent": "8.01",
                "agency": "พพภ",
                "basin": "ลุ่มน้ำน่าน",
                "province": "น่าน",
                "amphoe": "เฉลิมพระเกียรติ",
                "tumbon": "ขุนน่าน",
                "river_name": "น้ำราง"
            }
        },
        {
            "type": "Feature",
            "geometry": {
                "type": "Point",
                "coordinates": [
                    99.797852,
                    8.40836
                ]
            },
            "properties": {
                "id": 1144450190,
                "station_name": "บ้านวังไทร",
                "tele_station_oldcode": "X.200",
                "tele_station_name": "บ้านวังไทร",
                "waterlevel_datetime": "2025-10-04 09:00",
                "waterlevel_msl": "31.62",
                "discharge": "3.60",
                "storage_percent": "7.87",
                "agency": "ชป.",
                "basin": "ลุ่มน้ำภาคใต้ฝั่งตะวันออกตอนบน",
                "province": "นครศรีธรรมราช",
                "amphoe": "ลานสกา",
                "tumbon": "กำโลน",
                "river_name": "คลองท่าดี"
            }
        },
        {
            "type": "Feature",
            "geometry": {
                "type": "Point",
                "coordinates": [
                    98.20056,
                    18.919397
                ]
            },
            "properties": {
                "id": 1144484484,
                "station_name": "สะพานข้ามห้วยแม่รวม บ้านแม่รวม",
                "tele_station_oldcode": "FOP064",
                "tele_station_name": "สะพานข้ามห้วยแม่รวม บ้านแม่รวม",
                "waterlevel_datetime": "2025-10-04 12:00",
                "waterlevel_msl": "1183.81",
                "discharge": null,
                "storage_percent": "6.57",
                "agency": "พพภ",
                "basin": "ลุ่มน้ำปิง",
                "province": "เชียงใหม่",
                "amphoe": "แม่แจ่ม",
                "tumbon": "แม่นาจร",
                "river_name": "น้ำแม่รวม"
            }
        },
        {
            "type": "Feature",
            "geometry": {
                "type": "Point",
                "coordinates": [
                    99.68071,
                    13.17468
                ]
            },
            "properties": {
                "id": 1144485884,
                "station_name": "บ้านจะโปรง",
                "tele_station_oldcode": "B.11",
                "tele_station_name": "บ้านจะโปรง",
                "waterlevel_datetime": "2025-10-04 12:00",
                "waterlevel_msl": "71.75",
                "discharge": null,
                "storage_percent": "6.30",
                "agency": "ชป.",
                "basin": "ลุ่มน้ำเพชรบุรี-ประจวบคีรีขันธ์",
                "province": "เพชรบุรี",
                "amphoe": "หนองหญ้าปล้อง",
                "tumbon": "หนองหญ้าปล้อง",
                "river_name": "ห้วยแม่ประจัน"
            }
        },
        {
            "type": "Feature",
            "geometry": {
                "type": "Point",
                "coordinates": [
                    99.703316,
                    8.21201
                ]
            },
            "properties": {
                "id": 1144484479,
                "station_name": "บ้านประดู่",
                "tele_station_oldcode": "FOP057",
                "tele_station_name": "บ้านประดู่",
                "waterlevel_datetime": "2025-10-04 12:00",
                "waterlevel_msl": "66.73",
                "discharge": null,
                "storage_percent": "5.98",
                "agency": "พพภ",
                "basin": "ลุ่มน้ำภาคใต้ฝั่งตะวันตก",
                "province": "นครศรีธรรมราช",
                "amphoe": "ทุ่งสง",
                "tumbon": "นาหลวงเสน",
                "river_name": "คลองท่าเลา"
            }
        },
        {
            "type": "Feature",
            "geometry": {
                "type": "Point",
                "coordinates": [
                    102.04864,
                    13.003284
                ]
            },
            "properties": {
                "id": 1144484540,
                "station_name": "สะพานคลองจันทเขลม",
                "tele_station_oldcode": "MOU471",
                "tele_station_name": "สะพานคลองจันทเขลม",
                "waterlevel_datetime": "2025-10-04 12:00",
                "waterlevel_msl": "52.30",
                "discharge": null,
                "storage_percent": "5.92",
                "agency": "พพภ",
                "basin": "ลุ่มน้ำชายฝั่งทะเลตะวันออก",
                "province": "จันทบุรี",
                "amphoe": "เขาคิชฌกูฏ",
                "tumbon": "จันทเขลม",
                "river_name": "คลองจันทบุรี"
            }
        },
        {
            "type": "Feature",
            "geometry": {
                "type": "Point",
                "coordinates": [
                    98.77956,
                    17.636518
                ]
            },
            "properties": {
                "id": 1144484926,
                "station_name": "น้ำก้อ",
                "tele_station_oldcode": "PIN011",
                "tele_station_name": "น้ำก้อ",
                "waterlevel_datetime": "2025-10-04 12:00",
                "waterlevel_msl": "257.80",
                "discharge": null,
                "storage_percent": "5.82",
                "agency": "สสน.",
                "basin": "ลุ่มน้ำปิง",
                "province": "ลำพูน",
                "amphoe": "ลี้",
                "tumbon": "ก้อ",
                "river_name": "ห้วยน้ำแม่ก้อ"
            }
        },
        {
            "type": "Feature",
            "geometry": {
                "type": "Point",
                "coordinates": [
                    99.16831,
                    9.398649
                ]
            },
            "properties": {
                "id": 1144484903,
                "station_name": "สะพานข้ามคลองไชยา",
                "tele_station_oldcode": "ONE044",
                "tele_station_name": "สะพานข้ามคลองไชยา",
                "waterlevel_datetime": "2025-10-04 12:00",
                "waterlevel_msl": "7.82",
                "discharge": null,
                "storage_percent": "5.49",
                "agency": "สสน.",
                "basin": "ลุ่มน้ำภาคใต้ฝั่งตะวันออกตอนบน",
                "province": "สุราษฎร์ธานี",
                "amphoe": "ไชยา",
                "tumbon": "เวียง",
                "river_name": "คลองไชยา"
            }
        },
        {
            "type": "Feature",
            "geometry": {
                "type": "Point",
                "coordinates": [
                    100.4312,
                    19.3372
                ]
            },
            "properties": {
                "id": 1144484516,
                "station_name": "สะพานน้ำแม่คะ ",
                "tele_station_oldcode": "MOU335",
                "tele_station_name": "สะพานน้ำแม่คะ ",
                "waterlevel_datetime": "2025-10-04 12:00",
                "waterlevel_msl": "425.01",
                "discharge": null,
                "storage_percent": "5.09",
                "agency": "พพภ",
                "basin": "ลุ่มน้ำยม",
                "province": "พะเยา",
                "amphoe": "ปง",
                "tumbon": "ผาช้างน้อย",
                "river_name": null
            }
        },
        {
            "type": "Feature",
            "geometry": {
                "type": "Point",
                "coordinates": [
                    99.420921,
                    13.78092
                ]
            },
            "properties": {
                "id": 1144485871,
                "station_name": "บ้านหนองไผ่",
                "tele_station_oldcode": "K.62",
                "tele_station_name": "บ้านหนองไผ่",
                "waterlevel_datetime": "2025-10-04 12:00",
                "waterlevel_msl": "48.96",
                "discharge": null,
                "storage_percent": "5.04",
                "agency": "ชป.",
                "basin": "ลุ่มน้ำแม่กลอง",
                "province": "กาญจนบุรี",
                "amphoe": "ด่านมะขามเตี้ย",
                "tumbon": "หนองไผ่",
                "river_name": "ลำภาชี"
            }
        },
        {
            "type": "Feature",
            "geometry": {
                "type": "Point",
                "coordinates": [
                    101.05586,
                    5.785542
                ]
            },
            "properties": {
                "id": 1144484536,
                "station_name": "คลองเบตง (ชุมชนกุนุงจนอง)",
                "tele_station_oldcode": "MOU454",
                "tele_station_name": "คลองเบตง (ชุมชนกุนุงจนอง)",
                "waterlevel_datetime": "2025-10-04 12:00",
                "waterlevel_msl": "281.87",
                "discharge": null,
                "storage_percent": "4.66",
                "agency": "พพภ",
                "basin": "ลุ่มน้ำภาคใต้ฝั่งตะวันออกตอนล่าง",
                "province": "ยะลา",
                "amphoe": "เบตง",
                "tumbon": "เบตง",
                "river_name": "คลองตาโล๊ะ"
            }
        },
        {
            "type": "Feature",
            "geometry": {
                "type": "Point",
                "coordinates": [
                    99.87421,
                    7.889563
                ]
            },
            "properties": {
                "id": 1144484469,
                "station_name": "สะพานห้วยน้ำใส",
                "tele_station_oldcode": "FOP036",
                "tele_station_name": "สะพานห้วยน้ำใส",
                "waterlevel_datetime": "2025-10-04 12:00",
                "waterlevel_msl": "23.79",
                "discharge": null,
                "storage_percent": "2.81",
                "agency": "พพภ",
                "basin": "ลุ่มน้ำภาคใต้ฝั่งตะวันออกตอนบน",
                "province": "นครศรีธรรมราช",
                "amphoe": "ชะอวด",
                "tumbon": "เกาะขันธ์",
                "river_name": "คลองไม้เสียบ"
            }
        },
        {
            "type": "Feature",
            "geometry": {
                "type": "Point",
                "coordinates": [
                    100.93809,
                    18.484377
                ]
            },
            "properties": {
                "id": 1144484500,
                "station_name": "สะพานน้ำมวบ บ้านน้ำมวบ",
                "tele_station_oldcode": "MOU053",
                "tele_station_name": "สะพานน้ำมวบ บ้านน้ำมวบ",
                "waterlevel_datetime": "2025-10-04 12:00",
                "waterlevel_msl": "291.30",
                "discharge": null,
                "storage_percent": "2.46",
                "agency": "พพภ",
                "basin": "ลุ่มน้ำน่าน",
                "province": "น่าน",
                "amphoe": "เวียงสา",
                "tumbon": "น้ำมวบ",
                "river_name": "น้ำมวบ"
            }
        },
        {
            "type": "Feature",
            "geometry": {
                "type": "Point",
                "coordinates": [
                    99.60874,
                    8.935932
                ]
            },
            "properties": {
                "id": 1144484467,
                "station_name": "สะพานข้ามคลองหวาด",
                "tele_station_oldcode": "FOP030",
                "tele_station_name": "สะพานข้ามคลองหวาด",
                "waterlevel_datetime": "2025-10-04 12:00",
                "waterlevel_msl": "66.68",
                "discharge": null,
                "storage_percent": "2.03",
                "agency": "พพภ",
                "basin": "ลุ่มน้ำภาคใต้ฝั่งตะวันออกตอนบน",
                "province": "สุราษฎร์ธานี",
                "amphoe": "กาญจนดิษฐ์",
                "tumbon": "คลองสระ",
                "river_name": "คลองหวาด"
            }
        },
        {
            "type": "Feature",
            "geometry": {
                "type": "Point",
                "coordinates": [
                    99.633125,
                    9.021284
                ]
            },
            "properties": {
                "id": 1144484466,
                "station_name": "สะพานบ้านสวนปราง",
                "tele_station_oldcode": "FOP029",
                "tele_station_name": "สะพานบ้านสวนปราง",
                "waterlevel_datetime": "2025-10-04 12:00",
                "waterlevel_msl": "42.16",
                "discharge": null,
                "storage_percent": "1.97",
                "agency": "พพภ",
                "basin": "ลุ่มน้ำภาคใต้ฝั่งตะวันออกตอนบน",
                "province": "สุราษฎร์ธานี",
                "amphoe": "กาญจนดิษฐ์",
                "tumbon": "คลองสระ",
                "river_name": "คลองสระ"
            }
        },
        {
            "type": "Feature",
            "geometry": {
                "type": "Point",
                "coordinates": [
                    99.50559,
                    19.173225
                ]
            },
            "properties": {
                "id": 1144484486,
                "station_name": "สะพานช้ามแม่น้ำลาว - บ้านโฮ่ง ",
                "tele_station_oldcode": "FOP066",
                "tele_station_name": "สะพานช้ามแม่น้ำลาว - บ้านโฮ่ง ",
                "waterlevel_datetime": "2025-10-04 12:00",
                "waterlevel_msl": "587.70",
                "discharge": null,
                "storage_percent": "1.91",
                "agency": "พพภ",
                "basin": "ลุ่มน้ำโขงเหนือ",
                "province": "เชียงราย",
                "amphoe": "เวียงป่าเป้า",
                "tumbon": "แม่เจดีย์ใหม่",
                "river_name": "น้ำแม่ลาว"
            }
        },
        {
            "type": "Feature",
            "geometry": {
                "type": "Point",
                "coordinates": [
                    98.82688,
                    18.885847
                ]
            },
            "properties": {
                "id": 1144484489,
                "station_name": "สะพานน้ำแม่สา",
                "tele_station_oldcode": "MOU009",
                "tele_station_name": "สะพานน้ำแม่สา",
                "waterlevel_datetime": "2025-10-04 12:00",
                "waterlevel_msl": "735.27",
                "discharge": null,
                "storage_percent": "1.85",
                "agency": "พพภ",
                "basin": "ลุ่มน้ำปิง",
                "province": "เชียงใหม่",
                "amphoe": "แม่ริม",
                "tumbon": "โป่งแยง",
                "river_name": "น้ำแม่สา"
            }
        },
        {
            "type": "Feature",
            "geometry": {
                "type": "Point",
                "coordinates": [
                    101.27802,
                    6.411655
                ]
            },
            "properties": {
                "id": 1144484475,
                "station_name": "สะพานข้ามแม่น้ำปัตตานี",
                "tele_station_oldcode": "FOP045",
                "tele_station_name": "สะพานข้ามแม่น้ำปัตตานี",
                "waterlevel_datetime": "2025-10-04 12:00",
                "waterlevel_msl": "6.28",
                "discharge": null,
                "storage_percent": "1.72",
                "agency": "พพภ",
                "basin": "ลุ่มน้ำภาคใต้ฝั่งตะวันออกตอนล่าง",
                "province": "ยะลา",
                "amphoe": "กรงปินัง",
                "tumbon": "กรงปินัง",
                "river_name": "แม่น้ำปัตตานี"
            }
        },
        {
            "type": "Feature",
            "geometry": {
                "type": "Point",
                "coordinates": [
                    99.4704,
                    15.90176
                ]
            },
            "properties": {
                "id": 1144485001,
                "station_name": "สะพานแม่วงก์",
                "tele_station_oldcode": "SKG005",
                "tele_station_name": "สะพานแม่วงก์",
                "waterlevel_datetime": "2025-10-04 12:00",
                "waterlevel_msl": "108.92",
                "discharge": null,
                "storage_percent": "0.16",
                "agency": "สสน.",
                "basin": "ลุ่มน้ำสะแกกรัง",
                "province": "กำแพงเพชร",
                "amphoe": "ขาณุวรลักษบุรี",
                "tumbon": "ปางมะค่า",
                "river_name": "แม่น้ำแม่วงก์"
            }
        },
        {
            "type": "Feature",
            "geometry": {
                "type": "Point",
                "coordinates": [
                    99.700867,
                    12.81504
                ]
            },
            "properties": {
                "id": 1144485881,
                "station_name": "บ้านโพรงเข้",
                "tele_station_oldcode": "B.8A",
                "tele_station_name": "บ้านโพรงเข้",
                "waterlevel_datetime": "2025-10-04 12:00",
                "waterlevel_msl": "39.30",
                "discharge": null,
                "storage_percent": "-0.66",
                "agency": "ชป.",
                "basin": "ลุ่มน้ำเพชรบุรี-ประจวบคีรีขันธ์",
                "province": "เพชรบุรี",
                "amphoe": "ท่ายาง",
                "tumbon": "กลัดหลวง",
                "river_name": "ห้วยผาก"
            }
        },
        {
            "type": "Feature",
            "geometry": {
                "type": "Point",
                "coordinates": [
                    101.251309,
                    6.859914
                ]
            },
            "properties": {
                "id": 1144470939,
                "station_name": "สะพานเมืองปัตตานี อ.เมือง จ.ปัตตานี",
                "tele_station_oldcode": "BLGTD05",
                "tele_station_name": "สะพานเมืองปัตตานี อ.เมือง จ.ปัตตานี",
                "waterlevel_datetime": "2025-10-04 11:00",
                "waterlevel_msl": "-0.04",
                "discharge": null,
                "storage_percent": "-3.22",
                "agency": "กฟผ.",
                "basin": "ลุ่มน้ำภาคใต้ฝั่งตะวันออกตอนล่าง",
                "province": "ปัตตานี",
                "amphoe": "เมืองปัตตานี",
                "tumbon": "จะบังติกอ",
                "river_name": "แม่น้ำปัตตานี"
            }
        },
        {
            "type": "Feature",
            "geometry": {
                "type": "Point",
                "coordinates": [
                    99.50327,
                    18.810114
                ]
            },
            "properties": {
                "id": 1144484529,
                "station_name": "สะพานคลองแม่มอญ",
                "tele_station_oldcode": "MOU373",
                "tele_station_name": "สะพานคลองแม่มอญ",
                "waterlevel_datetime": "2025-10-04 12:00",
                "waterlevel_msl": "353.42",
                "discharge": null,
                "storage_percent": "-4.41",
                "agency": "พพภ",
                "basin": "ลุ่มน้ำวัง",
                "province": "ลำปาง",
                "amphoe": "เมืองปาน",
                "tumbon": "แจ้ซ้อน",
                "river_name": null
            }
        },
        {
            "type": "Feature",
            "geometry": {
                "type": "Point",
                "coordinates": [
                    99.88953,
                    17.219593
                ]
            },
            "properties": {
                "id": 1144484901,
                "station_name": "สะพานข้ามแม่น้ำยมสายเก่า-วัดปากน้ำ",
                "tele_station_oldcode": "ONE041",
                "tele_station_name": "สะพานข้ามแม่น้ำยมสายเก่า-วัดปากน้ำ",
                "waterlevel_datetime": "2025-10-04 12:00",
                "waterlevel_msl": "52.56",
                "discharge": null,
                "storage_percent": "-6.04",
                "agency": "สสน.",
                "basin": "ลุ่มน้ำยม",
                "province": "สุโขทัย",
                "amphoe": "สวรรคโลก",
                "tumbon": "ปากน้ำ",
                "river_name": "คลองแม่น้ำเก่า"
            }
        },
        {
            "type": "Feature",
            "geometry": {
                "type": "Point",
                "coordinates": [
                    99.483528,
                    15.51829
                ]
            },
            "properties": {
                "id": 1144398777,
                "station_name": "บ้านบุ่งอ้ายเจี้ยม",
                "tele_station_oldcode": "Ct.9",
                "tele_station_name": "บ้านบุ่งอ้ายเจี้ยม",
                "waterlevel_datetime": "2025-10-04 06:00",
                "waterlevel_msl": "122.24",
                "discharge": null,
                "storage_percent": "-6.95",
                "agency": "ชป.",
                "basin": "ลุ่มน้ำสะแกกรัง",
                "province": "อุทัยธานี",
                "amphoe": "ลานสัก",
                "tumbon": "ระบำ",
                "river_name": "ห้วยทับเสลา"
            }
        },
        {
            "type": "Feature",
            "geometry": {
                "type": "Point",
                "coordinates": [
                    98.98699,
                    10.077671
                ]
            },
            "properties": {
                "id": 1144484877,
                "station_name": "สะพานข้ามคลองตะโก",
                "tele_station_oldcode": "ONE004",
                "tele_station_name": "สะพานข้ามคลองตะโก",
                "waterlevel_datetime": "2025-10-04 12:00",
                "waterlevel_msl": "66.85",
                "discharge": null,
                "storage_percent": "-11.00",
                "agency": "สสน.",
                "basin": "ลุ่มน้ำภาคใต้ฝั่งตะวันออกตอนบน",
                "province": "ชุมพร",
                "amphoe": "ทุ่งตะโก",
                "tumbon": "ตะโก",
                "river_name": "คลองตะโก"
            }
        },
        {
            "type": "Feature",
            "geometry": {
                "type": "Point",
                "coordinates": [
                    100.48371,
                    19.97528
                ]
            },
            "properties": {
                "id": 1144484706,
                "station_name": "ห้วยผาตั้ง",
                "tele_station_oldcode": "CHR007",
                "tele_station_name": "ห้วยผาตั้ง",
                "waterlevel_datetime": "2025-10-04 12:00",
                "waterlevel_msl": "458.22",
                "discharge": null,
                "storage_percent": "-19.67",
                "agency": "สสน.",
                "basin": "ลุ่มน้ำโขงเหนือ",
                "province": "เชียงราย",
                "amphoe": "เวียงแก่น",
                "tumbon": "ปอ",
                "river_name": "ห้วยผาดัง"
            }
        },
        {
            "type": "Feature",
            "geometry": {
                "type": "Point",
                "coordinates": [
                    99.934341,
                    19.16588
                ]
            },
            "properties": {
                "id": 1144419101,
                "station_name": "บ้านเจดีย์งาม",
                "tele_station_oldcode": "I.17",
                "tele_station_name": "บ้านเจดีย์งาม",
                "waterlevel_datetime": "2025-10-04 06:00",
                "waterlevel_msl": "387.79",
                "discharge": "13.45",
                "storage_percent": null,
                "agency": "ชป.",
                "basin": "ลุ่มน้ำโขงเหนือ",
                "province": "พะเยา",
                "amphoe": "ดอกคำใต้",
                "tumbon": "ดอกคำใต้",
                "river_name": "ร่องค้าน"
            }
        },
        {
            "type": "Feature",
            "geometry": {
                "type": "Point",
                "coordinates": [
                    99.82503,
                    19.35092
                ]
            },
            "properties": {
                "id": 1144484939,
                "station_name": "ฝายพับได้หนองเล็งทราย",
                "tele_station_oldcode": "PYO002",
                "tele_station_name": "ฝายพับได้หนองเล็งทราย",
                "waterlevel_datetime": "2025-10-04 12:00",
                "waterlevel_msl": "399.79",
                "discharge": null,
                "storage_percent": null,
                "agency": "สสน.",
                "basin": "ลุ่มน้ำโขงเหนือ",
                "province": "พะเยา",
                "amphoe": "แม่ใจ",
                "tumbon": "บ้านเหล่า",
                "river_name": "ห้วยชมพู"
            }
        },
        {
            "type": "Feature",
            "geometry": {
                "type": "Point",
                "coordinates": [
                    99.602303,
                    11.49674
                ]
            },
            "properties": {
                "id": 1144482605,
                "station_name": "บ้านกลาง",
                "tele_station_oldcode": "Gt.9",
                "tele_station_name": "บ้านกลาง",
                "waterlevel_datetime": "2025-10-04 11:00",
                "waterlevel_msl": "7.07",
                "discharge": null,
                "storage_percent": null,
                "agency": "ชป.",
                "basin": "ลุ่มน้ำเพชรบุรี-ประจวบคีรีขันธ์",
                "province": "ประจวบคีรีขันธ์",
                "amphoe": "ทับสะแก",
                "tumbon": "นาหูกวาง",
                "river_name": "คลองทับสะแก"
            }
        },
        {
            "type": "Feature",
            "geometry": {
                "type": "Point",
                "coordinates": [
                    99.519218,
                    11.40416
                ]
            },
            "properties": {
                "id": 1144485872,
                "station_name": "บ้านหนองหญ้าปล้อง",
                "tele_station_oldcode": "Gt.10",
                "tele_station_name": "บ้านหนองหญ้าปล้อง",
                "waterlevel_datetime": "2025-10-04 12:00",
                "waterlevel_msl": "23.44",
                "discharge": "4.30",
                "storage_percent": null,
                "agency": "ชป.",
                "basin": "ลุ่มน้ำเพชรบุรี-ประจวบคีรีขันธ์",
                "province": "ประจวบคีรีขันธ์",
                "amphoe": "บางสะพาน",
                "tumbon": "ชัยเกษม",
                "river_name": "คลองหนองหญ้าปล้อง"
            }
        },
        {
            "type": "Feature",
            "geometry": {
                "type": "Point",
                "coordinates": [
                    97.945213,
                    19.27033
                ]
            },
            "properties": {
                "id": 1144398078,
                "station_name": "บ้านท่าโป่งแดง",
                "tele_station_oldcode": "Sw.5A",
                "tele_station_name": "บ้านท่าโป่งแดง",
                "waterlevel_datetime": "2025-10-04 06:00",
                "waterlevel_msl": "177.90",
                "discharge": "233.50",
                "storage_percent": null,
                "agency": "ชป.",
                "basin": "ลุ่มน้ำสาละวิน",
                "province": "แม่ฮ่องสอน",
                "amphoe": "เมืองแม่ฮ่องสอน",
                "tumbon": "ผาบ่อง",
                "river_name": "แม่น้ำปาย"
            }
        },
        {
            "type": "Feature",
            "geometry": {
                "type": "Point",
                "coordinates": [
                    99.78846,
                    12.09765
                ]
            },
            "properties": {
                "id": 1144485886,
                "station_name": "บ้านทุ่งแฝก",
                "tele_station_oldcode": "Ky.3",
                "tele_station_name": "บ้านทุ่งแฝก",
                "waterlevel_datetime": "2025-10-04 12:00",
                "waterlevel_msl": "20.25",
                "discharge": "0.25",
                "storage_percent": null,
                "agency": "ชป.",
                "basin": "ลุ่มน้ำเพชรบุรี-ประจวบคีรีขันธ์",
                "province": "ประจวบคีรีขันธ์",
                "amphoe": "กุยบุรี",
                "tumbon": "หาดขาม",
                "river_name": "แม่น้ำกุยบุรี"
            }
        },
        {
            "type": "Feature",
            "geometry": {
                "type": "Point",
                "coordinates": [
                    103.012627,
                    15.43527
                ]
            },
            "properties": {
                "id": 1144478800,
                "station_name": "บ้านวังปลัด",
                "tele_station_oldcode": "M.104",
                "tele_station_name": "บ้านวังปลัด",
                "waterlevel_datetime": "2025-10-04 11:00",
                "waterlevel_msl": "136.14",
                "discharge": "541.70",
                "storage_percent": null,
                "agency": "ชป.",
                "basin": "ลุ่มน้ำมูล",
                "province": "บุรีรัมย์",
                "amphoe": "คูเมือง",
                "tumbon": "บ้านแพ",
                "river_name": "แม่น้ำมูล"
            }
        },
        {
            "type": "Feature",
            "geometry": {
                "type": "Point",
                "coordinates": [
                    99.235022,
                    14.233779
                ]
            },
            "properties": {
                "id": 1144471337,
                "station_name": "เขื่อนท่าทุ่งนา",
                "tele_station_oldcode": "MKSND01",
                "tele_station_name": "เขื่อนท่าทุ่งนา",
                "waterlevel_datetime": "2025-10-04 11:00",
                "waterlevel_msl": "57.95",
                "discharge": null,
                "storage_percent": null,
                "agency": "กฟผ.",
                "basin": "ลุ่มน้ำแม่กลอง",
                "province": "กาญจนบุรี",
                "amphoe": "เมืองกาญจนบุรี",
                "tumbon": "ช่องสะเดา",
                "river_name": "อ่างเก็บน้ำท่าทุ่งนา"
            }
        },
        {
            "type": "Feature",
            "geometry": {
                "type": "Point",
                "coordinates": [
                    99.911247,
                    12.38995
                ]
            },
            "properties": {
                "id": 1144485887,
                "station_name": "บ้านเขาน้อย",
                "tele_station_oldcode": "Pr.1",
                "tele_station_name": "บ้านเขาน้อย",
                "waterlevel_datetime": "2025-10-04 12:00",
                "waterlevel_msl": "1.98",
                "discharge": null,
                "storage_percent": null,
                "agency": "ชป.",
                "basin": "ลุ่มน้ำเพชรบุรี-ประจวบคีรีขันธ์",
                "province": "ประจวบคีรีขันธ์",
                "amphoe": "ปราณบุรี",
                "tumbon": "เขาน้อย",
                "river_name": "แม่น้ำปราณบุรี"
            }
        },
        {
            "type": "Feature",
            "geometry": {
                "type": "Point",
                "coordinates": [
                    99.80203,
                    8.40118
                ]
            },
            "properties": {
                "id": 1144485016,
                "station_name": "โรงเรียนวัดโคกโพธิ์สถิตย์",
                "tele_station_oldcode": "TADE01",
                "tele_station_name": "โรงเรียนวัดโคกโพธิ์สถิตย์",
                "waterlevel_datetime": "2025-10-04 12:00",
                "waterlevel_msl": "23.49",
                "discharge": null,
                "storage_percent": null,
                "agency": "สสน.",
                "basin": "ลุ่มน้ำภาคใต้ฝั่งตะวันออกตอนบน",
                "province": "นครศรีธรรมราช",
                "amphoe": "ลานสกา",
                "tumbon": "กำโลน",
                "river_name": "คลองท่าดี"
            }
        },
        {
            "type": "Feature",
            "geometry": {
                "type": "Point",
                "coordinates": [
                    99.15219,
                    15.27736
                ]
            },
            "properties": {
                "id": 1144471339,
                "station_name": "หน่วยพิทักษ์ป่าเขาบันได",
                "tele_station_oldcode": "MKSNU03",
                "tele_station_name": "หน่วยพิทักษ์ป่าเขาบันได",
                "waterlevel_datetime": "2025-10-04 11:00",
                "waterlevel_msl": "210.60",
                "discharge": null,
                "storage_percent": null,
                "agency": "กฟผ.",
                "basin": "ลุ่มน้ำแม่กลอง",
                "province": "อุทัยธานี",
                "amphoe": "บ้านไร่",
                "tumbon": "แก่นมะกรูด",
                "river_name": "ห้วยแม่ดี"
            }
        },
        {
            "type": "Feature",
            "geometry": {
                "type": "Point",
                "coordinates": [
                    101.273116,
                    6.153667
                ]
            },
            "properties": {
                "id": 1144470941,
                "station_name": "เขื่อนบางลาง อ.บันนังสตา จ.ยะลา",
                "tele_station_oldcode": "BLGTU05",
                "tele_station_name": "เขื่อนบางลาง อ.บันนังสตา จ.ยะลา",
                "waterlevel_datetime": "2025-10-04 11:00",
                "waterlevel_msl": "96.13",
                "discharge": null,
                "storage_percent": null,
                "agency": "กฟผ.",
                "basin": "ลุ่มน้ำภาคใต้ฝั่งตะวันออกตอนล่าง",
                "province": "ยะลา",
                "amphoe": "บันนังสตา",
                "tumbon": "เขื่อนบางลาง",
                "river_name": "แม่น้ำปัตตานี"
            }
        },
        {
            "type": "Feature",
            "geometry": {
                "type": "Point",
                "coordinates": [
                    101.309167,
                    6.143055
                ]
            },
            "properties": {
                "id": 1144470940,
                "station_name": "ฝายละแอ อ.บันนังสตา จ.ยะลา",
                "tele_station_oldcode": "BLGTU06",
                "tele_station_name": "ฝายละแอ อ.บันนังสตา จ.ยะลา",
                "waterlevel_datetime": "2025-10-04 11:00",
                "waterlevel_msl": "331.75",
                "discharge": null,
                "storage_percent": null,
                "agency": "กฟผ.",
                "basin": "ลุ่มน้ำภาคใต้ฝั่งตะวันออกตอนล่าง",
                "province": "ยะลา",
                "amphoe": "บันนังสตา",
                "tumbon": "เขื่อนบางลาง",
                "river_name": "คลองละแอ"
            }
        },
        {
            "type": "Feature",
            "geometry": {
                "type": "Point",
                "coordinates": [
                    101.070473,
                    14.28644
                ]
            },
            "properties": {
                "id": 1144480793,
                "station_name": "บ้านป่าขะ",
                "tele_station_oldcode": "Ny.3",
                "tele_station_name": "บ้านป่าขะ",
                "waterlevel_datetime": "2025-10-04 11:00",
                "waterlevel_msl": "10.54",
                "discharge": "60.40",
                "storage_percent": null,
                "agency": "ชป.",
                "basin": "ลุ่มน้ำบางปะกง",
                "province": "นครนายก",
                "amphoe": "บ้านนา",
                "tumbon": "ป่าขะ",
                "river_name": "คลองห้วยถ่าน"
            }
        }
    ]
}